Allocation,Patron Department,Patron Email,Renewal Count,Actual Start,Scheduled End,Actual End,Duration,Resource Count,Summary
2867825,,@fixture.edu,0,10/10/2024 12:24 PM,10/11/2024 9:30 PM,10/11/2024 7:34 PM,112200,7,Returned: RODE WIRELESS MIC - RODE WIRELESS-100000 | NIKON Z6 III BATTERY CHARGER - NIKON Z6III CHRG-100001 | PANASONIC S5 II BATTERY CHARGER - PANA S5II CHRG-100002 | NIKON Z6 III BATTERY CHARGER - NIKON Z6III CHRG-100003 | META QUEST CHARGING CABLE - MQUEST CABLE-100004 | LAPTOP SLEEVE CASE - LAPTOP SLEEVE-100005 | INSTA360 X4 CASE - INSTA X4 CASE-100006 | 
1419610,,@fixture.edu,0,10/17/2024 12:32 PM,10/22/2024 9:30 PM,10/22/2024 1:16 PM,434640,7,Returned: USB-C MULTIPORT HUB - USBC HUB-100007 | LEXAR 128GB CF CARD - LEXAR CF128-100008 | HDMI CABLE 10FT - HDMI10-100009 | PANASONIC S5 II BATTERY CHARGER - PANA S5II CHRG-100010 | ZOOM H5 RECORDER CASE - ZOOM H5 CASE-100011 | EXTENSION CORD 10FT - EXTCORD10-100012 | CARD READER - CARDRDR-100013 | 
5614226,,@fixture.edu,0,10/22/2024 4:48 PM,10/29/2024 9:30 PM,10/29/2024 1:13 PM,591900,7,Returned: ZOOM H5 RECORDER - ZOOM H5-100014 | FUJIFILM 18-55mm LENS - FUJI 1855 LENS-100015 | XLR CABLE 15FT - XLR15-100016 | EQUIPMENT CRATE 12x12 - CRATE12-100017 | BENQ DATA PROJECTOR - BENQ PROJ-100018 | META QUEST HEADSET - MQUEST HS-100019 | XLR CABLE 25FT - XLR25-100020 | 
5108603,,@fixture.edu,0,10/31/2024 8:35 AM,11/01/2024 9:30 PM,12/06/2024 5:10 PM,3141300,8,Returned: INSTA360 X4 BATTERY - INSTA X4 BATT-100021 | MACBOOK AIR CHARGING CABLE - MBA CABLE-100022 | MACBOOK AIR CHARGING CABLE - MBA CABLE-100023 | META QUEST CONTROLLER - MQUEST CTRL-100024 | LAPTOP SLEEVE CASE - LAPTOP SLEEVE-100025 | LOGITECH WEBCAM - LOGI WEBCAM-100026 | EPSON PROJECTOR HDMI CABLE - EPSON PROJ HDMI-100027 | FUJIFILM X-T5 BODY - FUJI XT5-100028 | 
4744854,,@fixture.edu,0,11/07/2024 7:50 AM,11/08/2024 9:30 PM,11/07/2024 7:14 PM,41040,8,Returned: WACOM ONE TABLET - WACOM ONE-100029 | LOGITECH WIRELESS MOUSE - LOGI MOUSE-100030 | USB-C TO HDMI ADAPTER - USBC HDMI-100031 | RODE MIC BATTERY - RODE MIC BATT-100032 | FUJIFILM X-T5 BODY - FUJI XT5-100033 | GODOX LIGHT STAND - GODOX STAND-100034 | RODE WIRELESS MIC - RODE WIRELESS-100035 | WACOM ONE TABLET - WACOM ONE-100036 | 
3341057,,@fixture.edu,0,11/14/2024 10:20 AM,11/15/2024 9:30 PM,11/15/2024 7:28 PM,119280,8,Returned: DELL XPS LAPTOP - DELL XPS-100037 | GODOX POWER SUPPLY - GODOX PSU-100038 | ZOOM H5 RECORDER CASE - ZOOM H5 CASE-100039 | NIKON Z6 III BATTERY CHARGER - NIKON Z6III CHRG-100040 | CARD READER - CARDRDR-100041 | ZOOM H5 RECORDER CASE - ZOOM H5 CASE-100042 | INSTA360 X4 CASE - INSTA X4 CASE-100043 | MANFROTTO TRIPOD CASE - MANFRO CASE-100044 | 
2719583,,@fixture.edu,0,11/21/2024 9:08 AM,11/22/2024 9:30 PM,11/22/2024 8:08 PM,126000,8,Returned: INSTA360 X4 BATTERY - INSTA X4 BATT-100045 | INSTA360 X4 CAMERA - INSTA X4-100046 | FUJIFILM X-T5 BODY - FUJI XT5-100047 | GODOX LED LIGHT PANEL - GODOX LED-100048 | ZOOM H5 RECORDER CASE - ZOOM H5 CASE-100049 | LOGITECH WEBCAM - LOGI WEBCAM-100050 | GODOX POWER SUPPLY - GODOX PSU-100051 | INSTA360 X4 CAMERA - INSTA X4-100052 | 
2458591,,@fixture.edu,0,12/05/2024 9:02 AM,12/06/2024 9:30 PM,12/06/2024 5:12 PM,115800,8,Returned: OLYMPUS OM-D E-M1 BODY - OLY EM1-100053 | WACOM ONE TABLET - WACOM ONE-100054 | EXTENSION CORD 10FT - EXTCORD10-100055 | NIKON Z6 III BATTERY - NIKON Z6III BATT-100056 | NIKON Z6 III CAMERA CASE - NIKON Z6III CASE-100057 | EXTENSION CORD 10FT - EXTCORD10-100058 | XLR CABLE 15FT - XLR15-100059 | XLR CABLE 25FT - XLR25-100060 | 
8078673,,@fixture.edu,0,12/12/2024 7:58 AM,12/13/2024 9:30 PM,12/12/2024 4:32 PM,30840,7,Returned: WACOM CINTIQ TABLET - WACOM CINTIQ-100061 | WACOM ONE TABLET - WACOM ONE-100062 | GODOX POWER SUPPLY - GODOX PSU-100063 | INSTA360 X4 CAMERA - INSTA X4-100064 | XLR CABLE 15FT - XLR15-100065 | HDMI CABLE 10FT - HDMI10-100066 | WACOM CINTIQ TABLET - WACOM CINTIQ-100067 | 
1533224,,@fixture.edu,0,10/02/2024 1:47 PM,10/02/2024 6:45 PM,10/02/2024 7:10 PM,19380,50,Returned: USB-C MULTIPORT HUB - USBC HUB-100068 | XLR CABLE 25FT - XLR25-100069 | GODOX LED LIGHT PANEL - GODOX LED-100070 | LEXAR 128GB CF CARD - LEXAR CF128-100071 | FUJIFILM 18-55mm LENS - FUJI 1855 LENS-100072 | BENQ DATA PROJECTOR - BENQ PROJ-100073 | MACBOOK AIR CHARGING CABLE - MBA CABLE-100074 | XLR CABLE 25FT - XLR25-100075 | USB-C TO HDMI ADAPTER - USBC HDMI-100076 | MANFROTTO TRIPOD - MANFRO TRIPOD-100077 | MANFROTTO TRIPOD - MANFRO TRIPOD-100078 | DELL XPS LAPTOP CHARGER - DELL XPS CHRG-100079 | INSTA360 X4 CASE - INSTA X4 CASE-100080 | MANFROTTO TRIPOD CASE - MANFRO CASE-100081 | META QUEST CONTROLLER - MQUEST CTRL-100082 | MACBOOK AIR CHARGING CABLE - MBA CABLE-100083 | FUJIFILM 18-55mm LENS - FUJI 1855 LENS-100084 | USB KEYBOARD - USB KYBD-100085 | DELL XPS LAPTOP CHARGER - DELL XPS CHRG-100086 | META QUEST HEADSET - MQUEST HS-100087 | DELL XPS LAPTOP CHARGER - DELL XPS CHRG-100088 | FUJIFILM X-T5 BODY - FUJI XT5-100089 | GODOX POWER SUPPLY - GODOX PSU-100090 | USB KEYBOARD - USB KYBD-100091 | RODE MIC BATTERY - RODE MIC BATT-100092 | ZOOM H5 RECORDER CASE - ZOOM H5 CASE-100093 | NIKON Z6 III CAMERA CASE - NIKON Z6III CASE-100094 | USB-C MULTIPORT HUB - USBC HUB-100095 | META QUEST HEADSET - MQUEST HS-100096 | USB KEYBOARD - USB KYBD-100097 | EPSON PROJECTOR HDMI CABLE - EPSON PROJ HDMI-100098 | META QUEST CHARGING CABLE - MQUEST CABLE-100099 | GODOX LED LIGHT PANEL - GODOX LED-100100 | POWER STRIP - PWRSTRIP-100101 | MACBOOK AIR CHARGING CABLE - MBA CABLE-100102 | FUJIFILM 18-55mm LENS - FUJI 1855 LENS-100103 | SANDISK 64GB SD CARD - SANDISK 64SD-100104 | OLYMPUS OM-D E-M1 BODY - OLY EM1-100105 | POWER STRIP - PWRSTRIP-100106 | NIKON Z6 III BATTERY - NIKON Z6III BATT-100107 | USB-C TO HDMI ADAPTER - USBC HDMI-100108 | XLR CABLE 15FT - XLR15-100109 | LOGITECH WEBCAM - LOGI WEBCAM-100110 | USB-C TO HDMI ADAPTER - USBC HDMI-100111 | WACOM ONE TABLET - WACOM ONE-100112 | FUJIFILM X-T5 BODY - FUJI XT5-100113 | RODE MIC BATTERY - RODE MIC BATT-100114 | INSTA360 X4 CASE - INSTA X4 CASE-100115 | EPSON PROJECTOR HDMI CABLE - EPSON PROJ HDMI-100116 | LAPTOP SLEEVE CASE - LAPTOP SLEEVE-100117 | 
1499914,,@fixture.edu,0,10/07/2024 1:53 PM,10/07/2024 6:45 PM,10/07/2024 7:00 PM,18420,50,Returned: EXTENSION CORD 10FT - EXTCORD10-100118 | LOGITECH WIRELESS MOUSE - LOGI MOUSE-100119 | FUJIFILM X-T5 BODY - FUJI XT5-100120 | INSTA360 X4 BATTERY - INSTA X4 BATT-100121 | GODOX LED LIGHT PANEL - GODOX LED-100122 | DELL XPS LAPTOP CHARGER - DELL XPS CHRG-100123 | GODOX POWER SUPPLY - GODOX PSU-100124 | ZOOM H5 RECORDER - ZOOM H5-100125 | EQUIPMENT CRATE 12x12 - CRATE12-100126 | EXTENSION CORD 10FT - EXTCORD10-100127 | GODOX LED LIGHT PANEL - GODOX LED-100128 | PANASONIC S5 II BATTERY CHARGER - PANA S5II CHRG-100129 | INSTA360 X4 BATTERY - INSTA X4 BATT-100130 | DELL XPS LAPTOP - DELL XPS-100131 | META QUEST CONTROLLER - MQUEST CTRL-100132 | NIKON Z6 III CAMERA CASE - NIKON Z6III CASE-100133 | FUJIFILM 18-55mm LENS - FUJI 1855 LENS-100134 | OLYMPUS 12-40mm LENS - OLY 1240 LENS-100135 | PANASONIC S5 II BODY - PANA S5II-100136 | RODE MIC BATTERY - RODE MIC BATT-100137 | EPSON PROJECTOR HDMI CABLE - EPSON PROJ HDMI-100138 | ZOOM H5 RECORDER CASE - ZOOM H5 CASE-100139 | META QUEST CHARGING CABLE - MQUEST CABLE-100140 | META QUEST HEADSET - MQUEST HS-100141 | USB KEYBOARD - USB KYBD-100142 | LEXAR 128GB CF CARD - LEXAR CF128-100143 | HUION DRAWING TABLET - HUION TABLET-100144 | USB-C TO HDMI ADAPTER - USBC HDMI-100145 | FUJIFILM 18-55mm LENS - FUJI 1855 LENS-100146 | RODE WIRELESS MIC - RODE WIRELESS-100147 | USB-C MULTIPORT HUB - USBC HUB-100148 | MACBOOK AIR CHARGING CABLE - MBA CABLE-100149 | PANASONIC S5 II BODY - PANA S5II-100150 | META QUEST CHARGING CABLE - MQUEST CABLE-100151 | OLYMPUS 12-40mm LENS - OLY 1240 LENS-100152 | GODOX LIGHT STAND - GODOX STAND-100153 | EPSON PROJECTOR HDMI CABLE - EPSON PROJ HDMI-100154 | WACOM ONE TABLET - WACOM ONE-100155 | USB KEYBOARD - USB KYBD-100156 | USB-C TO HDMI ADAPTER - USBC HDMI-100157 | LOGITECH WIRELESS MOUSE - LOGI MOUSE-100158 | NIKON Z6 III BATTERY - NIKON Z6III BATT-100159 | NIKON Z6 III BATTERY CHARGER - NIKON Z6III CHRG-100160 | GODOX LED LIGHT PANEL - GODOX LED-100161 | WACOM CINTIQ TABLET - WACOM CINTIQ-100162 | GODOX LED LIGHT PANEL - GODOX LED-100163 | EXTENSION CORD 10FT - EXTCORD10-100164 | AUDIO-TECHNICA HEADPHONES - AT HEADPHONES-100165 | GODOX LED LIGHT PANEL - GODOX LED-100166 | MACBOOK AIR CHARGING CABLE - MBA CABLE-100167 | 
2571945,,@fixture.edu,0,10/09/2024 1:49 PM,10/09/2024 6:45 PM,10/09/2024 6:53 PM,18240,50,Returned: HUION DRAWING TABLET - HUION TABLET-100168 | MANFROTTO TRIPOD CASE - MANFRO CASE-100169 | INSTA360 X4 CAMERA - INSTA X4-100170 | MACBOOK AIR M3 CHARGER - MBA M3 CHRG-100171 | LOGITECH WEBCAM - LOGI WEBCAM-100172 | GODOX POWER SUPPLY - GODOX PSU-100173 | RODE WIRELESS MIC - RODE WIRELESS-100174 | FUJIFILM X-T5 BODY - FUJI XT5-100175 | NIKON Z6 III CAMERA CASE - NIKON Z6III CASE-100176 | DELL XPS LAPTOP CHARGER - DELL XPS CHRG-100177 | MACBOOK AIR M3 CHARGER - MBA M3 CHRG-100178 | SANDISK 64GB SD CARD - SANDISK 64SD-100179 | WACOM ONE TABLET - WACOM ONE-100180 | RODE MIC BATTERY - RODE MIC BATT-100181 | EPSON PROJECTOR HDMI CABLE - EPSON PROJ HDMI-100182 | BENQ DATA PROJECTOR - BENQ PROJ-100183 | CARD READER - CARDRDR-100184 | INSTA360 X4 BATTERY - INSTA X4 BATT-100185 | OLYMPUS OM-D E-M1 BODY - OLY EM1-100186 | XLR CABLE 15FT - XLR15-100187 | USB-C TO HDMI ADAPTER - USBC HDMI-100188 | RODE MIC BATTERY - RODE MIC BATT-100189 | MACBOOK AIR M3 LAPTOP - MBA M3-100190 | MANFROTTO TRIPOD - MANFRO TRIPOD-100191 | LEXAR 128GB CF CARD - LEXAR CF128-100192 | FUJIFILM X-T5 BATTERY - FUJI XT5 BATT-100193 | MANFROTTO TRIPOD CASE - MANFRO CASE-100194 | XLR CABLE 25FT - XLR25-100195 | WACOM ONE TABLET - WACOM ONE-100196 | LEXAR 128GB CF CARD - LEXAR CF128-100197 | CARD READER - CARDRDR-100198 | OLYMPUS 12-40mm LENS - OLY 1240 LENS-100199 | ZOOM H5 RECORDER - ZOOM H5-100200 | WACOM CINTIQ TABLET - WACOM CINTIQ-100201 | RODE MIC BATTERY - RODE MIC BATT-100202 | HDMI CABLE 10FT - HDMI10-100203 | MACBOOK AIR CHARGING CABLE - MBA CABLE-100204 | LAPTOP SLEEVE CASE - LAPTOP SLEEVE-100205 | MACBOOK AIR CHARGING CABLE - MBA CABLE-100206 | RODE WIRELESS MIC - RODE WIRELESS-100207 | NIKON Z6 III BATTERY - NIKON Z6III BATT-100208 | META QUEST CHARGING CABLE - MQUEST CABLE-100209 | MACBOOK AIR CHARGING CABLE - MBA CABLE-100210 | INSTA360 X4 BATTERY - INSTA X4 BATT-100211 | SANDISK 64GB SD CARD - SANDISK 64SD-100212 | ZOOM H5 RECORDER CASE - ZOOM H5 CASE-100213 | NIKON Z6 III BATTERY CHARGER - NIKON Z6III CHRG-100214 | MACBOOK AIR CHARGING CABLE - MBA CABLE-100215 | EQUIPMENT CRATE 12x12 - CRATE12-100216 | GODOX LED LIGHT PANEL - GODOX LED-100217 | 
4668136,,@fixture.edu,0,10/14/2024 1:44 PM,10/14/2024 6:45 PM,10/14/2024 6:58 PM,18840,50,Returned: MACBOOK AIR M3 LAPTOP - MBA M3-100218 | USB-C MULTIPORT HUB - USBC HUB-100219 | USB KEYBOARD - USB KYBD-100220 | DELL XPS LAPTOP - DELL XPS-100221 | EQUIPMENT CRATE 12x12 - CRATE12-100222 | BENQ DATA PROJECTOR - BENQ PROJ-100223 | EXTENSION CORD 10FT - EXTCORD10-100224 | XLR CABLE 15FT - XLR15-100225 | AUDIO-TECHNICA HEADPHONES - AT HEADPHONES-100226 | WACOM CINTIQ TABLET - WACOM CINTIQ-100227 | PANASONIC S5 II BATTERY CHARGER - PANA S5II CHRG-100228 | USB-C TO HDMI ADAPTER - USBC HDMI-100229 | FUJIFILM X-T5 BODY - FUJI XT5-100230 | MACBOOK AIR CHARGING CABLE - MBA CABLE-100231 | EXTENSION CORD 10FT - EXTCORD10-100232 | MANFROTTO TRIPOD CASE - MANFRO CASE-100233 | INSTA360 X4 CASE - INSTA X4 CASE-100234 | GODOX POWER SUPPLY - GODOX PSU-100235 | FUJIFILM 18-55mm LENS - FUJI 1855 LENS-100236 | INSTA360 X4 BATTERY - INSTA X4 BATT-100237 | XLR CABLE 25FT - XLR25-100238 | POWER STRIP - PWRSTRIP-100239 | ZOOM H5 RECORDER - ZOOM H5-100240 | META QUEST CHARGING CABLE - MQUEST CABLE-100241 | HDMI CABLE 10FT - HDMI10-100242 | PANASONIC S5 II BATTERY CHARGER - PANA S5II CHRG-100243 | LAPTOP SLEEVE CASE - LAPTOP SLEEVE-100244 | MACBOOK AIR CHARGING CABLE - MBA CABLE-100245 | NIKON Z6 III BATTERY CHARGER - NIKON Z6III CHRG-100246 | OLYMPUS OM-D E-M1 BODY - OLY EM1-100247 | ZOOM H5 RECORDER - ZOOM H5-100248 | MACBOOK AIR M3 CHARGER - MBA M3 CHRG-100249 | MACBOOK AIR M3 LAPTOP - MBA M3-100250 | WACOM ONE TABLET - WACOM ONE-100251 | LAPTOP SLEEVE CASE - LAPTOP SLEEVE-100252 | ZOOM H5 RECORDER - ZOOM H5-100253 | WACOM ONE TABLET - WACOM ONE-100254 | OLYMPUS 12-40mm LENS - OLY 1240 LENS-100255 | INSTA360 X4 CASE - INSTA X4 CASE-100256 | BENQ DATA PROJECTOR - BENQ PROJ-100257 | RODE WIRELESS MIC - RODE WIRELESS-100258 | ZOOM H5 RECORDER - ZOOM H5-100259 | LOGITECH WIRELESS MOUSE - LOGI MOUSE-100260 | USB-C MULTIPORT HUB - USBC HUB-100261 | EPSON PROJECTOR - EPSON PROJ-100262 | RODE WIRELESS MIC - RODE WIRELESS-100263 | LOGITECH WEBCAM - LOGI WEBCAM-100264 | XLR CABLE 15FT - XLR15-100265 | GODOX POWER SUPPLY - GODOX PSU-100266 | INSTA360 X4 BATTERY - INSTA X4 BATT-100267 | 
4903402,,@fixture.edu,0,10/16/2024 1:42 PM,10/16/2024 6:45 PM,10/16/2024 6:56 PM,18840,50,Returned: WACOM CINTIQ PEN - WACOM CINTIQ PEN-100268 | POWER STRIP - PWRSTRIP-100269 | EPSON PROJECTOR HDMI CABLE - EPSON PROJ HDMI-100270 | GODOX POWER SUPPLY - GODOX PSU-100271 | NIKON Z6 III BATTERY - NIKON Z6III BATT-100272 | MACBOOK AIR M3 CHARGER - MBA M3 CHRG-100273 | INSTA360 X4 BATTERY - INSTA X4 BATT-100274 | POWER STRIP - PWRSTRIP-100275 | EXTENSION CORD 10FT - EXTCORD10-100276 | WACOM CINTIQ TABLET - WACOM CINTIQ-100277 | EPSON PROJECTOR HDMI CABLE - EPSON PROJ HDMI-100278 | WACOM CINTIQ PEN - WACOM CINTIQ PEN-100279 | PANASONIC S5 II BODY - PANA S5II-100280 | HUION DRAWING TABLET - HUION TABLET-100281 | HUION DRAWING TABLET - HUION TABLET-100282 | USB KEYBOARD - USB KYBD-100283 | OLYMPUS 12-40mm LENS - OLY 1240 LENS-100284 | GODOX POWER SUPPLY - GODOX PSU-100285 | NIKON Z6 III BATTERY - NIKON Z6III BATT-100286 | INSTA360 X4 CAMERA - INSTA X4-100287 | FUJIFILM 18-55mm LENS - FUJI 1855 LENS-100288 | NIKON Z6 III BATTERY - NIKON Z6III BATT-100289 | RODE MIC BATTERY - RODE MIC BATT-100290 | OLYMPUS 12-40mm LENS - OLY 1240 LENS-100291 | GODOX POWER SUPPLY - GODOX PSU-100292 | AUDIO-TECHNICA HEADPHONES - AT HEADPHONES-100293 | EXTENSION CORD 10FT - EXTCORD10-100294 | META QUEST CONTROLLER - MQUEST CTRL-100295 | EQUIPMENT CRATE 12x12 - CRATE12-100296 | BENQ DATA PROJECTOR - BENQ PROJ-100297 | NIKON Z6 III CAMERA CASE - NIKON Z6III CASE-100298 | OLYMPUS OM-D E-M1 BODY - OLY EM1-100299 | SANDISK 64GB SD CARD - SANDISK 64SD-100300 | RODE MIC BATTERY - RODE MIC BATT-100301 | GODOX LIGHT STAND - GODOX STAND-100302 | LAPTOP SLEEVE CASE - LAPTOP SLEEVE-100303 | RODE MIC BATTERY - RODE MIC BATT-100304 | PANASONIC S5 II BODY - PANA S5II-100305 | META QUEST CONTROLLER - MQUEST CTRL-100306 | ZOOM H5 RECORDER - ZOOM H5-100307 | ZOOM H5 RECORDER CASE - ZOOM H5 CASE-100308 | EXTENSION CORD 10FT - EXTCORD10-100309 | EPSON PROJECTOR HDMI CABLE - EPSON PROJ HDMI-100310 | GODOX LED LIGHT PANEL - GODOX LED-100311 | EPSON PROJECTOR - EPSON PROJ-100312 | WACOM ONE TABLET - WACOM ONE-100313 | PANASONIC S5 II BATTERY CHARGER - PANA S5II CHRG-100314 | LEXAR 128GB CF CARD - LEXAR CF128-100315 | USB-C TO HDMI ADAPTER - USBC HDMI-100316 | SANDISK 128GB SD CARD - SANDISK 128SD-100317 | 
9478454,,@fixture.edu,0,10/21/2024 1:48 PM,10/21/2024 6:45 PM,10/21/2024 6:46 PM,17880,50,Returned: INSTA360 X4 BATTERY - INSTA X4 BATT-100318 | RODE WIRELESS MIC - RODE WIRELESS-100319 | MANFROTTO TRIPOD CASE - MANFRO CASE-100320 | SANDISK 64GB SD CARD - SANDISK 64SD-100321 | EPSON PROJECTOR - EPSON PROJ-100322 | RODE MIC BATTERY - RODE MIC BATT-100323 | ZOOM H5 RECORDER CASE - ZOOM H5 CASE-100324 | META QUEST CHARGING CABLE - MQUEST CABLE-100325 | POWER STRIP - PWRSTRIP-100326 | MANFROTTO TRIPOD CASE - MANFRO CASE-100327 | FUJIFILM 18-55mm LENS - FUJI 1855 LENS-100328 | GODOX POWER SUPPLY - GODOX PSU-100329 | XLR CABLE 15FT - XLR15-100330 | INSTA360 X4 BATTERY - INSTA X4 BATT-100331 | LOGITECH WIRELESS MOUSE - LOGI MOUSE-100332 | INSTA360 X4 CAMERA - INSTA X4-100333 | LOGITECH WEBCAM - LOGI WEBCAM-100334 | MANFROTTO TRIPOD CASE - MANFRO CASE-100335 | MANFROTTO TRIPOD CASE - MANFRO CASE-100336 | EPSON PROJECTOR HDMI CABLE - EPSON PROJ HDMI-100337 | ZOOM H5 RECORDER CASE - ZOOM H5 CASE-100338 | DELL XPS LAPTOP CHARGER - DELL XPS CHRG-100339 | MANFROTTO TRIPOD - MANFRO TRIPOD-100340 | MACBOOK AIR M3 CHARGER - MBA M3 CHRG-100341 | SANDISK 64GB SD CARD - SANDISK 64SD-100342 | USB-C MULTIPORT HUB - USBC HUB-100343 | META QUEST CHARGING CABLE - MQUEST CABLE-100344 | EPSON PROJECTOR - EPSON PROJ-100345 | OLYMPUS OM-D E-M1 BODY - OLY EM1-100346 | WACOM ONE TABLET - WACOM ONE-100347 | WACOM CINTIQ PEN - WACOM CINTIQ PEN-100348 | LEXAR 128GB CF CARD - LEXAR CF128-100349 | GODOX LIGHT STAND - GODOX STAND-100350 | USB-C MULTIPORT HUB - USBC HUB-100351 | GODOX LED LIGHT PANEL - GODOX LED-100352 | NIKON Z6 III BATTERY CHARGER - NIKON Z6III CHRG-100353 | AUDIO-TECHNICA HEADPHONES - AT HEADPHONES-100354 | EPSON PROJECTOR HDMI CABLE - EPSON PROJ HDMI-100355 | FUJIFILM X-T5 BATTERY - FUJI XT5 BATT-100356 | EXTENSION CORD 10FT - EXTCORD10-100357 | NIKON Z6 III MIRRORLESS BODY - NIKON Z6III-100358 | USB-C TO HDMI ADAPTER - USBC HDMI-100359 | META QUEST CHARGING CABLE - MQUEST CABLE-100360 | AUDIO-TECHNICA HEADPHONES - AT HEADPHONES-100361 | META QUEST CHARGING CABLE - MQUEST CABLE-100362 | EQUIPMENT CRATE 12x12 - CRATE12-100363 | MACBOOK AIR M3 CHARGER - MBA M3 CHRG-100364 | PANASONIC S5 II BATTERY CHARGER - PANA S5II CHRG-100365 | INSTA360 X4 BATTERY - INSTA X4 BATT-100366 | RODE MIC BATTERY - RODE MIC BATT-100367 | 
1445199,,@fixture.edu,0,10/23/2024 2:02 PM,10/23/2024 6:45 PM,10/23/2024 7:14 PM,18720,49,Returned: GODOX LED LIGHT PANEL - GODOX LED-100368 | META QUEST HEADSET - MQUEST HS-100369 | FUJIFILM X-T5 BODY - FUJI XT5-100370 | WACOM CINTIQ TABLET - WACOM CINTIQ-100371 | USB-C MULTIPORT HUB - USBC HUB-100372 | EPSON PROJECTOR HDMI CABLE - EPSON PROJ HDMI-100373 | META QUEST CHARGING CABLE - MQUEST CABLE-100374 | META QUEST CONTROLLER - MQUEST CTRL-100375 | PANASONIC S5 II BODY - PANA S5II-100376 | EQUIPMENT CRATE 12x12 - CRATE12-100377 | PANASONIC S5 II BODY - PANA S5II-100378 | META QUEST CONTROLLER - MQUEST CTRL-100379 | INSTA360 X4 CASE - INSTA X4 CASE-100380 | XLR CABLE 25FT - XLR25-100381 | MACBOOK AIR CHARGING CABLE - MBA CABLE-100382 | META QUEST CHARGING CABLE - MQUEST CABLE-100383 | INSTA360 X4 CAMERA - INSTA X4-100384 | META QUEST CONTROLLER - MQUEST CTRL-100385 | EQUIPMENT CRATE 12x12 - CRATE12-100386 | NIKON Z6 III MIRRORLESS BODY - NIKON Z6III-100387 | WACOM CINTIQ TABLET - WACOM CINTIQ-100388 | FUJIFILM X-T5 BATTERY - FUJI XT5 BATT-100389 | INSTA360 X4 CASE - INSTA X4 CASE-100390 | MANFROTTO TRIPOD CASE - MANFRO CASE-100391 | INSTA360 X4 CASE - INSTA X4 CASE-100392 | USB-C MULTIPORT HUB - USBC HUB-100393 | MACBOOK AIR CHARGING CABLE - MBA CABLE-100394 | META QUEST CHARGING CABLE - MQUEST CABLE-100395 | USB KEYBOARD - USB KYBD-100396 | MACBOOK AIR M3 LAPTOP - MBA M3-100397 | PANASONIC S5 II BATTERY CHARGER - PANA S5II CHRG-100398 | FUJIFILM 18-55mm LENS - FUJI 1855 LENS-100399 | OLYMPUS 12-40mm LENS - OLY 1240 LENS-100400 | MACBOOK AIR M3 LAPTOP - MBA M3-100401 | MANFROTTO TRIPOD - MANFRO TRIPOD-100402 | PANASONIC S5 II BATTERY CHARGER - PANA S5II CHRG-100403 | BENQ DATA PROJECTOR - BENQ PROJ-100404 | POWER STRIP - PWRSTRIP-100405 | WACOM CINTIQ TABLET - WACOM CINTIQ-100406 | HDMI CABLE 10FT - HDMI10-100407 | PANASONIC S5 II BODY - PANA S5II-100408 | CARD READER - CARDRDR-100409 | META QUEST HEADSET - MQUEST HS-100410 | LOGITECH WIRELESS MOUSE - LOGI MOUSE-100411 | LAPTOP SLEEVE CASE - LAPTOP SLEEVE-100412 | FUJIFILM X-T5 BODY - FUJI XT5-100413 | GODOX LIGHT STAND - GODOX STAND-100414 | PANASONIC S5 II BATTERY CHARGER - PANA S5II CHRG-100415 | OLYMPUS OM-D E-M1 BODY - OLY EM1-100416 | 
4335942,,@fixture.edu,0,10/28/2024 1:46 PM,10/28/2024 6:45 PM,10/28/2024 7:09 PM,19380,49,Returned: RODE MIC BATTERY - RODE MIC BATT-100417 | LEXAR 128GB CF CARD - LEXAR CF128-100418 | MANFROTTO TRIPOD - MANFRO TRIPOD-100419 | SANDISK 128GB SD CARD - SANDISK 128SD-100420 | HDMI CABLE 10FT - HDMI10-100421 | INSTA360 X4 CAMERA - INSTA X4-100422 | RODE WIRELESS MIC - RODE WIRELESS-100423 | EPSON PROJECTOR HDMI CABLE - EPSON PROJ HDMI-100424 | NIKON Z6 III MIRRORLESS BODY - NIKON Z6III-100425 | GODOX LED LIGHT PANEL - GODOX LED-100426 | EPSON PROJECTOR - EPSON PROJ-100427 | NIKON Z6 III CAMERA CASE - NIKON Z6III CASE-100428 | FUJIFILM 18-55mm LENS - FUJI 1855 LENS-100429 | RODE WIRELESS MIC - RODE WIRELESS-100430 | AUDIO-TECHNICA HEADPHONES - AT HEADPHONES-100431 | MACBOOK AIR CHARGING CABLE - MBA CABLE-100432 | META QUEST HEADSET - MQUEST HS-100433 | EPSON PROJECTOR - EPSON PROJ-100434 | RODE MIC BATTERY - RODE MIC BATT-100435 | FUJIFILM 18-55mm LENS - FUJI 1855 LENS-100436 | META QUEST CONTROLLER - MQUEST CTRL-100437 | RODE WIRELESS MIC - RODE WIRELESS-100438 | WACOM ONE TABLET - WACOM ONE-100439 | SANDISK 128GB SD CARD - SANDISK 128SD-100440 | OLYMPUS OM-D E-M1 BODY - OLY EM1-100441 | OLYMPUS 12-40mm LENS - OLY 1240 LENS-100442 | HDMI CABLE 10FT - HDMI10-100443 | WACOM ONE TABLET - WACOM ONE-100444 | AUDIO-TECHNICA HEADPHONES - AT HEADPHONES-100445 | USB-C TO HDMI ADAPTER - USBC HDMI-100446 | MACBOOK AIR M3 LAPTOP - MBA M3-100447 | USB-C MULTIPORT HUB - USBC HUB-100448 | GODOX LIGHT STAND - GODOX STAND-100449 | SANDISK 128GB SD CARD - SANDISK 128SD-100450 | LEXAR 128GB CF CARD - LEXAR CF128-100451 | HDMI CABLE 10FT - HDMI10-100452 | EQUIPMENT CRATE 12x12 - CRATE12-100453 | FUJIFILM X-T5 BODY - FUJI XT5-100454 | DELL XPS LAPTOP CHARGER - DELL XPS CHRG-100455 | EPSON PROJECTOR - EPSON PROJ-100456 | FUJIFILM X-T5 BODY - FUJI XT5-100457 | WACOM CINTIQ TABLET - WACOM CINTIQ-100458 | NIKON Z6 III CAMERA CASE - NIKON Z6III CASE-100459 | USB-C TO HDMI ADAPTER - USBC HDMI-100460 | MACBOOK AIR CHARGING CABLE - MBA CABLE-100461 | WACOM CINTIQ TABLET - WACOM CINTIQ-100462 | OLYMPUS 12-40mm LENS - OLY 1240 LENS-100463 | ZOOM H5 RECORDER - ZOOM H5-100464 | LAPTOP SLEEVE CASE - LAPTOP SLEEVE-100465 | 
8038374,,@fixture.edu,0,10/30/2024 1:43 PM,10/30/2024 6:45 PM,10/30/2024 6:50 PM,18420,50,Returned: FUJIFILM 18-55mm LENS - FUJI 1855 LENS-100466 | SANDISK 64GB SD CARD - SANDISK 64SD-100467 | WACOM CINTIQ PEN - WACOM CINTIQ PEN-100468 | FUJIFILM X-T5 BATTERY - FUJI XT5 BATT-100469 | LAPTOP SLEEVE CASE - LAPTOP SLEEVE-100470 | LOGITECH WEBCAM - LOGI WEBCAM-100471 | DELL XPS LAPTOP CHARGER - DELL XPS CHRG-100472 | LAPTOP SLEEVE CASE - LAPTOP SLEEVE-100473 | MACBOOK AIR M3 LAPTOP - MBA M3-100474 | NIKON Z6 III CAMERA CASE - NIKON Z6III CASE-100475 | MACBOOK AIR M3 LAPTOP - MBA M3-100476 | LOGITECH WEBCAM - LOGI WEBCAM-100477 | EPSON PROJECTOR HDMI CABLE - EPSON PROJ HDMI-100478 | XLR CABLE 25FT - XLR25-100479 | LOGITECH WEBCAM - LOGI WEBCAM-100480 | HDMI CABLE 10FT - HDMI10-100481 | WACOM CINTIQ TABLET - WACOM CINTIQ-100482 | NIKON Z6 III BATTERY CHARGER - NIKON Z6III CHRG-100483 | ZOOM H5 RECORDER - ZOOM H5-100484 | NIKON Z6 III CAMERA CASE - NIKON Z6III CASE-100485 | INSTA360 X4 CASE - INSTA X4 CASE-100486 | META QUEST CHARGING CABLE - MQUEST CABLE-100487 | NIKON Z6 III CAMERA CASE - NIKON Z6III CASE-100488 | META QUEST CHARGING CABLE - MQUEST CABLE-100489 | NIKON Z6 III BATTERY - NIKON Z6III BATT-100490 | AUDIO-TECHNICA HEADPHONES - AT HEADPHONES-100491 | EXTENSION CORD 10FT - EXTCORD10-100492 | EXTENSION CORD 10FT - EXTCORD10-100493 | INSTA360 X4 BATTERY - INSTA X4 BATT-100494 | GODOX LED LIGHT PANEL - GODOX LED-100495 | DELL XPS LAPTOP - DELL XPS-100496 | INSTA360 X4 CASE - INSTA X4 CASE-100497 | XLR CABLE 25FT - XLR25-100498 | CARD READER - CARDRDR-100499 | META QUEST HEADSET - MQUEST HS-100500 | XLR CABLE 15FT - XLR15-100501 | GODOX POWER SUPPLY - GODOX PSU-100502 | GODOX LIGHT STAND - GODOX STAND-100503 | USB-C MULTIPORT HUB - USBC HUB-100504 | GODOX LED LIGHT PANEL - GODOX LED-100505 | ZOOM H5 RECORDER CASE - ZOOM H5 CASE-100506 | PANASONIC S5 II BODY - PANA S5II-100507 | USB-C MULTIPORT HUB - USBC HUB-100508 | USB-C MULTIPORT HUB - USBC HUB-100509 | BENQ DATA PROJECTOR - BENQ PROJ-100510 | SANDISK 128GB SD CARD - SANDISK 128SD-100511 | NIKON Z6 III MIRRORLESS BODY - NIKON Z6III-100512 | NIKON Z6 III BATTERY - NIKON Z6III BATT-100513 | RODE WIRELESS MIC - RODE WIRELESS-100514 | GODOX POWER SUPPLY - GODOX PSU-100515 | 
4698379,,@fixture.edu,0,11/04/2024 1:43 PM,11/04/2024 6:45 PM,11/04/2024 7:05 PM,19320,50,Returned: USB-C MULTIPORT HUB - USBC HUB-100516 | USB-C MULTIPORT HUB - USBC HUB-100517 | LOGITECH WIRELESS MOUSE - LOGI MOUSE-100518 | LEXAR 128GB CF CARD - LEXAR CF128-100519 | ZOOM H5 RECORDER CASE - ZOOM H5 CASE-100520 | MANFROTTO TRIPOD CASE - MANFRO CASE-100521 | META QUEST CHARGING CABLE - MQUEST CABLE-100522 | EPSON PROJECTOR HDMI CABLE - EPSON PROJ HDMI-100523 | FUJIFILM 18-55mm LENS - FUJI 1855 LENS-100524 | LOGITECH WEBCAM - LOGI WEBCAM-100525 | DELL XPS LAPTOP - DELL XPS-100526 | EXTENSION CORD 10FT - EXTCORD10-100527 | EQUIPMENT CRATE 12x12 - CRATE12-100528 | NIKON Z6 III MIRRORLESS BODY - NIKON Z6III-100529 | SANDISK 64GB SD CARD - SANDISK 64SD-100530 | FUJIFILM X-T5 BATTERY - FUJI XT5 BATT-100531 | NIKON Z6 III BATTERY - NIKON Z6III BATT-100532 | WACOM CINTIQ PEN - WACOM CINTIQ PEN-100533 | EPSON PROJECTOR - EPSON PROJ-100534 | NIKON Z6 III BATTERY CHARGER - NIKON Z6III CHRG-100535 | BENQ DATA PROJECTOR - BENQ PROJ-100536 | AUDIO-TECHNICA HEADPHONES - AT HEADPHONES-100537 | SANDISK 128GB SD CARD - SANDISK 128SD-100538 | SANDISK 64GB SD CARD - SANDISK 64SD-100539 | CARD READER - CARDRDR-100540 | NIKON Z6 III CAMERA CASE - NIKON Z6III CASE-100541 | MACBOOK AIR CHARGING CABLE - MBA CABLE-100542 | MANFROTTO TRIPOD CASE - MANFRO CASE-100543 | LOGITECH WEBCAM - LOGI WEBCAM-100544 | BENQ DATA PROJECTOR - BENQ PROJ-100545 | RODE MIC BATTERY - RODE MIC BATT-100546 | WACOM CINTIQ PEN - WACOM CINTIQ PEN-100547 | GODOX LIGHT STAND - GODOX STAND-100548 | RODE MIC BATTERY - RODE MIC BATT-100549 | RODE WIRELESS MIC - RODE WIRELESS-100550 | OLYMPUS OM-D E-M1 BODY - OLY EM1-100551 | GODOX LIGHT STAND - GODOX STAND-100552 | SANDISK 128GB SD CARD - SANDISK 128SD-100553 | RODE WIRELESS MIC - RODE WIRELESS-100554 | NIKON Z6 III CAMERA CASE - NIKON Z6III CASE-100555 | INSTA360 X4 CAMERA - INSTA X4-100556 | EQUIPMENT CRATE 12x12 - CRATE12-100557 | META QUEST CONTROLLER - MQUEST CTRL-100558 | HUION DRAWING TABLET - HUION TABLET-100559 | DELL XPS LAPTOP - DELL XPS-100560 | MACBOOK AIR CHARGING CABLE - MBA CABLE-100561 | INSTA360 X4 BATTERY - INSTA X4 BATT-100562 | META QUEST CHARGING CABLE - MQUEST CABLE-100563 | GODOX LIGHT STAND - GODOX STAND-100564 | POWER STRIP - PWRSTRIP-100565 | 
8536477,,@fixture.edu,0,11/06/2024 1:47 PM,11/06/2024 6:45 PM,11/06/2024 6:55 PM,18480,50,Returned: RODE MIC BATTERY - RODE MIC BATT-100566 | AUDIO-TECHNICA HEADPHONES - AT HEADPHONES-100567 | OLYMPUS 12-40mm LENS - OLY 1240 LENS-100568 | XLR CABLE 15FT - XLR15-100569 | HDMI CABLE 10FT - HDMI10-100570 | MACBOOK AIR M3 CHARGER - MBA M3 CHRG-100571 | USB KEYBOARD - USB KYBD-100572 | RODE WIRELESS MIC - RODE WIRELESS-100573 | EPSON PROJECTOR - EPSON PROJ-100574 | LOGITECH WEBCAM - LOGI WEBCAM-100575 | META QUEST CONTROLLER - MQUEST CTRL-100576 | USB-C TO HDMI ADAPTER - USBC HDMI-100577 | INSTA360 X4 BATTERY - INSTA X4 BATT-100578 | USB-C TO HDMI ADAPTER - USBC HDMI-100579 | OLYMPUS OM-D E-M1 BODY - OLY EM1-100580 | LEXAR 128GB CF CARD - LEXAR CF128-100581 | SANDISK 64GB SD CARD - SANDISK 64SD-100582 | GODOX LED LIGHT PANEL - GODOX LED-100583 | META QUEST CONTROLLER - MQUEST CTRL-100584 | USB KEYBOARD - USB KYBD-100585 | FUJIFILM X-T5 BATTERY - FUJI XT5 BATT-100586 | EPSON PROJECTOR HDMI CABLE - EPSON PROJ HDMI-100587 | PANASONIC S5 II BATTERY CHARGER - PANA S5II CHRG-100588 | MANFROTTO TRIPOD - MANFRO TRIPOD-100589 | GODOX POWER SUPPLY - GODOX PSU-100590 | WACOM ONE TABLET - WACOM ONE-100591 | EQUIPMENT CRATE 12x12 - CRATE12-100592 | PANASONIC S5 II BATTERY CHARGER - PANA S5II CHRG-100593 | HDMI CABLE 10FT - HDMI10-100594 | EPSON PROJECTOR HDMI CABLE - EPSON PROJ HDMI-100595 | USB-C TO HDMI ADAPTER - USBC HDMI-100596 | MACBOOK AIR M3 CHARGER - MBA M3 CHRG-100597 | CARD READER - CARDRDR-100598 | ZOOM H5 RECORDER - ZOOM H5-100599 | INSTA360 X4 CAMERA - INSTA X4-100600 | NIKON Z6 III MIRRORLESS BODY - NIKON Z6III-100601 | META QUEST CHARGING CABLE - MQUEST CABLE-100602 | INSTA360 X4 CAMERA - INSTA X4-100603 | FUJIFILM 18-55mm LENS - FUJI 1855 LENS-100604 | INSTA360 X4 CASE - INSTA X4 CASE-100605 | MACBOOK AIR M3 CHARGER - MBA M3 CHRG-100606 | LEXAR 128GB CF CARD - LEXAR CF128-100607 | WACOM ONE TABLET - WACOM ONE-100608 | SANDISK 64GB SD CARD - SANDISK 64SD-100609 | META QUEST CONTROLLER - MQUEST CTRL-100610 | USB-C TO HDMI ADAPTER - USBC HDMI-100611 | EXTENSION CORD 10FT - EXTCORD10-100612 | XLR CABLE 15FT - XLR15-100613 | USB-C MULTIPORT HUB - USBC HUB-100614 | ZOOM H5 RECORDER CASE - ZOOM H5 CASE-100615 | 
5667265,,@fixture.edu,0,11/13/2024 1:42 PM,11/13/2024 6:45 PM,11/14/2024 7:34 AM,64320,50,Returned: MANFROTTO TRIPOD - MANFRO TRIPOD-100616 | LAPTOP SLEEVE CASE - LAPTOP SLEEVE-100617 | MACBOOK AIR CHARGING CABLE - MBA CABLE-100618 | FUJIFILM X-T5 BATTERY - FUJI XT5 BATT-100619 | INSTA360 X4 BATTERY - INSTA X4 BATT-100620 | MACBOOK AIR M3 LAPTOP - MBA M3-100621 | USB KEYBOARD - USB KYBD-100622 | META QUEST CONTROLLER - MQUEST CTRL-100623 | XLR CABLE 15FT - XLR15-100624 | AUDIO-TECHNICA HEADPHONES - AT HEADPHONES-100625 | USB-C TO HDMI ADAPTER - USBC HDMI-100626 | SANDISK 128GB SD CARD - SANDISK 128SD-100627 | OLYMPUS 12-40mm LENS - OLY 1240 LENS-100628 | MANFROTTO TRIPOD - MANFRO TRIPOD-100629 | META QUEST CHARGING CABLE - MQUEST CABLE-100630 | WACOM CINTIQ TABLET - WACOM CINTIQ-100631 | AUDIO-TECHNICA HEADPHONES - AT HEADPHONES-100632 | OLYMPUS 12-40mm LENS - OLY 1240 LENS-100633 | ZOOM H5 RECORDER - ZOOM H5-100634 | XLR CABLE 15FT - XLR15-100635 | LOGITECH WIRELESS MOUSE - LOGI MOUSE-100636 | MACBOOK AIR CHARGING CABLE - MBA CABLE-100637 | GODOX LIGHT STAND - GODOX STAND-100638 | GODOX POWER SUPPLY - GODOX PSU-100639 | MANFROTTO TRIPOD - MANFRO TRIPOD-100640 | LOGITECH WIRELESS MOUSE - LOGI MOUSE-100641 | INSTA360 X4 BATTERY - INSTA X4 BATT-100642 | GODOX LED LIGHT PANEL - GODOX LED-100643 | MACBOOK AIR M3 CHARGER - MBA M3 CHRG-100644 | PANASONIC S5 II BODY - PANA S5II-100645 | POWER STRIP - PWRSTRIP-100646 | PANASONIC S5 II BODY - PANA S5II-100647 | EPSON PROJECTOR HDMI CABLE - EPSON PROJ HDMI-100648 | MACBOOK AIR M3 CHARGER - MBA M3 CHRG-100649 | META QUEST CONTROLLER - MQUEST CTRL-100650 | USB-C MULTIPORT HUB - USBC HUB-100651 | GODOX LED LIGHT PANEL - GODOX LED-100652 | NIKON Z6 III CAMERA CASE - NIKON Z6III CASE-100653 | NIKON Z6 III BATTERY - NIKON Z6III BATT-100654 | USB KEYBOARD - USB KYBD-100655 | META QUEST CHARGING CABLE - MQUEST CABLE-100656 | GODOX LIGHT STAND - GODOX STAND-100657 | EXTENSION CORD 10FT - EXTCORD10-100658 | AUDIO-TECHNICA HEADPHONES - AT HEADPHONES-100659 | USB KEYBOARD - USB KYBD-100660 | SANDISK 128GB SD CARD - SANDISK 128SD-100661 | EPSON PROJECTOR - EPSON PROJ-100662 | NIKON Z6 III MIRRORLESS BODY - NIKON Z6III-100663 | MACBOOK AIR CHARGING CABLE - MBA CABLE-100664 | XLR CABLE 15FT - XLR15-100665 | 
1109031,,@fixture.edu,0,11/18/2024 1:43 PM,11/18/2024 6:45 PM,11/18/2024 6:49 PM,18360,50,Returned: WACOM ONE TABLET - WACOM ONE-100666 | GODOX LIGHT STAND - GODOX STAND-100667 | WACOM ONE TABLET - WACOM ONE-100668 | MACBOOK AIR M3 CHARGER - MBA M3 CHRG-100669 | MACBOOK AIR M3 CHARGER - MBA M3 CHRG-100670 | NIKON Z6 III MIRRORLESS BODY - NIKON Z6III-100671 | USB-C TO HDMI ADAPTER - USBC HDMI-100672 | NIKON Z6 III MIRRORLESS BODY - NIKON Z6III-100673 | USB-C MULTIPORT HUB - USBC HUB-100674 | MANFROTTO TRIPOD CASE - MANFRO CASE-100675 | INSTA360 X4 BATTERY - INSTA X4 BATT-100676 | NIKON Z6 III MIRRORLESS BODY - NIKON Z6III-100677 | LOGITECH WEBCAM - LOGI WEBCAM-100678 | GODOX POWER SUPPLY - GODOX PSU-100679 | LOGITECH WEBCAM - LOGI WEBCAM-100680 | META QUEST CONTROLLER - MQUEST CTRL-100681 | FUJIFILM X-T5 BATTERY - FUJI XT5 BATT-100682 | FUJIFILM X-T5 BATTERY - FUJI XT5 BATT-100683 | OLYMPUS 12-40mm LENS - OLY 1240 LENS-100684 | PANASONIC S5 II BATTERY CHARGER - PANA S5II CHRG-100685 | LAPTOP SLEEVE CASE - LAPTOP SLEEVE-100686 | LOGITECH WEBCAM - LOGI WEBCAM-100687 | MANFROTTO TRIPOD - MANFRO TRIPOD-100688 | XLR CABLE 25FT - XLR25-100689 | XLR CABLE 15FT - XLR15-100690 | AUDIO-TECHNICA HEADPHONES - AT HEADPHONES-100691 | WACOM CINTIQ TABLET - WACOM CINTIQ-100692 | INSTA360 X4 CASE - INSTA X4 CASE-100693 | SANDISK 128GB SD CARD - SANDISK 128SD-100694 | GODOX POWER SUPPLY - GODOX PSU-100695 | USB KEYBOARD - USB KYBD-100696 | GODOX LED LIGHT PANEL - GODOX LED-100697 | CARD READER - CARDRDR-100698 | HDMI CABLE 10FT - HDMI10-100699 | FUJIFILM X-T5 BATTERY - FUJI XT5 BATT-100700 | XLR CABLE 15FT - XLR15-100701 | USB-C TO HDMI ADAPTER - USBC HDMI-100702 | NIKON Z6 III CAMERA CASE - NIKON Z6III CASE-100703 | NIKON Z6 III MIRRORLESS BODY - NIKON Z6III-100704 | PANASONIC S5 II BODY - PANA S5II-100705 | MACBOOK AIR CHARGING CABLE - MBA CABLE-100706 | DELL XPS LAPTOP - DELL XPS-100707 | POWER STRIP - PWRSTRIP-100708 | WACOM CINTIQ TABLET - WACOM CINTIQ-100709 | CARD READER - CARDRDR-100710 | FUJIFILM X-T5 BATTERY - FUJI XT5 BATT-100711 | USB-C MULTIPORT HUB - USBC HUB-100712 | NIKON Z6 III BATTERY CHARGER - NIKON Z6III CHRG-100713 | SANDISK 64GB SD CARD - SANDISK 64SD-100714 | CARD READER - CARDRDR-100715 | 
3678638,,@fixture.edu,0,11/20/2024 1:47 PM,11/20/2024 6:45 PM,11/20/2024 6:56 PM,18540,50,Returned: EQUIPMENT CRATE 12x12 - CRATE12-100716 | MACBOOK AIR M3 CHARGER - MBA M3 CHRG-100717 | NIKON Z6 III BATTERY CHARGER - NIKON Z6III CHRG-100718 | FUJIFILM X-T5 BODY - FUJI XT5-100719 | META QUEST CONTROLLER - MQUEST CTRL-100720 | META QUEST HEADSET - MQUEST HS-100721 | USB-C TO HDMI ADAPTER - USBC HDMI-100722 | NIKON Z6 III BATTERY - NIKON Z6III BATT-100723 | META QUEST CHARGING CABLE - MQUEST CABLE-100724 | RODE MIC BATTERY - RODE MIC BATT-100725 | INSTA360 X4 CAMERA - INSTA X4-100726 | WACOM CINTIQ PEN - WACOM CINTIQ PEN-100727 | HDMI CABLE 10FT - HDMI10-100728 | EPSON PROJECTOR HDMI CABLE - EPSON PROJ HDMI-100729 | XLR CABLE 25FT - XLR25-100730 | FUJIFILM X-T5 BODY - FUJI XT5-100731 | OLYMPUS 12-40mm LENS - OLY 1240 LENS-100732 | LEXAR 128GB CF CARD - LEXAR CF128-100733 | LOGITECH WIRELESS MOUSE - LOGI MOUSE-100734 | XLR CABLE 25FT - XLR25-100735 | META QUEST HEADSET - MQUEST HS-100736 | ZOOM H5 RECORDER - ZOOM H5-100737 | HDMI CABLE 10FT - HDMI10-100738 | OLYMPUS OM-D E-M1 BODY - OLY EM1-100739 | INSTA360 X4 CASE - INSTA X4 CASE-100740 | EPSON PROJECTOR HDMI CABLE - EPSON PROJ HDMI-100741 | MACBOOK AIR CHARGING CABLE - MBA CABLE-100742 | INSTA360 X4 BATTERY - INSTA X4 BATT-100743 | NIKON Z6 III BATTERY CHARGER - NIKON Z6III CHRG-100744 | DELL XPS LAPTOP CHARGER - DELL XPS CHRG-100745 | USB KEYBOARD - USB KYBD-100746 | ZOOM H5 RECORDER - ZOOM H5-100747 | EXTENSION CORD 10FT - EXTCORD10-100748 | INSTA360 X4 CAMERA - INSTA X4-100749 | XLR CABLE 25FT - XLR25-100750 | EXTENSION CORD 10FT - EXTCORD10-100751 | NIKON Z6 III BATTERY - NIKON Z6III BATT-100752 | MANFROTTO TRIPOD CASE - MANFRO CASE-100753 | INSTA360 X4 CASE - INSTA X4 CASE-100754 | MACBOOK AIR M3 CHARGER - MBA M3 CHRG-100755 | ZOOM H5 RECORDER CASE - ZOOM H5 CASE-100756 | META QUEST CHARGING CABLE - MQUEST CABLE-100757 | DELL XPS LAPTOP - DELL XPS-100758 | GODOX POWER SUPPLY - GODOX PSU-100759 | GODOX LIGHT STAND - GODOX STAND-100760 | FUJIFILM X-T5 BODY - FUJI XT5-100761 | HUION DRAWING TABLET - HUION TABLET-100762 | POWER STRIP - PWRSTRIP-100763 | EPSON PROJECTOR HDMI CABLE - EPSON PROJ HDMI-100764 | FUJIFILM X-T5 BODY - FUJI XT5-100765 | 
8090293,,@fixture.edu,0,11/27/2024 1:54 PM,11/27/2024 6:45 PM,11/27/2024 6:36 PM,16920,50,Returned: OLYMPUS 12-40mm LENS - OLY 1240 LENS-100766 | EPSON PROJECTOR HDMI CABLE - EPSON PROJ HDMI-100767 | HUION DRAWING TABLET - HUION TABLET-100768 | BENQ DATA PROJECTOR - BENQ PROJ-100769 | RODE MIC BATTERY - RODE MIC BATT-100770 | FUJIFILM X-T5 BATTERY - FUJI XT5 BATT-100771 | NIKON Z6 III MIRRORLESS BODY - NIKON Z6III-100772 | RODE WIRELESS MIC - RODE WIRELESS-100773 | ZOOM H5 RECORDER CASE - ZOOM H5 CASE-100774 | MANFROTTO TRIPOD - MANFRO TRIPOD-100775 | OLYMPUS OM-D E-M1 BODY - OLY EM1-100776 | PANASONIC S5 II BATTERY CHARGER - PANA S5II CHRG-100777 | DELL XPS LAPTOP CHARGER - DELL XPS CHRG-100778 | USB-C TO HDMI ADAPTER - USBC HDMI-100779 | AUDIO-TECHNICA HEADPHONES - AT HEADPHONES-100780 | NIKON Z6 III BATTERY - NIKON Z6III BATT-100781 | ZOOM H5 RECORDER CASE - ZOOM H5 CASE-100782 | FUJIFILM X-T5 BATTERY - FUJI XT5 BATT-100783 | WACOM CINTIQ PEN - WACOM CINTIQ PEN-100784 | RODE MIC BATTERY - RODE MIC BATT-100785 | XLR CABLE 25FT - XLR25-100786 | RODE WIRELESS MIC - RODE WIRELESS-100787 | XLR CABLE 25FT - XLR25-100788 | FUJIFILM X-T5 BODY - FUJI XT5-100789 | META QUEST HEADSET - MQUEST HS-100790 | META QUEST HEADSET - MQUEST HS-100791 | INSTA360 X4 BATTERY - INSTA X4 BATT-100792 | WACOM CINTIQ TABLET - WACOM CINTIQ-100793 | PANASONIC S5 II BODY - PANA S5II-100794 | XLR CABLE 15FT - XLR15-100795 | OLYMPUS OM-D E-M1 BODY - OLY EM1-100796 | RODE WIRELESS MIC - RODE WIRELESS-100797 | MACBOOK AIR CHARGING CABLE - MBA CABLE-100798 | NIKON Z6 III CAMERA CASE - NIKON Z6III CASE-100799 | DELL XPS LAPTOP - DELL XPS-100800 | DELL XPS LAPTOP - DELL XPS-100801 | MACBOOK AIR M3 CHARGER - MBA M3 CHRG-100802 | FUJIFILM X-T5 BODY - FUJI XT5-100803 | LEXAR 128GB CF CARD - LEXAR CF128-100804 | LEXAR 128GB CF CARD - LEXAR CF128-100805 | HUION DRAWING TABLET - HUION TABLET-100806 | WACOM CINTIQ PEN - WACOM CINTIQ PEN-100807 | PANASONIC S5 II BATTERY CHARGER - PANA S5II CHRG-100808 | FUJIFILM X-T5 BATTERY - FUJI XT5 BATT-100809 | RODE WIRELESS MIC - RODE WIRELESS-100810 | INSTA360 X4 CAMERA - INSTA X4-100811 | ZOOM H5 RECORDER - ZOOM H5-100812 | HUION DRAWING TABLET - HUION TABLET-100813 | LOGITECH WEBCAM - LOGI WEBCAM-100814 | ZOOM H5 RECORDER - ZOOM H5-100815 | 
6708456,,@fixture.edu,0,11/25/2024 2:06 PM,11/25/2024 6:45 PM,11/25/2024 6:54 PM,17280,50,Returned: ZOOM H5 RECORDER - ZOOM H5-100816 | LOGITECH WEBCAM - LOGI WEBCAM-100817 | CARD READER - CARDRDR-100818 | INSTA360 X4 BATTERY - INSTA X4 BATT-100819 | OLYMPUS OM-D E-M1 BODY - OLY EM1-100820 | RODE MIC BATTERY - RODE MIC BATT-100821 | INSTA360 X4 CAMERA - INSTA X4-100822 | SANDISK 64GB SD CARD - SANDISK 64SD-100823 | RODE MIC BATTERY - RODE MIC BATT-100824 | INSTA360 X4 BATTERY - INSTA X4 BATT-100825 | INSTA360 X4 BATTERY - INSTA X4 BATT-100826 | RODE WIRELESS MIC - RODE WIRELESS-100827 | EPSON PROJECTOR - EPSON PROJ-100828 | MACBOOK AIR CHARGING CABLE - MBA CABLE-100829 | WACOM CINTIQ TABLET - WACOM CINTIQ-100830 | LEXAR 128GB CF CARD - LEXAR CF128-100831 | XLR CABLE 15FT - XLR15-100832 | LOGITECH WEBCAM - LOGI WEBCAM-100833 | XLR CABLE 25FT - XLR25-100834 | FUJIFILM 18-55mm LENS - FUJI 1855 LENS-100835 | WACOM CINTIQ TABLET - WACOM CINTIQ-100836 | WACOM CINTIQ PEN - WACOM CINTIQ PEN-100837 | USB-C TO HDMI ADAPTER - USBC HDMI-100838 | GODOX POWER SUPPLY - GODOX PSU-100839 | USB-C TO HDMI ADAPTER - USBC HDMI-100840 | INSTA360 X4 CAMERA - INSTA X4-100841 | MACBOOK AIR M3 LAPTOP - MBA M3-100842 | EPSON PROJECTOR - EPSON PROJ-100843 | DELL XPS LAPTOP CHARGER - DELL XPS CHRG-100844 | RODE WIRELESS MIC - RODE WIRELESS-100845 | EPSON PROJECTOR - EPSON PROJ-100846 | LOGITECH WIRELESS MOUSE - LOGI MOUSE-100847 | POWER STRIP - PWRSTRIP-100848 | AUDIO-TECHNICA HEADPHONES - AT HEADPHONES-100849 | MACBOOK AIR CHARGING CABLE - MBA CABLE-100850 | HUION DRAWING TABLET - HUION TABLET-100851 | LEXAR 128GB CF CARD - LEXAR CF128-100852 | GODOX LIGHT STAND - GODOX STAND-100853 | EPSON PROJECTOR HDMI CABLE - EPSON PROJ HDMI-100854 | POWER STRIP - PWRSTRIP-100855 | FUJIFILM X-T5 BODY - FUJI XT5-100856 | INSTA360 X4 CASE - INSTA X4 CASE-100857 | MACBOOK AIR M3 CHARGER - MBA M3 CHRG-100858 | AUDIO-TECHNICA HEADPHONES - AT HEADPHONES-100859 | MACBOOK AIR CHARGING CABLE - MBA CABLE-100860 | META QUEST CONTROLLER - MQUEST CTRL-100861 | EPSON PROJECTOR - EPSON PROJ-100862 | USB-C MULTIPORT HUB - USBC HUB-100863 | POWER STRIP - PWRSTRIP-100864 | ZOOM H5 RECORDER CASE - ZOOM H5 CASE-100865 | 
5661907,,@fixture.edu,0,12/02/2024 1:47 PM,12/02/2024 6:45 PM,12/02/2024 6:57 PM,18600,50,Returned: META QUEST HEADSET - MQUEST HS-100866 | USB-C MULTIPORT HUB - USBC HUB-100867 | GODOX LED LIGHT PANEL - GODOX LED-100868 | FUJIFILM X-T5 BODY - FUJI XT5-100869 | EXTENSION CORD 10FT - EXTCORD10-100870 | GODOX LIGHT STAND - GODOX STAND-100871 | ZOOM H5 RECORDER CASE - ZOOM H5 CASE-100872 | GODOX LED LIGHT PANEL - GODOX LED-100873 | NIKON Z6 III BATTERY CHARGER - NIKON Z6III CHRG-100874 | INSTA360 X4 CASE - INSTA X4 CASE-100875 | GODOX POWER SUPPLY - GODOX PSU-100876 | XLR CABLE 25FT - XLR25-100877 | HDMI CABLE 10FT - HDMI10-100878 | INSTA360 X4 BATTERY - INSTA X4 BATT-100879 | DELL XPS LAPTOP - DELL XPS-100880 | NIKON Z6 III MIRRORLESS BODY - NIKON Z6III-100881 | MANFROTTO TRIPOD - MANFRO TRIPOD-100882 | LAPTOP SLEEVE CASE - LAPTOP SLEEVE-100883 | LAPTOP SLEEVE CASE - LAPTOP SLEEVE-100884 | WACOM CINTIQ TABLET - WACOM CINTIQ-100885 | WACOM CINTIQ TABLET - WACOM CINTIQ-100886 | DELL XPS LAPTOP CHARGER - DELL XPS CHRG-100887 | XLR CABLE 25FT - XLR25-100888 | EXTENSION CORD 10FT - EXTCORD10-100889 | WACOM CINTIQ PEN - WACOM CINTIQ PEN-100890 | MACBOOK AIR CHARGING CABLE - MBA CABLE-100891 | ZOOM H5 RECORDER - ZOOM H5-100892 | NIKON Z6 III BATTERY - NIKON Z6III BATT-100893 | FUJIFILM X-T5 BATTERY - FUJI XT5 BATT-100894 | AUDIO-TECHNICA HEADPHONES - AT HEADPHONES-100895 | INSTA360 X4 CAMERA - INSTA X4-100896 | FUJIFILM 18-55mm LENS - FUJI 1855 LENS-100897 | META QUEST CHARGING CABLE - MQUEST CABLE-100898 | OLYMPUS OM-D E-M1 BODY - OLY EM1-100899 | RODE MIC BATTERY - RODE MIC BATT-100900 | MACBOOK AIR M3 LAPTOP - MBA M3-100901 | SANDISK 64GB SD CARD - SANDISK 64SD-100902 | MACBOOK AIR M3 CHARGER - MBA M3 CHRG-100903 | MACBOOK AIR M3 CHARGER - MBA M3 CHRG-100904 | DELL XPS LAPTOP CHARGER - DELL XPS CHRG-100905 | EPSON PROJECTOR - EPSON PROJ-100906 | RODE MIC BATTERY - RODE MIC BATT-100907 | RODE WIRELESS MIC - RODE WIRELESS-100908 | LOGITECH WEBCAM - LOGI WEBCAM-100909 | FUJIFILM 18-55mm LENS - FUJI 1855 LENS-100910 | USB KEYBOARD - USB KYBD-100911 | GODOX LED LIGHT PANEL - GODOX LED-100912 | GODOX POWER SUPPLY - GODOX PSU-100913 | PANASONIC S5 II BODY - PANA S5II-100914 | INSTA360 X4 CASE - INSTA X4 CASE-100915 | 
3608513,,@fixture.edu,0,12/04/2024 1:53 PM,12/04/2024 6:45 PM,12/05/2024 6:11 AM,58680,50,Returned: LEXAR 128GB CF CARD - LEXAR CF128-100916 | PANASONIC S5 II BODY - PANA S5II-100917 | OLYMPUS 12-40mm LENS - OLY 1240 LENS-100918 | USB-C TO HDMI ADAPTER - USBC HDMI-100919 | INSTA360 X4 CAMERA - INSTA X4-100920 | SANDISK 128GB SD CARD - SANDISK 128SD-100921 | AUDIO-TECHNICA HEADPHONES - AT HEADPHONES-100922 | PANASONIC S5 II BATTERY CHARGER - PANA S5II CHRG-100923 | GODOX LED LIGHT PANEL - GODOX LED-100924 | DELL XPS LAPTOP - DELL XPS-100925 | NIKON Z6 III BATTERY - NIKON Z6III BATT-100926 | WACOM ONE TABLET - WACOM ONE-100927 | PANASONIC S5 II BATTERY CHARGER - PANA S5II CHRG-100928 | WACOM CINTIQ PEN - WACOM CINTIQ PEN-100929 | XLR CABLE 25FT - XLR25-100930 | EPSON PROJECTOR - EPSON PROJ-100931 | SANDISK 64GB SD CARD - SANDISK 64SD-100932 | HDMI CABLE 10FT - HDMI10-100933 | LOGITECH WEBCAM - LOGI WEBCAM-100934 | NIKON Z6 III CAMERA CASE - NIKON Z6III CASE-100935 | FUJIFILM X-T5 BATTERY - FUJI XT5 BATT-100936 | CARD READER - CARDRDR-100937 | PANASONIC S5 II BATTERY CHARGER - PANA S5II CHRG-100938 | RODE MIC BATTERY - RODE MIC BATT-100939 | MACBOOK AIR M3 LAPTOP - MBA M3-100940 | MANFROTTO TRIPOD - MANFRO TRIPOD-100941 | CARD READER - CARDRDR-100942 | USB-C MULTIPORT HUB - USBC HUB-100943 | GODOX LED LIGHT PANEL - GODOX LED-100944 | WACOM CINTIQ PEN - WACOM CINTIQ PEN-100945 | WACOM ONE TABLET - WACOM ONE-100946 | WACOM CINTIQ PEN - WACOM CINTIQ PEN-100947 | ZOOM H5 RECORDER CASE - ZOOM H5 CASE-100948 | USB KEYBOARD - USB KYBD-100949 | WACOM ONE TABLET - WACOM ONE-100950 | LOGITECH WEBCAM - LOGI WEBCAM-100951 | EPSON PROJECTOR - EPSON PROJ-100952 | RODE WIRELESS MIC - RODE WIRELESS-100953 | WACOM ONE TABLET - WACOM ONE-100954 | FUJIFILM X-T5 BODY - FUJI XT5-100955 | OLYMPUS OM-D E-M1 BODY - OLY EM1-100956 | FUJIFILM 18-55mm LENS - FUJI 1855 LENS-100957 | RODE WIRELESS MIC - RODE WIRELESS-100958 | PANASONIC S5 II BATTERY CHARGER - PANA S5II CHRG-100959 | EPSON PROJECTOR - EPSON PROJ-100960 | LAPTOP SLEEVE CASE - LAPTOP SLEEVE-100961 | DELL XPS LAPTOP - DELL XPS-100962 | OLYMPUS OM-D E-M1 BODY - OLY EM1-100963 | XLR CABLE 25FT - XLR25-100964 | PANASONIC S5 II BATTERY CHARGER - PANA S5II CHRG-100965 | 
4612365,,@fixture.edu,0,12/09/2024 1:47 PM,12/09/2024 6:45 PM,12/09/2024 5:32 PM,13500,50,Returned: HUION DRAWING TABLET - HUION TABLET-100966 | EPSON PROJECTOR - EPSON PROJ-100967 | GODOX LED LIGHT PANEL - GODOX LED-100968 | INSTA360 X4 CASE - INSTA X4 CASE-100969 | USB-C TO HDMI ADAPTER - USBC HDMI-100970 | MACBOOK AIR M3 CHARGER - MBA M3 CHRG-100971 | OLYMPUS OM-D E-M1 BODY - OLY EM1-100972 | RODE MIC BATTERY - RODE MIC BATT-100973 | DELL XPS LAPTOP CHARGER - DELL XPS CHRG-100974 | NIKON Z6 III BATTERY CHARGER - NIKON Z6III CHRG-100975 | ZOOM H5 RECORDER CASE - ZOOM H5 CASE-100976 | NIKON Z6 III MIRRORLESS BODY - NIKON Z6III-100977 | OLYMPUS OM-D E-M1 BODY - OLY EM1-100978 | LOGITECH WEBCAM - LOGI WEBCAM-100979 | INSTA360 X4 BATTERY - INSTA X4 BATT-100980 | MACBOOK AIR CHARGING CABLE - MBA CABLE-100981 | MACBOOK AIR CHARGING CABLE - MBA CABLE-100982 | GODOX POWER SUPPLY - GODOX PSU-100983 | AUDIO-TECHNICA HEADPHONES - AT HEADPHONES-100984 | USB KEYBOARD - USB KYBD-100985 | MACBOOK AIR M3 CHARGER - MBA M3 CHRG-100986 | FUJIFILM X-T5 BODY - FUJI XT5-100987 | NIKON Z6 III BATTERY - NIKON Z6III BATT-100988 | HDMI CABLE 10FT - HDMI10-100989 | RODE WIRELESS MIC - RODE WIRELESS-100990 | MANFROTTO TRIPOD CASE - MANFRO CASE-100991 | USB-C MULTIPORT HUB - USBC HUB-100992 | PANASONIC S5 II BODY - PANA S5II-100993 | MACBOOK AIR M3 LAPTOP - MBA M3-100994 | BENQ DATA PROJECTOR - BENQ PROJ-100995 | EXTENSION CORD 10FT - EXTCORD10-100996 | USB-C TO HDMI ADAPTER - USBC HDMI-100997 | FUJIFILM 18-55mm LENS - FUJI 1855 LENS-100998 | FUJIFILM 18-55mm LENS - FUJI 1855 LENS-100999 | EXTENSION CORD 10FT - EXTCORD10-101000 | LOGITECH WIRELESS MOUSE - LOGI MOUSE-101001 | XLR CABLE 15FT - XLR15-101002 | LOGITECH WIRELESS MOUSE - LOGI MOUSE-101003 | NIKON Z6 III BATTERY CHARGER - NIKON Z6III CHRG-101004 | EPSON PROJECTOR HDMI CABLE - EPSON PROJ HDMI-101005 | USB-C TO HDMI ADAPTER - USBC HDMI-101006 | INSTA360 X4 CASE - INSTA X4 CASE-101007 | FUJIFILM X-T5 BATTERY - FUJI XT5 BATT-101008 | LOGITECH WIRELESS MOUSE - LOGI MOUSE-101009 | HDMI CABLE 10FT - HDMI10-101010 | RODE WIRELESS MIC - RODE WIRELESS-101011 | INSTA360 X4 CASE - INSTA X4 CASE-101012 | DELL XPS LAPTOP CHARGER - DELL XPS CHRG-101013 | ZOOM H5 RECORDER CASE - ZOOM H5 CASE-101014 | LOGITECH WEBCAM - LOGI WEBCAM-101015 | 
6647119,,@fixture.edu,0,12/11/2024 1:53 PM,12/11/2024 6:45 PM,12/11/2024 5:49 PM,14160,50,Returned: DELL XPS LAPTOP CHARGER - DELL XPS CHRG-101016 | INSTA360 X4 CASE - INSTA X4 CASE-101017 | EXTENSION CORD 10FT - EXTCORD10-101018 | LEXAR 128GB CF CARD - LEXAR CF128-101019 | LOGITECH WEBCAM - LOGI WEBCAM-101020 | WACOM CINTIQ PEN - WACOM CINTIQ PEN-101021 | ZOOM H5 RECORDER CASE - ZOOM H5 CASE-101022 | EPSON PROJECTOR HDMI CABLE - EPSON PROJ HDMI-101023 | HUION DRAWING TABLET - HUION TABLET-101024 | PANASONIC S5 II BODY - PANA S5II-101025 | OLYMPUS OM-D E-M1 BODY - OLY EM1-101026 | SANDISK 64GB SD CARD - SANDISK 64SD-101027 | SANDISK 64GB SD CARD - SANDISK 64SD-101028 | NIKON Z6 III CAMERA CASE - NIKON Z6III CASE-101029 | ZOOM H5 RECORDER CASE - ZOOM H5 CASE-101030 | MANFROTTO TRIPOD CASE - MANFRO CASE-101031 | USB-C MULTIPORT HUB - USBC HUB-101032 | RODE MIC BATTERY - RODE MIC BATT-101033 | EPSON PROJECTOR - EPSON PROJ-101034 | MANFROTTO TRIPOD CASE - MANFRO CASE-101035 | MANFROTTO TRIPOD - MANFRO TRIPOD-101036 | CARD READER - CARDRDR-101037 | INSTA360 X4 CASE - INSTA X4 CASE-101038 | GODOX POWER SUPPLY - GODOX PSU-101039 | FUJIFILM X-T5 BATTERY - FUJI XT5 BATT-101040 | INSTA360 X4 CAMERA - INSTA X4-101041 | POWER STRIP - PWRSTRIP-101042 | META QUEST CONTROLLER - MQUEST CTRL-101043 | INSTA360 X4 CASE - INSTA X4 CASE-101044 | CARD READER - CARDRDR-101045 | FUJIFILM 18-55mm LENS - FUJI 1855 LENS-101046 | CARD READER - CARDRDR-101047 | LEXAR 128GB CF CARD - LEXAR CF128-101048 | EPSON PROJECTOR HDMI CABLE - EPSON PROJ HDMI-101049 | LOGITECH WIRELESS MOUSE - LOGI MOUSE-101050 | HDMI CABLE 10FT - HDMI10-101051 | GODOX POWER SUPPLY - GODOX PSU-101052 | MACBOOK AIR M3 CHARGER - MBA M3 CHRG-101053 | WACOM CINTIQ TABLET - WACOM CINTIQ-101054 | MANFROTTO TRIPOD - MANFRO TRIPOD-101055 | AUDIO-TECHNICA HEADPHONES - AT HEADPHONES-101056 | DELL XPS LAPTOP CHARGER - DELL XPS CHRG-101057 | HUION DRAWING TABLET - HUION TABLET-101058 | EQUIPMENT CRATE 12x12 - CRATE12-101059 | FUJIFILM X-T5 BATTERY - FUJI XT5 BATT-101060 | LAPTOP SLEEVE CASE - LAPTOP SLEEVE-101061 | MANFROTTO TRIPOD CASE - MANFRO CASE-101062 | META QUEST CHARGING CABLE - MQUEST CABLE-101063 | XLR CABLE 15FT - XLR15-101064 | INSTA360 X4 CAMERA - INSTA X4-101065 | 
2714803,,@fixture.edu,0,10/04/2024 7:54 AM,10/04/2024 7:00 PM,10/04/2024 7:08 PM,40440,50,Returned: ZOOM H5 RECORDER - ZOOM H5-101066 | NIKON Z6 III MIRRORLESS BODY - NIKON Z6III-101067 | EXTENSION CORD 10FT - EXTCORD10-101068 | BENQ DATA PROJECTOR - BENQ PROJ-101069 | BENQ DATA PROJECTOR - BENQ PROJ-101070 | MACBOOK AIR M3 LAPTOP - MBA M3-101071 | GODOX LIGHT STAND - GODOX STAND-101072 | ZOOM H5 RECORDER CASE - ZOOM H5 CASE-101073 | NIKON Z6 III CAMERA CASE - NIKON Z6III CASE-101074 | USB-C MULTIPORT HUB - USBC HUB-101075 | SANDISK 64GB SD CARD - SANDISK 64SD-101076 | DELL XPS LAPTOP - DELL XPS-101077 | SANDISK 64GB SD CARD - SANDISK 64SD-101078 | MANFROTTO TRIPOD - MANFRO TRIPOD-101079 | LOGITECH WIRELESS MOUSE - LOGI MOUSE-101080 | ZOOM H5 RECORDER - ZOOM H5-101081 | WACOM CINTIQ TABLET - WACOM CINTIQ-101082 | WACOM CINTIQ TABLET - WACOM CINTIQ-101083 | MACBOOK AIR M3 CHARGER - MBA M3 CHRG-101084 | ZOOM H5 RECORDER - ZOOM H5-101085 | GODOX POWER SUPPLY - GODOX PSU-101086 | NIKON Z6 III BATTERY CHARGER - NIKON Z6III CHRG-101087 | FUJIFILM X-T5 BATTERY - FUJI XT5 BATT-101088 | POWER STRIP - PWRSTRIP-101089 | MACBOOK AIR M3 LAPTOP - MBA M3-101090 | FUJIFILM 18-55mm LENS - FUJI 1855 LENS-101091 | CARD READER - CARDRDR-101092 | DELL XPS LAPTOP CHARGER - DELL XPS CHRG-101093 | NIKON Z6 III MIRRORLESS BODY - NIKON Z6III-101094 | INSTA360 X4 CAMERA - INSTA X4-101095 | SANDISK 64GB SD CARD - SANDISK 64SD-101096 | GODOX POWER SUPPLY - GODOX PSU-101097 | OLYMPUS OM-D E-M1 BODY - OLY EM1-101098 | GODOX LED LIGHT PANEL - GODOX LED-101099 | OLYMPUS 12-40mm LENS - OLY 1240 LENS-101100 | META QUEST CHARGING CABLE - MQUEST CABLE-101101 | MANFROTTO TRIPOD CASE - MANFRO CASE-101102 | GODOX LIGHT STAND - GODOX STAND-101103 | LEXAR 128GB CF CARD - LEXAR CF128-101104 | XLR CABLE 15FT - XLR15-101105 | META QUEST HEADSET - MQUEST HS-101106 | PANASONIC S5 II BODY - PANA S5II-101107 | XLR CABLE 25FT - XLR25-101108 | RODE WIRELESS MIC - RODE WIRELESS-101109 | EPSON PROJECTOR - EPSON PROJ-101110 | SANDISK 128GB SD CARD - SANDISK 128SD-101111 | GODOX LIGHT STAND - GODOX STAND-101112 | EPSON PROJECTOR - EPSON PROJ-101113 | NIKON Z6 III MIRRORLESS BODY - NIKON Z6III-101114 | MACBOOK AIR M3 CHARGER - MBA M3 CHRG-101115 | 
2556017,,@fixture.edu,0,10/11/2024 7:49 AM,10/11/2024 7:00 PM,10/11/2024 7:03 PM,40440,50,Returned: OLYMPUS OM-D E-M1 BODY - OLY EM1-101116 | SANDISK 128GB SD CARD - SANDISK 128SD-101117 | GODOX POWER SUPPLY - GODOX PSU-101118 | NIKON Z6 III MIRRORLESS BODY - NIKON Z6III-101119 | EPSON PROJECTOR - EPSON PROJ-101120 | LOGITECH WEBCAM - LOGI WEBCAM-101121 | INSTA360 X4 CASE - INSTA X4 CASE-101122 | DELL XPS LAPTOP - DELL XPS-101123 | OLYMPUS OM-D E-M1 BODY - OLY EM1-101124 | NIKON Z6 III CAMERA CASE - NIKON Z6III CASE-101125 | XLR CABLE 25FT - XLR25-101126 | BENQ DATA PROJECTOR - BENQ PROJ-101127 | FUJIFILM X-T5 BATTERY - FUJI XT5 BATT-101128 | RODE MIC BATTERY - RODE MIC BATT-101129 | EQUIPMENT CRATE 12x12 - CRATE12-101130 | OLYMPUS OM-D E-M1 BODY - OLY EM1-101131 | EXTENSION CORD 10FT - EXTCORD10-101132 | HDMI CABLE 10FT - HDMI10-101133 | OLYMPUS OM-D E-M1 BODY - OLY EM1-101134 | INSTA360 X4 CASE - INSTA X4 CASE-101135 | OLYMPUS OM-D E-M1 BODY - OLY EM1-101136 | USB-C MULTIPORT HUB - USBC HUB-101137 | NIKON Z6 III MIRRORLESS BODY - NIKON Z6III-101138 | GODOX LED LIGHT PANEL - GODOX LED-101139 | DELL XPS LAPTOP CHARGER - DELL XPS CHRG-101140 | EPSON PROJECTOR HDMI CABLE - EPSON PROJ HDMI-101141 | HUION DRAWING TABLET - HUION TABLET-101142 | OLYMPUS 12-40mm LENS - OLY 1240 LENS-101143 | AUDIO-TECHNICA HEADPHONES - AT HEADPHONES-101144 | GODOX POWER SUPPLY - GODOX PSU-101145 | CARD READER - CARDRDR-101146 | FUJIFILM X-T5 BODY - FUJI XT5-101147 | FUJIFILM X-T5 BATTERY - FUJI XT5 BATT-101148 | HDMI CABLE 10FT - HDMI10-101149 | WACOM CINTIQ PEN - WACOM CINTIQ PEN-101150 | XLR CABLE 25FT - XLR25-101151 | INSTA360 X4 CAMERA - INSTA X4-101152 | RODE MIC BATTERY - RODE MIC BATT-101153 | OLYMPUS OM-D E-M1 BODY - OLY EM1-101154 | MANFROTTO TRIPOD CASE - MANFRO CASE-101155 | FUJIFILM X-T5 BODY - FUJI XT5-101156 | USB-C TO HDMI ADAPTER - USBC HDMI-101157 | WACOM ONE TABLET - WACOM ONE-101158 | WACOM ONE TABLET - WACOM ONE-101159 | EXTENSION CORD 10FT - EXTCORD10-101160 | GODOX POWER SUPPLY - GODOX PSU-101161 | USB KEYBOARD - USB KYBD-101162 | GODOX LIGHT STAND - GODOX STAND-101163 | RODE WIRELESS MIC - RODE WIRELESS-101164 | LAPTOP SLEEVE CASE - LAPTOP SLEEVE-101165 | 
7374122,,@fixture.edu,0,10/18/2024 8:03 AM,10/18/2024 7:00 PM,10/18/2024 7:16 PM,40380,49,Returned: LAPTOP SLEEVE CASE - LAPTOP SLEEVE-101166 | HDMI CABLE 10FT - HDMI10-101167 | RODE WIRELESS MIC - RODE WIRELESS-101168 | NIKON Z6 III CAMERA CASE - NIKON Z6III CASE-101169 | META QUEST HEADSET - MQUEST HS-101170 | INSTA360 X4 CAMERA - INSTA X4-101171 | MACBOOK AIR CHARGING CABLE - MBA CABLE-101172 | FUJIFILM 18-55mm LENS - FUJI 1855 LENS-101173 | MACBOOK AIR CHARGING CABLE - MBA CABLE-101174 | WACOM CINTIQ PEN - WACOM CINTIQ PEN-101175 | USB-C MULTIPORT HUB - USBC HUB-101176 | INSTA360 X4 BATTERY - INSTA X4 BATT-101177 | INSTA360 X4 CASE - INSTA X4 CASE-101178 | META QUEST CHARGING CABLE - MQUEST CABLE-101179 | OLYMPUS OM-D E-M1 BODY - OLY EM1-101180 | CARD READER - CARDRDR-101181 | WACOM CINTIQ TABLET - WACOM CINTIQ-101182 | XLR CABLE 15FT - XLR15-101183 | GODOX POWER SUPPLY - GODOX PSU-101184 | HDMI CABLE 10FT - HDMI10-101185 | INSTA360 X4 CAMERA - INSTA X4-101186 | EXTENSION CORD 10FT - EXTCORD10-101187 | NIKON Z6 III MIRRORLESS BODY - NIKON Z6III-101188 | NIKON Z6 III CAMERA CASE - NIKON Z6III CASE-101189 | MANFROTTO TRIPOD - MANFRO TRIPOD-101190 | NIKON Z6 III BATTERY CHARGER - NIKON Z6III CHRG-101191 | NIKON Z6 III CAMERA CASE - NIKON Z6III CASE-101192 | POWER STRIP - PWRSTRIP-101193 | MACBOOK AIR CHARGING CABLE - MBA CABLE-101194 | HUION DRAWING TABLET - HUION TABLET-101195 | MACBOOK AIR CHARGING CABLE - MBA CABLE-101196 | AUDIO-TECHNICA HEADPHONES - AT HEADPHONES-101197 | EPSON PROJECTOR - EPSON PROJ-101198 | FUJIFILM X-T5 BODY - FUJI XT5-101199 | USB-C MULTIPORT HUB - USBC HUB-101200 | WACOM ONE TABLET - WACOM ONE-101201 | MANFROTTO TRIPOD CASE - MANFRO CASE-101202 | RODE MIC BATTERY - RODE MIC BATT-101203 | LAPTOP SLEEVE CASE - LAPTOP SLEEVE-101204 | SANDISK 64GB SD CARD - SANDISK 64SD-101205 | LOGITECH WEBCAM - LOGI WEBCAM-101206 | USB-C MULTIPORT HUB - USBC HUB-101207 | XLR CABLE 25FT - XLR25-101208 | HUION DRAWING TABLET - HUION TABLET-101209 | LOGITECH WIRELESS MOUSE - LOGI MOUSE-101210 | GODOX POWER SUPPLY - GODOX PSU-101211 | NIKON Z6 III CAMERA CASE - NIKON Z6III CASE-101212 | EPSON PROJECTOR - EPSON PROJ-101213 | BENQ DATA PROJECTOR - BENQ PROJ-101214 | 
2622631,,@fixture.edu,0,10/25/2024 7:43 AM,10/25/2024 7:00 PM,10/25/2024 7:08 PM,41100,50,Returned: USB KEYBOARD - USB KYBD-101215 | NIKON Z6 III CAMERA CASE - NIKON Z6III CASE-101216 | FUJIFILM X-T5 BODY - FUJI XT5-101217 | DELL XPS LAPTOP - DELL XPS-101218 | DELL XPS LAPTOP CHARGER - DELL XPS CHRG-101219 | WACOM ONE TABLET - WACOM ONE-101220 | RODE MIC BATTERY - RODE MIC BATT-101221 | BENQ DATA PROJECTOR - BENQ PROJ-101222 | BENQ DATA PROJECTOR - BENQ PROJ-101223 | FUJIFILM 18-55mm LENS - FUJI 1855 LENS-101224 | EPSON PROJECTOR - EPSON PROJ-101225 | EPSON PROJECTOR - EPSON PROJ-101226 | PANASONIC S5 II BODY - PANA S5II-101227 | INSTA360 X4 CAMERA - INSTA X4-101228 | LAPTOP SLEEVE CASE - LAPTOP SLEEVE-101229 | POWER STRIP - PWRSTRIP-101230 | EPSON PROJECTOR HDMI CABLE - EPSON PROJ HDMI-101231 | PANASONIC S5 II BODY - PANA S5II-101232 | FUJIFILM 18-55mm LENS - FUJI 1855 LENS-101233 | EXTENSION CORD 10FT - EXTCORD10-101234 | MANFROTTO TRIPOD - MANFRO TRIPOD-101235 | EQUIPMENT CRATE 12x12 - CRATE12-101236 | EXTENSION CORD 10FT - EXTCORD10-101237 | NIKON Z6 III BATTERY - NIKON Z6III BATT-101238 | LOGITECH WEBCAM - LOGI WEBCAM-101239 | MANFROTTO TRIPOD - MANFRO TRIPOD-101240 | NIKON Z6 III CAMERA CASE - NIKON Z6III CASE-101241 | EPSON PROJECTOR HDMI CABLE - EPSON PROJ HDMI-101242 | WACOM CINTIQ TABLET - WACOM CINTIQ-101243 | FUJIFILM X-T5 BODY - FUJI XT5-101244 | MACBOOK AIR M3 LAPTOP - MBA M3-101245 | ZOOM H5 RECORDER CASE - ZOOM H5 CASE-101246 | MACBOOK AIR CHARGING CABLE - MBA CABLE-101247 | WACOM CINTIQ TABLET - WACOM CINTIQ-101248 | XLR CABLE 15FT - XLR15-101249 | MANFROTTO TRIPOD - MANFRO TRIPOD-101250 | FUJIFILM X-T5 BATTERY - FUJI XT5 BATT-101251 | WACOM CINTIQ TABLET - WACOM CINTIQ-101252 | EPSON PROJECTOR HDMI CABLE - EPSON PROJ HDMI-101253 | SANDISK 128GB SD CARD - SANDISK 128SD-101254 | MACBOOK AIR CHARGING CABLE - MBA CABLE-101255 | NIKON Z6 III BATTERY CHARGER - NIKON Z6III CHRG-101256 | CARD READER - CARDRDR-101257 | LEXAR 128GB CF CARD - LEXAR CF128-101258 | MACBOOK AIR M3 LAPTOP - MBA M3-101259 | XLR CABLE 25FT - XLR25-101260 | OLYMPUS 12-40mm LENS - OLY 1240 LENS-101261 | META QUEST CHARGING CABLE - MQUEST CABLE-101262 | CARD READER - CARDRDR-101263 | USB-C TO HDMI ADAPTER - USBC HDMI-101264 | 
7022674,,@fixture.edu,0,11/01/2024 7:55 AM,11/01/2024 7:00 PM,11/01/2024 7:10 PM,40500,50,Returned: META QUEST CONTROLLER - MQUEST CTRL-101265 | BENQ DATA PROJECTOR - BENQ PROJ-101266 | DELL XPS LAPTOP - DELL XPS-101267 | RODE MIC BATTERY - RODE MIC BATT-101268 | AUDIO-TECHNICA HEADPHONES - AT HEADPHONES-101269 | EPSON PROJECTOR HDMI CABLE - EPSON PROJ HDMI-101270 | MANFROTTO TRIPOD - MANFRO TRIPOD-101271 | FUJIFILM X-T5 BODY - FUJI XT5-101272 | XLR CABLE 15FT - XLR15-101273 | MACBOOK AIR CHARGING CABLE - MBA CABLE-101274 | META QUEST HEADSET - MQUEST HS-101275 | PANASONIC S5 II BODY - PANA S5II-101276 | LOGITECH WEBCAM - LOGI WEBCAM-101277 | INSTA360 X4 BATTERY - INSTA X4 BATT-101278 | INSTA360 X4 CAMERA - INSTA X4-101279 | NIKON Z6 III CAMERA CASE - NIKON Z6III CASE-101280 | MACBOOK AIR M3 LAPTOP - MBA M3-101281 | MANFROTTO TRIPOD CASE - MANFRO CASE-101282 | USB KEYBOARD - USB KYBD-101283 | ZOOM H5 RECORDER - ZOOM H5-101284 | USB-C TO HDMI ADAPTER - USBC HDMI-101285 | NIKON Z6 III MIRRORLESS BODY - NIKON Z6III-101286 | SANDISK 64GB SD CARD - SANDISK 64SD-101287 | WACOM CINTIQ TABLET - WACOM CINTIQ-101288 | RODE WIRELESS MIC - RODE WIRELESS-101289 | HUION DRAWING TABLET - HUION TABLET-101290 | MACBOOK AIR M3 LAPTOP - MBA M3-101291 | WACOM CINTIQ PEN - WACOM CINTIQ PEN-101292 | MACBOOK AIR CHARGING CABLE - MBA CABLE-101293 | EXTENSION CORD 10FT - EXTCORD10-101294 | PANASONIC S5 II BATTERY CHARGER - PANA S5II CHRG-101295 | META QUEST HEADSET - MQUEST HS-101296 | HDMI CABLE 10FT - HDMI10-101297 | LEXAR 128GB CF CARD - LEXAR CF128-101298 | NIKON Z6 III MIRRORLESS BODY - NIKON Z6III-101299 | AUDIO-TECHNICA HEADPHONES - AT HEADPHONES-101300 | SANDISK 128GB SD CARD - SANDISK 128SD-101301 | ZOOM H5 RECORDER CASE - ZOOM H5 CASE-101302 | USB KEYBOARD - USB KYBD-101303 | EQUIPMENT CRATE 12x12 - CRATE12-101304 | INSTA360 X4 CAMERA - INSTA X4-101305 | NIKON Z6 III MIRRORLESS BODY - NIKON Z6III-101306 | GODOX LIGHT STAND - GODOX STAND-101307 | USB KEYBOARD - USB KYBD-101308 | EPSON PROJECTOR HDMI CABLE - EPSON PROJ HDMI-101309 | FUJIFILM X-T5 BATTERY - FUJI XT5 BATT-101310 | USB-C MULTIPORT HUB - USBC HUB-101311 | LEXAR 128GB CF CARD - LEXAR CF128-101312 | MACBOOK AIR CHARGING CABLE - MBA CABLE-101313 | NIKON Z6 III CAMERA CASE - NIKON Z6III CASE-101314 | 
6770619,,@fixture.edu,0,11/08/2024 8:12 AM,11/08/2024 7:00 PM,11/08/2024 7:05 PM,39180,50,Returned: INSTA360 X4 CASE - INSTA X4 CASE-101315 | EPSON PROJECTOR HDMI CABLE - EPSON PROJ HDMI-101316 | FUJIFILM X-T5 BATTERY - FUJI XT5 BATT-101317 | META QUEST CONTROLLER - MQUEST CTRL-101318 | META QUEST HEADSET - MQUEST HS-101319 | LAPTOP SLEEVE CASE - LAPTOP SLEEVE-101320 | EPSON PROJECTOR - EPSON PROJ-101321 | XLR CABLE 15FT - XLR15-101322 | INSTA360 X4 BATTERY - INSTA X4 BATT-101323 | FUJIFILM X-T5 BODY - FUJI XT5-101324 | FUJIFILM X-T5 BATTERY - FUJI XT5 BATT-101325 | OLYMPUS OM-D E-M1 BODY - OLY EM1-101326 | LOGITECH WIRELESS MOUSE - LOGI MOUSE-101327 | FUJIFILM X-T5 BODY - FUJI XT5-101328 | WACOM CINTIQ TABLET - WACOM CINTIQ-101329 | DELL XPS LAPTOP - DELL XPS-101330 | INSTA360 X4 BATTERY - INSTA X4 BATT-101331 | LEXAR 128GB CF CARD - LEXAR CF128-101332 | MANFROTTO TRIPOD - MANFRO TRIPOD-101333 | RODE MIC BATTERY - RODE MIC BATT-101334 | LOGITECH WEBCAM - LOGI WEBCAM-101335 | EPSON PROJECTOR - EPSON PROJ-101336 | BENQ DATA PROJECTOR - BENQ PROJ-101337 | RODE MIC BATTERY - RODE MIC BATT-101338 | MANFROTTO TRIPOD - MANFRO TRIPOD-101339 | FUJIFILM X-T5 BODY - FUJI XT5-101340 | SANDISK 64GB SD CARD - SANDISK 64SD-101341 | EXTENSION CORD 10FT - EXTCORD10-101342 | WACOM CINTIQ PEN - WACOM CINTIQ PEN-101343 | OLYMPUS 12-40mm LENS - OLY 1240 LENS-101344 | PANASONIC S5 II BODY - PANA S5II-101345 | MACBOOK AIR M3 LAPTOP - MBA M3-101346 | AUDIO-TECHNICA HEADPHONES - AT HEADPHONES-101347 | USB-C MULTIPORT HUB - USBC HUB-101348 | INSTA360 X4 BATTERY - INSTA X4 BATT-101349 | SANDISK 64GB SD CARD - SANDISK 64SD-101350 | RODE WIRELESS MIC - RODE WIRELESS-101351 | MANFROTTO TRIPOD - MANFRO TRIPOD-101352 | FUJIFILM 18-55mm LENS - FUJI 1855 LENS-101353 | OLYMPUS 12-40mm LENS - OLY 1240 LENS-101354 | GODOX POWER SUPPLY - GODOX PSU-101355 | LOGITECH WIRELESS MOUSE - LOGI MOUSE-101356 | EPSON PROJECTOR - EPSON PROJ-101357 | NIKON Z6 III BATTERY CHARGER - NIKON Z6III CHRG-101358 | LOGITECH WIRELESS MOUSE - LOGI MOUSE-101359 | ZOOM H5 RECORDER - ZOOM H5-101360 | FUJIFILM X-T5 BATTERY - FUJI XT5 BATT-101361 | LEXAR 128GB CF CARD - LEXAR CF128-101362 | ZOOM H5 RECORDER CASE - ZOOM H5 CASE-101363 | LAPTOP SLEEVE CASE - LAPTOP SLEEVE-101364 | 
5437923,,@fixture.edu,0,11/15/2024 7:44 AM,11/15/2024 7:00 PM,11/15/2024 7:08 PM,41040,50,Returned: GODOX POWER SUPPLY - GODOX PSU-101365 | MANFROTTO TRIPOD - MANFRO TRIPOD-101366 | INSTA360 X4 CASE - INSTA X4 CASE-101367 | NIKON Z6 III BATTERY - NIKON Z6III BATT-101368 | AUDIO-TECHNICA HEADPHONES - AT HEADPHONES-101369 | DELL XPS LAPTOP CHARGER - DELL XPS CHRG-101370 | HDMI CABLE 10FT - HDMI10-101371 | LEXAR 128GB CF CARD - LEXAR CF128-101372 | MACBOOK AIR M3 LAPTOP - MBA M3-101373 | LOGITECH WEBCAM - LOGI WEBCAM-101374 | OLYMPUS OM-D E-M1 BODY - OLY EM1-101375 | NIKON Z6 III MIRRORLESS BODY - NIKON Z6III-101376 | LOGITECH WIRELESS MOUSE - LOGI MOUSE-101377 | INSTA360 X4 CASE - INSTA X4 CASE-101378 | OLYMPUS OM-D E-M1 BODY - OLY EM1-101379 | LOGITECH WIRELESS MOUSE - LOGI MOUSE-101380 | XLR CABLE 15FT - XLR15-101381 | HUION DRAWING TABLET - HUION TABLET-101382 | GODOX LED LIGHT PANEL - GODOX LED-101383 | WACOM CINTIQ PEN - WACOM CINTIQ PEN-101384 | MANFROTTO TRIPOD - MANFRO TRIPOD-101385 | LOGITECH WEBCAM - LOGI WEBCAM-101386 | NIKON Z6 III BATTERY - NIKON Z6III BATT-101387 | NIKON Z6 III CAMERA CASE - NIKON Z6III CASE-101388 | META QUEST HEADSET - MQUEST HS-101389 | DELL XPS LAPTOP CHARGER - DELL XPS CHRG-101390 | OLYMPUS OM-D E-M1 BODY - OLY EM1-101391 | META QUEST HEADSET - MQUEST HS-101392 | LOGITECH WIRELESS MOUSE - LOGI MOUSE-101393 | ZOOM H5 RECORDER - ZOOM H5-101394 | NIKON Z6 III BATTERY CHARGER - NIKON Z6III CHRG-101395 | MACBOOK AIR M3 LAPTOP - MBA M3-101396 | PANASONIC S5 II BODY - PANA S5II-101397 | WACOM CINTIQ TABLET - WACOM CINTIQ-101398 | LOGITECH WIRELESS MOUSE - LOGI MOUSE-101399 | XLR CABLE 25FT - XLR25-101400 | NIKON Z6 III BATTERY - NIKON Z6III BATT-101401 | GODOX POWER SUPPLY - GODOX PSU-101402 | PANASONIC S5 II BODY - PANA S5II-101403 | SANDISK 64GB SD CARD - SANDISK 64SD-101404 | PANASONIC S5 II BATTERY CHARGER - PANA S5II CHRG-101405 | MANFROTTO TRIPOD CASE - MANFRO CASE-101406 | EQUIPMENT CRATE 12x12 - CRATE12-101407 | NIKON Z6 III BATTERY - NIKON Z6III BATT-101408 | HUION DRAWING TABLET - HUION TABLET-101409 | LEXAR 128GB CF CARD - LEXAR CF128-101410 | RODE WIRELESS MIC - RODE WIRELESS-101411 | AUDIO-TECHNICA HEADPHONES - AT HEADPHONES-101412 | USB-C TO HDMI ADAPTER - USBC HDMI-101413 | NIKON Z6 III CAMERA CASE - NIKON Z6III CASE-101414 | 
1728977,,@fixture.edu,0,11/22/2024 7:49 AM,11/22/2024 7:00 PM,11/25/2024 8:05 AM,260160,50,Returned: MANFROTTO TRIPOD CASE - MANFRO CASE-101415 | OLYMPUS OM-D E-M1 BODY - OLY EM1-101416 | PANASONIC S5 II BATTERY CHARGER - PANA S5II CHRG-101417 | EQUIPMENT CRATE 12x12 - CRATE12-101418 | LAPTOP SLEEVE CASE - LAPTOP SLEEVE-101419 | HUION DRAWING TABLET - HUION TABLET-101420 | LOGITECH WEBCAM - LOGI WEBCAM-101421 | POWER STRIP - PWRSTRIP-101422 | INSTA360 X4 CASE - INSTA X4 CASE-101423 | POWER STRIP - PWRSTRIP-101424 | ZOOM H5 RECORDER CASE - ZOOM H5 CASE-101425 | USB-C MULTIPORT HUB - USBC HUB-101426 | MACBOOK AIR M3 CHARGER - MBA M3 CHRG-101427 | META QUEST CONTROLLER - MQUEST CTRL-101428 | MACBOOK AIR CHARGING CABLE - MBA CABLE-101429 | XLR CABLE 25FT - XLR25-101430 | PANASONIC S5 II BODY - PANA S5II-101431 | RODE MIC BATTERY - RODE MIC BATT-101432 | SANDISK 128GB SD CARD - SANDISK 128SD-101433 | META QUEST HEADSET - MQUEST HS-101434 | EXTENSION CORD 10FT - EXTCORD10-101435 | NIKON Z6 III CAMERA CASE - NIKON Z6III CASE-101436 | INSTA360 X4 CASE - INSTA X4 CASE-101437 | USB-C MULTIPORT HUB - USBC HUB-101438 | EXTENSION CORD 10FT - EXTCORD10-101439 | INSTA360 X4 CASE - INSTA X4 CASE-101440 | INSTA360 X4 BATTERY - INSTA X4 BATT-101441 | FUJIFILM X-T5 BATTERY - FUJI XT5 BATT-101442 | GODOX LIGHT STAND - GODOX STAND-101443 | MANFROTTO TRIPOD - MANFRO TRIPOD-101444 | LOGITECH WEBCAM - LOGI WEBCAM-101445 | META QUEST CONTROLLER - MQUEST CTRL-101446 | NIKON Z6 III CAMERA CASE - NIKON Z6III CASE-101447 | INSTA360 X4 CASE - INSTA X4 CASE-101448 | SANDISK 128GB SD CARD - SANDISK 128SD-101449 | USB KEYBOARD - USB KYBD-101450 | POWER STRIP - PWRSTRIP-101451 | ZOOM H5 RECORDER CASE - ZOOM H5 CASE-101452 | USB KEYBOARD - USB KYBD-101453 | USB KEYBOARD - USB KYBD-101454 | PANASONIC S5 II BODY - PANA S5II-101455 | WACOM CINTIQ PEN - WACOM CINTIQ PEN-101456 | LOGITECH WEBCAM - LOGI WEBCAM-101457 | EPSON PROJECTOR - EPSON PROJ-101458 | META QUEST CONTROLLER - MQUEST CTRL-101459 | NIKON Z6 III BATTERY - NIKON Z6III BATT-101460 | EPSON PROJECTOR - EPSON PROJ-101461 | INSTA360 X4 CAMERA - INSTA X4-101462 | USB-C TO HDMI ADAPTER - USBC HDMI-101463 | USB-C TO HDMI ADAPTER - USBC HDMI-101464 | 
8707870,,@fixture.edu,0,12/06/2024 7:50 AM,12/06/2024 7:00 PM,12/06/2024 7:05 PM,40500,50,Returned: PANASONIC S5 II BATTERY CHARGER - PANA S5II CHRG-101465 | INSTA360 X4 CASE - INSTA X4 CASE-101466 | EQUIPMENT CRATE 12x12 - CRATE12-101467 | MACBOOK AIR CHARGING CABLE - MBA CABLE-101468 | RODE WIRELESS MIC - RODE WIRELESS-101469 | MACBOOK AIR M3 CHARGER - MBA M3 CHRG-101470 | FUJIFILM X-T5 BODY - FUJI XT5-101471 | SANDISK 128GB SD CARD - SANDISK 128SD-101472 | SANDISK 128GB SD CARD - SANDISK 128SD-101473 | LAPTOP SLEEVE CASE - LAPTOP SLEEVE-101474 | NIKON Z6 III MIRRORLESS BODY - NIKON Z6III-101475 | META QUEST CONTROLLER - MQUEST CTRL-101476 | SANDISK 64GB SD CARD - SANDISK 64SD-101477 | OLYMPUS OM-D E-M1 BODY - OLY EM1-101478 | EPSON PROJECTOR HDMI CABLE - EPSON PROJ HDMI-101479 | META QUEST CONTROLLER - MQUEST CTRL-101480 | USB KEYBOARD - USB KYBD-101481 | RODE MIC BATTERY - RODE MIC BATT-101482 | NIKON Z6 III BATTERY - NIKON Z6III BATT-101483 | WACOM CINTIQ PEN - WACOM CINTIQ PEN-101484 | META QUEST CONTROLLER - MQUEST CTRL-101485 | EXTENSION CORD 10FT - EXTCORD10-101486 | USB KEYBOARD - USB KYBD-101487 | CARD READER - CARDRDR-101488 | INSTA360 X4 CAMERA - INSTA X4-101489 | XLR CABLE 15FT - XLR15-101490 | META QUEST CHARGING CABLE - MQUEST CABLE-101491 | XLR CABLE 25FT - XLR25-101492 | FUJIFILM X-T5 BATTERY - FUJI XT5 BATT-101493 | RODE WIRELESS MIC - RODE WIRELESS-101494 | OLYMPUS OM-D E-M1 BODY - OLY EM1-101495 | OLYMPUS 12-40mm LENS - OLY 1240 LENS-101496 | INSTA360 X4 CAMERA - INSTA X4-101497 | POWER STRIP - PWRSTRIP-101498 | INSTA360 X4 CAMERA - INSTA X4-101499 | GODOX LED LIGHT PANEL - GODOX LED-101500 | PANASONIC S5 II BODY - PANA S5II-101501 | INSTA360 X4 BATTERY - INSTA X4 BATT-101502 | EPSON PROJECTOR - EPSON PROJ-101503 | META QUEST CHARGING CABLE - MQUEST CABLE-101504 | POWER STRIP - PWRSTRIP-101505 | SANDISK 128GB SD CARD - SANDISK 128SD-101506 | WACOM CINTIQ PEN - WACOM CINTIQ PEN-101507 | PANASONIC S5 II BODY - PANA S5II-101508 | RODE WIRELESS MIC - RODE WIRELESS-101509 | GODOX POWER SUPPLY - GODOX PSU-101510 | OLYMPUS OM-D E-M1 BODY - OLY EM1-101511 | BENQ DATA PROJECTOR - BENQ PROJ-101512 | INSTA360 X4 CAMERA - INSTA X4-101513 | INSTA360 X4 CAMERA - INSTA X4-101514 | 
9996414,,@fixture.edu,0,10/01/2024 8:09 AM,10/01/2024 9:30 PM,10/04/2024 5:32 PM,292980,5,Returned: XLR CABLE 25FT - XLR25-101515 | INSTA360 X4 CASE - INSTA X4 CASE-101516 | INSTA360 X4 BATTERY - INSTA X4 BATT-101517 | NIKON Z6 III BATTERY - NIKON Z6III BATT-101518 | WACOM ONE TABLET - WACOM ONE-101519 | 
3094235,,@fixture.edu,0,10/08/2024 2:47 PM,10/08/2024 9:30 PM,10/09/2024 3:55 PM,90480,6,Returned: META QUEST CONTROLLER - MQUEST CTRL-101520 | INSTA360 X4 BATTERY - INSTA X4 BATT-101521 | SANDISK 128GB SD CARD - SANDISK 128SD-101522 | WACOM CINTIQ TABLET - WACOM CINTIQ-101523 | META QUEST CHARGING CABLE - MQUEST CABLE-101524 | OLYMPUS OM-D E-M1 BODY - OLY EM1-101525 | 
7350753,,@fixture.edu,0,10/21/2024 8:41 PM,10/22/2024 9:30 PM,10/23/2024 11:57 AM,141360,6,Returned: BENQ DATA PROJECTOR - BENQ PROJ-101526 | LEXAR 128GB CF CARD - LEXAR CF128-101527 | INSTA360 X4 CASE - INSTA X4 CASE-101528 | PANASONIC S5 II BODY - PANA S5II-101529 | EQUIPMENT CRATE 12x12 - CRATE12-101530 | FUJIFILM X-T5 BODY - FUJI XT5-101531 | 
2322047,,@fixture.edu,0,10/15/2024 8:08 AM,10/15/2024 9:30 PM,10/19/2024 10:29 AM,354060,5,Returned: EPSON PROJECTOR - EPSON PROJ-101532 | GODOX LED LIGHT PANEL - GODOX LED-101533 | EQUIPMENT CRATE 12x12 - CRATE12-101534 | DELL XPS LAPTOP CHARGER - DELL XPS CHRG-101535 | MANFROTTO TRIPOD - MANFRO TRIPOD-101536 | 
5918715,,@fixture.edu,0,10/29/2024 8:17 AM,10/29/2024 9:30 PM,11/05/2024 6:29 PM,641520,6,Returned: LEXAR 128GB CF CARD - LEXAR CF128-101537 | NIKON Z6 III CAMERA CASE - NIKON Z6III CASE-101538 | MANFROTTO TRIPOD - MANFRO TRIPOD-101539 | FUJIFILM X-T5 BATTERY - FUJI XT5 BATT-101540 | NIKON Z6 III MIRRORLESS BODY - NIKON Z6III-101541 | XLR CABLE 25FT - XLR25-101542 | 
7067228,,@fixture.edu,0,11/04/2024 4:33 PM,11/05/2024 9:30 PM,11/08/2024 2:21 PM,337680,6,Returned: BENQ DATA PROJECTOR - BENQ PROJ-101543 | INSTA360 X4 BATTERY - INSTA X4 BATT-101544 | EQUIPMENT CRATE 12x12 - CRATE12-101545 | MACBOOK AIR CHARGING CABLE - MBA CABLE-101546 | XLR CABLE 15FT - XLR15-101547 | USB-C TO HDMI ADAPTER - USBC HDMI-101548 | 
4226067,,@fixture.edu,0,11/12/2024 8:33 AM,11/12/2024 9:30 PM,11/15/2024 2:58 PM,282300,5,Returned: FUJIFILM X-T5 BATTERY - FUJI XT5 BATT-101549 | MACBOOK AIR M3 CHARGER - MBA M3 CHRG-101550 | CARD READER - CARDRDR-101551 | GODOX LED LIGHT PANEL - GODOX LED-101552 | GODOX POWER SUPPLY - GODOX PSU-101553 | 
2166941,,@fixture.edu,0,11/18/2024 7:19 PM,11/19/2024 9:30 PM,11/22/2024 2:59 PM,330000,6,Returned: OLYMPUS 12-40mm LENS - OLY 1240 LENS-101554 | FUJIFILM X-T5 BODY - FUJI XT5-101555 | USB KEYBOARD - USB KYBD-101556 | RODE WIRELESS MIC - RODE WIRELESS-101557 | RODE MIC BATTERY - RODE MIC BATT-101558 | INSTA360 X4 CAMERA - INSTA X4-101559 | 
1768805,,@fixture.edu,0,11/25/2024 6:29 PM,11/26/2024 9:30 PM,11/27/2024 1:29 PM,154800,6,Returned: FUJIFILM X-T5 BODY - FUJI XT5-101560 | PANASONIC S5 II BODY - PANA S5II-101561 | XLR CABLE 15FT - XLR15-101562 | BENQ DATA PROJECTOR - BENQ PROJ-101563 | USB-C TO HDMI ADAPTER - USBC HDMI-101564 | META QUEST HEADSET - MQUEST HS-101565 | 
4823498,,@fixture.edu,0,12/02/2024 6:05 PM,12/03/2024 9:30 PM,12/05/2024 4:37 PM,253920,6,Returned: FUJIFILM X-T5 BATTERY - FUJI XT5 BATT-101566 | WACOM CINTIQ PEN - WACOM CINTIQ PEN-101567 | WACOM ONE TABLET - WACOM ONE-101568 | MACBOOK AIR M3 CHARGER - MBA M3 CHRG-101569 | NIKON Z6 III BATTERY - NIKON Z6III BATT-101570 | META QUEST CHARGING CABLE - MQUEST CABLE-101571 | 
5855124,,@fixture.edu,0,12/10/2024 9:49 AM,12/10/2024 9:30 PM,12/11/2024 10:47 AM,89880,6,Returned: PANASONIC S5 II BODY - PANA S5II-101572 | EQUIPMENT CRATE 12x12 - CRATE12-101573 | OLYMPUS 12-40mm LENS - OLY 1240 LENS-101574 | FUJIFILM X-T5 BATTERY - FUJI XT5 BATT-101575 | SANDISK 64GB SD CARD - SANDISK 64SD-101576 | PANASONIC S5 II BATTERY CHARGER - PANA S5II CHRG-101577 | 
2338687,,@fixture.edu,0,10/05/2024 3:57 PM,10/09/2024 9:30 PM,10/07/2024 7:53 AM,143760,8,Returned: EPSON PROJECTOR - EPSON PROJ-101578 | EPSON PROJECTOR HDMI CABLE - EPSON PROJ HDMI-101579 | BENQ DATA PROJECTOR - BENQ PROJ-101580 | MANFROTTO TRIPOD - MANFRO TRIPOD-101581 | MANFROTTO TRIPOD CASE - MANFRO CASE-101582 | LEXAR 128GB CF CARD - LEXAR CF128-101583 | NIKON Z6 III BATTERY CHARGER - NIKON Z6III CHRG-101584 | WACOM CINTIQ TABLET - WACOM CINTIQ-101585 | 
4905582,,@fixture.edu,0,10/21/2024 7:52 AM,10/23/2024 9:30 PM,10/23/2024 9:58 PM,223560,8,Returned: USB KEYBOARD - USB KYBD-101586 | OLYMPUS 12-40mm LENS - OLY 1240 LENS-101587 | ZOOM H5 RECORDER CASE - ZOOM H5 CASE-101588 | DELL XPS LAPTOP - DELL XPS-101589 | RODE WIRELESS MIC - RODE WIRELESS-101590 | GODOX LIGHT STAND - GODOX STAND-101591 | WACOM ONE TABLET - WACOM ONE-101592 | PANASONIC S5 II BATTERY CHARGER - PANA S5II CHRG-101593 | 
2694522,,@fixture.edu,0,10/25/2024 3:08 PM,10/30/2024 9:30 PM,10/30/2024 7:36 PM,448080,8,Returned: NIKON Z6 III BATTERY - NIKON Z6III BATT-101594 | PANASONIC S5 II BODY - PANA S5II-101595 | RODE WIRELESS MIC - RODE WIRELESS-101596 | FUJIFILM X-T5 BODY - FUJI XT5-101597 | USB KEYBOARD - USB KYBD-101598 | RODE WIRELESS MIC - RODE WIRELESS-101599 | XLR CABLE 25FT - XLR25-101600 | MACBOOK AIR M3 CHARGER - MBA M3 CHRG-101601 | 
7377459,,@fixture.edu,0,11/01/2024 3:33 PM,11/06/2024 9:30 PM,11/14/2024 7:36 AM,1094580,8,Returned: GODOX LIGHT STAND - GODOX STAND-101602 | FUJIFILM X-T5 BATTERY - FUJI XT5 BATT-101603 | USB-C MULTIPORT HUB - USBC HUB-101604 | PANASONIC S5 II BATTERY CHARGER - PANA S5II CHRG-101605 | EQUIPMENT CRATE 12x12 - CRATE12-101606 | XLR CABLE 15FT - XLR15-101607 | DELL XPS LAPTOP CHARGER - DELL XPS CHRG-101608 | MANFROTTO TRIPOD - MANFRO TRIPOD-101609 | 
5663623,,@fixture.edu,1,11/15/2024 2:56 PM,11/27/2024 9:30 PM,12/18/2024 8:09 AM,2826780,8,Returned: MACBOOK AIR M3 LAPTOP - MBA M3-101610 | SANDISK 128GB SD CARD - SANDISK 128SD-101611 | MANFROTTO TRIPOD - MANFRO TRIPOD-101612 | NIKON Z6 III CAMERA CASE - NIKON Z6III CASE-101613 | HDMI CABLE 10FT - HDMI10-101614 | GODOX LIGHT STAND - GODOX STAND-101615 | FUJIFILM X-T5 BODY - FUJI XT5-101616 | ZOOM H5 RECORDER - ZOOM H5-101617 | 
8606962,,@fixture.edu,0,11/27/2024 5:46 PM,12/04/2024 6:30 PM,12/02/2024 3:24 PM,423480,8,Returned: USB-C MULTIPORT HUB - USBC HUB-101618 | INSTA360 X4 BATTERY - INSTA X4 BATT-101619 | WACOM CINTIQ PEN - WACOM CINTIQ PEN-101620 | USB-C TO HDMI ADAPTER - USBC HDMI-101621 | USB KEYBOARD - USB KYBD-101622 | LOGITECH WIRELESS MOUSE - LOGI MOUSE-101623 | DELL XPS LAPTOP - DELL XPS-101624 | USB-C MULTIPORT HUB - USBC HUB-101625 | 
7120868,,@fixture.edu,0,12/06/2024 6:15 PM,12/11/2024 9:30 PM,12/09/2024 11:42 AM,235620,8,Returned: CARD READER - CARDRDR-101626 | MACBOOK AIR M3 CHARGER - MBA M3 CHRG-101627 | EQUIPMENT CRATE 12x12 - CRATE12-101628 | MACBOOK AIR M3 CHARGER - MBA M3 CHRG-101629 | FUJIFILM X-T5 BODY - FUJI XT5-101630 | META QUEST HEADSET - MQUEST HS-101631 | EPSON PROJECTOR HDMI CABLE - EPSON PROJ HDMI-101632 | MACBOOK AIR CHARGING CABLE - MBA CABLE-101633 | 
3728882,,@fixture.edu,0,10/08/2024 7:56 AM,10/08/2024 12:50 PM,10/08/2024 12:54 PM,17880,25,Returned: META QUEST HEADSET - MQUEST HS-101634 | LOGITECH WEBCAM - LOGI WEBCAM-101635 | GODOX POWER SUPPLY - GODOX PSU-101636 | HUION DRAWING TABLET - HUION TABLET-101637 | FUJIFILM 18-55mm LENS - FUJI 1855 LENS-101638 | HDMI CABLE 10FT - HDMI10-101639 | PANASONIC S5 II BODY - PANA S5II-101640 | INSTA360 X4 CASE - INSTA X4 CASE-101641 | INSTA360 X4 BATTERY - INSTA X4 BATT-101642 | LOGITECH WEBCAM - LOGI WEBCAM-101643 | FUJIFILM 18-55mm LENS - FUJI 1855 LENS-101644 | DELL XPS LAPTOP - DELL XPS-101645 | INSTA360 X4 CASE - INSTA X4 CASE-101646 | DELL XPS LAPTOP - DELL XPS-101647 | INSTA360 X4 CASE - INSTA X4 CASE-101648 | HUION DRAWING TABLET - HUION TABLET-101649 | LOGITECH WIRELESS MOUSE - LOGI MOUSE-101650 | MANFROTTO TRIPOD - MANFRO TRIPOD-101651 | META QUEST CONTROLLER - MQUEST CTRL-101652 | META QUEST CONTROLLER - MQUEST CTRL-101653 | NIKON Z6 III CAMERA CASE - NIKON Z6III CASE-101654 | XLR CABLE 25FT - XLR25-101655 | XLR CABLE 25FT - XLR25-101656 | RODE MIC BATTERY - RODE MIC BATT-101657 | MANFROTTO TRIPOD CASE - MANFRO CASE-101658 | 
7210606,,@fixture.edu,0,10/15/2024 7:53 AM,10/15/2024 12:50 PM,10/15/2024 12:59 PM,18360,25,Returned: MACBOOK AIR M3 LAPTOP - MBA M3-101659 | EQUIPMENT CRATE 12x12 - CRATE12-101660 | POWER STRIP - PWRSTRIP-101661 | HUION DRAWING TABLET - HUION TABLET-101662 | LAPTOP SLEEVE CASE - LAPTOP SLEEVE-101663 | DELL XPS LAPTOP - DELL XPS-101664 | AUDIO-TECHNICA HEADPHONES - AT HEADPHONES-101665 | OLYMPUS 12-40mm LENS - OLY 1240 LENS-101666 | WACOM CINTIQ PEN - WACOM CINTIQ PEN-101667 | HDMI CABLE 10FT - HDMI10-101668 | META QUEST CHARGING CABLE - MQUEST CABLE-101669 | META QUEST CONTROLLER - MQUEST CTRL-101670 | USB-C TO HDMI ADAPTER - USBC HDMI-101671 | FUJIFILM X-T5 BATTERY - FUJI XT5 BATT-101672 | MANFROTTO TRIPOD CASE - MANFRO CASE-101673 | USB-C MULTIPORT HUB - USBC HUB-101674 | ZOOM H5 RECORDER - ZOOM H5-101675 | AUDIO-TECHNICA HEADPHONES - AT HEADPHONES-101676 | XLR CABLE 25FT - XLR25-101677 | MACBOOK AIR M3 CHARGER - MBA M3 CHRG-101678 | WACOM ONE TABLET - WACOM ONE-101679 | NIKON Z6 III BATTERY CHARGER - NIKON Z6III CHRG-101680 | MANFROTTO TRIPOD CASE - MANFRO CASE-101681 | OLYMPUS OM-D E-M1 BODY - OLY EM1-101682 | WACOM ONE TABLET - WACOM ONE-101683 | 
6960453,,@fixture.edu,0,10/22/2024 7:51 AM,10/22/2024 12:50 PM,10/22/2024 9:59 AM,7680,25,Returned: EPSON PROJECTOR - EPSON PROJ-101684 | NIKON Z6 III BATTERY CHARGER - NIKON Z6III CHRG-101685 | EQUIPMENT CRATE 12x12 - CRATE12-101686 | ZOOM H5 RECORDER - ZOOM H5-101687 | LEXAR 128GB CF CARD - LEXAR CF128-101688 | HDMI CABLE 10FT - HDMI10-101689 | META QUEST CONTROLLER - MQUEST CTRL-101690 | META QUEST HEADSET - MQUEST HS-101691 | NIKON Z6 III BATTERY - NIKON Z6III BATT-101692 | LOGITECH WEBCAM - LOGI WEBCAM-101693 | RODE WIRELESS MIC - RODE WIRELESS-101694 | MANFROTTO TRIPOD CASE - MANFRO CASE-101695 | MACBOOK AIR CHARGING CABLE - MBA CABLE-101696 | EPSON PROJECTOR - EPSON PROJ-101697 | FUJIFILM X-T5 BATTERY - FUJI XT5 BATT-101698 | CARD READER - CARDRDR-101699 | OLYMPUS OM-D E-M1 BODY - OLY EM1-101700 | INSTA360 X4 BATTERY - INSTA X4 BATT-101701 | DELL XPS LAPTOP CHARGER - DELL XPS CHRG-101702 | LOGITECH WIRELESS MOUSE - LOGI MOUSE-101703 | MANFROTTO TRIPOD - MANFRO TRIPOD-101704 | AUDIO-TECHNICA HEADPHONES - AT HEADPHONES-101705 | GODOX LED LIGHT PANEL - GODOX LED-101706 | PANASONIC S5 II BATTERY CHARGER - PANA S5II CHRG-101707 | SANDISK 64GB SD CARD - SANDISK 64SD-101708 | 
4514944,,@fixture.edu,0,10/29/2024 7:56 AM,10/29/2024 12:50 PM,10/29/2024 1:01 PM,18300,25,Returned: LOGITECH WIRELESS MOUSE - LOGI MOUSE-101709 | BENQ DATA PROJECTOR - BENQ PROJ-101710 | HDMI CABLE 10FT - HDMI10-101711 | CARD READER - CARDRDR-101712 | LOGITECH WIRELESS MOUSE - LOGI MOUSE-101713 | LAPTOP SLEEVE CASE - LAPTOP SLEEVE-101714 | OLYMPUS 12-40mm LENS - OLY 1240 LENS-101715 | RODE MIC BATTERY - RODE MIC BATT-101716 | MACBOOK AIR CHARGING CABLE - MBA CABLE-101717 | OLYMPUS OM-D E-M1 BODY - OLY EM1-101718 | USB KEYBOARD - USB KYBD-101719 | EQUIPMENT CRATE 12x12 - CRATE12-101720 | NIKON Z6 III BATTERY - NIKON Z6III BATT-101721 | PANASONIC S5 II BATTERY CHARGER - PANA S5II CHRG-101722 | LOGITECH WIRELESS MOUSE - LOGI MOUSE-101723 | USB KEYBOARD - USB KYBD-101724 | LEXAR 128GB CF CARD - LEXAR CF128-101725 | MACBOOK AIR M3 LAPTOP - MBA M3-101726 | META QUEST CONTROLLER - MQUEST CTRL-101727 | EPSON PROJECTOR - EPSON PROJ-101728 | MANFROTTO TRIPOD CASE - MANFRO CASE-101729 | LOGITECH WIRELESS MOUSE - LOGI MOUSE-101730 | MACBOOK AIR CHARGING CABLE - MBA CABLE-101731 | HUION DRAWING TABLET - HUION TABLET-101732 | FUJIFILM 18-55mm LENS - FUJI 1855 LENS-101733 | 
5479144,,@fixture.edu,0,11/05/2024 8:11 AM,11/05/2024 12:50 PM,11/05/2024 1:02 PM,17460,25,Returned: NIKON Z6 III BATTERY - NIKON Z6III BATT-101734 | XLR CABLE 15FT - XLR15-101735 | WACOM CINTIQ PEN - WACOM CINTIQ PEN-101736 | PANASONIC S5 II BODY - PANA S5II-101737 | CARD READER - CARDRDR-101738 | WACOM CINTIQ PEN - WACOM CINTIQ PEN-101739 | ZOOM H5 RECORDER CASE - ZOOM H5 CASE-101740 | OLYMPUS 12-40mm LENS - OLY 1240 LENS-101741 | META QUEST HEADSET - MQUEST HS-101742 | HDMI CABLE 10FT - HDMI10-101743 | GODOX POWER SUPPLY - GODOX PSU-101744 | MANFROTTO TRIPOD CASE - MANFRO CASE-101745 | XLR CABLE 25FT - XLR25-101746 | OLYMPUS 12-40mm LENS - OLY 1240 LENS-101747 | WACOM CINTIQ TABLET - WACOM CINTIQ-101748 | INSTA360 X4 BATTERY - INSTA X4 BATT-101749 | CARD READER - CARDRDR-101750 | GODOX LED LIGHT PANEL - GODOX LED-101751 | GODOX POWER SUPPLY - GODOX PSU-101752 | MANFROTTO TRIPOD - MANFRO TRIPOD-101753 | AUDIO-TECHNICA HEADPHONES - AT HEADPHONES-101754 | NIKON Z6 III BATTERY - NIKON Z6III BATT-101755 | EXTENSION CORD 10FT - EXTCORD10-101756 | EXTENSION CORD 10FT - EXTCORD10-101757 | NIKON Z6 III MIRRORLESS BODY - NIKON Z6III-101758 | 
2197935,,@fixture.edu,0,11/12/2024 7:54 AM,11/12/2024 12:50 PM,11/12/2024 1:02 PM,18480,25,Returned: META QUEST CONTROLLER - MQUEST CTRL-101759 | GODOX LED LIGHT PANEL - GODOX LED-101760 | WACOM ONE TABLET - WACOM ONE-101761 | NIKON Z6 III MIRRORLESS BODY - NIKON Z6III-101762 | LEXAR 128GB CF CARD - LEXAR CF128-101763 | LOGITECH WEBCAM - LOGI WEBCAM-101764 | RODE WIRELESS MIC - RODE WIRELESS-101765 | INSTA360 X4 BATTERY - INSTA X4 BATT-101766 | GODOX LED LIGHT PANEL - GODOX LED-101767 | DELL XPS LAPTOP - DELL XPS-101768 | XLR CABLE 15FT - XLR15-101769 | ZOOM H5 RECORDER CASE - ZOOM H5 CASE-101770 | LEXAR 128GB CF CARD - LEXAR CF128-101771 | MACBOOK AIR M3 LAPTOP - MBA M3-101772 | GODOX POWER SUPPLY - GODOX PSU-101773 | LOGITECH WIRELESS MOUSE - LOGI MOUSE-101774 | XLR CABLE 25FT - XLR25-101775 | FUJIFILM X-T5 BATTERY - FUJI XT5 BATT-101776 | LAPTOP SLEEVE CASE - LAPTOP SLEEVE-101777 | GODOX LIGHT STAND - GODOX STAND-101778 | USB KEYBOARD - USB KYBD-101779 | XLR CABLE 15FT - XLR15-101780 | GODOX LED LIGHT PANEL - GODOX LED-101781 | WACOM ONE TABLET - WACOM ONE-101782 | RODE WIRELESS MIC - RODE WIRELESS-101783 | 
3871230,,@fixture.edu,0,10/04/2024 7:54 AM,10/04/2024 1:00 PM,10/04/2024 12:55 PM,18060,50,Returned: FUJIFILM X-T5 BATTERY - FUJI XT5 BATT-101784 | NIKON Z6 III CAMERA CASE - NIKON Z6III CASE-101785 | INSTA360 X4 CASE - INSTA X4 CASE-101786 | GODOX LED LIGHT PANEL - GODOX LED-101787 | CARD READER - CARDRDR-101788 | MANFROTTO TRIPOD - MANFRO TRIPOD-101789 | EPSON PROJECTOR HDMI CABLE - EPSON PROJ HDMI-101790 | META QUEST HEADSET - MQUEST HS-101791 | RODE WIRELESS MIC - RODE WIRELESS-101792 | OLYMPUS 12-40mm LENS - OLY 1240 LENS-101793 | EXTENSION CORD 10FT - EXTCORD10-101794 | META QUEST HEADSET - MQUEST HS-101795 | LOGITECH WEBCAM - LOGI WEBCAM-101796 | LOGITECH WEBCAM - LOGI WEBCAM-101797 | WACOM ONE TABLET - WACOM ONE-101798 | GODOX LIGHT STAND - GODOX STAND-101799 | GODOX POWER SUPPLY - GODOX PSU-101800 | EPSON PROJECTOR HDMI CABLE - EPSON PROJ HDMI-101801 | GODOX LIGHT STAND - GODOX STAND-101802 | INSTA360 X4 CASE - INSTA X4 CASE-101803 | MANFROTTO TRIPOD - MANFRO TRIPOD-101804 | DELL XPS LAPTOP - DELL XPS-101805 | XLR CABLE 25FT - XLR25-101806 | NIKON Z6 III BATTERY - NIKON Z6III BATT-101807 | EPSON PROJECTOR - EPSON PROJ-101808 | WACOM CINTIQ TABLET - WACOM CINTIQ-101809 | PANASONIC S5 II BATTERY CHARGER - PANA S5II CHRG-101810 | EPSON PROJECTOR HDMI CABLE - EPSON PROJ HDMI-101811 | SANDISK 128GB SD CARD - SANDISK 128SD-101812 | USB-C MULTIPORT HUB - USBC HUB-101813 | POWER STRIP - PWRSTRIP-101814 | META QUEST HEADSET - MQUEST HS-101815 | GODOX LIGHT STAND - GODOX STAND-101816 | MACBOOK AIR CHARGING CABLE - MBA CABLE-101817 | USB KEYBOARD - USB KYBD-101818 | USB KEYBOARD - USB KYBD-101819 | EQUIPMENT CRATE 12x12 - CRATE12-101820 | PANASONIC S5 II BODY - PANA S5II-101821 | FUJIFILM X-T5 BATTERY - FUJI XT5 BATT-101822 | OLYMPUS OM-D E-M1 BODY - OLY EM1-101823 | MANFROTTO TRIPOD - MANFRO TRIPOD-101824 | LOGITECH WEBCAM - LOGI WEBCAM-101825 | HDMI CABLE 10FT - HDMI10-101826 | PANASONIC S5 II BATTERY CHARGER - PANA S5II CHRG-101827 | GODOX POWER SUPPLY - GODOX PSU-101828 | ZOOM H5 RECORDER - ZOOM H5-101829 | FUJIFILM X-T5 BODY - FUJI XT5-101830 | ZOOM H5 RECORDER CASE - ZOOM H5 CASE-101831 | BENQ DATA PROJECTOR - BENQ PROJ-101832 | RODE WIRELESS MIC - RODE WIRELESS-101833 | 
9961380,,@fixture.edu,0,10/11/2024 7:50 AM,10/11/2024 1:00 PM,10/11/2024 12:16 PM,15960,50,Returned: POWER STRIP - PWRSTRIP-101834 | ZOOM H5 RECORDER - ZOOM H5-101835 | MANFROTTO TRIPOD - MANFRO TRIPOD-101836 | RODE WIRELESS MIC - RODE WIRELESS-101837 | USB KEYBOARD - USB KYBD-101838 | MACBOOK AIR M3 LAPTOP - MBA M3-101839 | CARD READER - CARDRDR-101840 | WACOM CINTIQ PEN - WACOM CINTIQ PEN-101841 | META QUEST CHARGING CABLE - MQUEST CABLE-101842 | NIKON Z6 III CAMERA CASE - NIKON Z6III CASE-101843 | EQUIPMENT CRATE 12x12 - CRATE12-101844 | MACBOOK AIR CHARGING CABLE - MBA CABLE-101845 | CARD READER - CARDRDR-101846 | XLR CABLE 15FT - XLR15-101847 | RODE WIRELESS MIC - RODE WIRELESS-101848 | NIKON Z6 III BATTERY CHARGER - NIKON Z6III CHRG-101849 | USB KEYBOARD - USB KYBD-101850 | OLYMPUS OM-D E-M1 BODY - OLY EM1-101851 | SANDISK 64GB SD CARD - SANDISK 64SD-101852 | AUDIO-TECHNICA HEADPHONES - AT HEADPHONES-101853 | WACOM CINTIQ TABLET - WACOM CINTIQ-101854 | META QUEST HEADSET - MQUEST HS-101855 | MACBOOK AIR M3 LAPTOP - MBA M3-101856 | RODE MIC BATTERY - RODE MIC BATT-101857 | EPSON PROJECTOR HDMI CABLE - EPSON PROJ HDMI-101858 | EXTENSION CORD 10FT - EXTCORD10-101859 | MACBOOK AIR M3 CHARGER - MBA M3 CHRG-101860 | HUION DRAWING TABLET - HUION TABLET-101861 | PANASONIC S5 II BODY - PANA S5II-101862 | HUION DRAWING TABLET - HUION TABLET-101863 | NIKON Z6 III MIRRORLESS BODY - NIKON Z6III-101864 | MANFROTTO TRIPOD CASE - MANFRO CASE-101865 | HDMI CABLE 10FT - HDMI10-101866 | PANASONIC S5 II BODY - PANA S5II-101867 | EXTENSION CORD 10FT - EXTCORD10-101868 | MACBOOK AIR M3 CHARGER - MBA M3 CHRG-101869 | HDMI CABLE 10FT - HDMI10-101870 | FUJIFILM X-T5 BODY - FUJI XT5-101871 | WACOM ONE TABLET - WACOM ONE-101872 | HUION DRAWING TABLET - HUION TABLET-101873 | AUDIO-TECHNICA HEADPHONES - AT HEADPHONES-101874 | INSTA360 X4 BATTERY - INSTA X4 BATT-101875 | XLR CABLE 25FT - XLR25-101876 | NIKON Z6 III BATTERY CHARGER - NIKON Z6III CHRG-101877 | PANASONIC S5 II BATTERY CHARGER - PANA S5II CHRG-101878 | XLR CABLE 15FT - XLR15-101879 | NIKON Z6 III MIRRORLESS BODY - NIKON Z6III-101880 | RODE MIC BATTERY - RODE MIC BATT-101881 | LOGITECH WIRELESS MOUSE - LOGI MOUSE-101882 | PANASONIC S5 II BATTERY CHARGER - PANA S5II CHRG-101883 | 
5107245,,@fixture.edu,0,10/18/2024 7:59 AM,10/18/2024 1:00 PM,10/18/2024 12:51 PM,17520,50,Returned: GODOX POWER SUPPLY - GODOX PSU-101884 | HUION DRAWING TABLET - HUION TABLET-101885 | LEXAR 128GB CF CARD - LEXAR CF128-101886 | EPSON PROJECTOR - EPSON PROJ-101887 | ZOOM H5 RECORDER - ZOOM H5-101888 | OLYMPUS OM-D E-M1 BODY - OLY EM1-101889 | XLR CABLE 25FT - XLR25-101890 | WACOM CINTIQ PEN - WACOM CINTIQ PEN-101891 | PANASONIC S5 II BODY - PANA S5II-101892 | LOGITECH WIRELESS MOUSE - LOGI MOUSE-101893 | RODE WIRELESS MIC - RODE WIRELESS-101894 | MANFROTTO TRIPOD CASE - MANFRO CASE-101895 | BENQ DATA PROJECTOR - BENQ PROJ-101896 | WACOM CINTIQ PEN - WACOM CINTIQ PEN-101897 | ZOOM H5 RECORDER - ZOOM H5-101898 | EQUIPMENT CRATE 12x12 - CRATE12-101899 | INSTA360 X4 CASE - INSTA X4 CASE-101900 | ZOOM H5 RECORDER - ZOOM H5-101901 | META QUEST HEADSET - MQUEST HS-101902 | ZOOM H5 RECORDER CASE - ZOOM H5 CASE-101903 | PANASONIC S5 II BATTERY CHARGER - PANA S5II CHRG-101904 | INSTA360 X4 CAMERA - INSTA X4-101905 | META QUEST CONTROLLER - MQUEST CTRL-101906 | AUDIO-TECHNICA HEADPHONES - AT HEADPHONES-101907 | SANDISK 128GB SD CARD - SANDISK 128SD-101908 | EPSON PROJECTOR HDMI CABLE - EPSON PROJ HDMI-101909 | OLYMPUS OM-D E-M1 BODY - OLY EM1-101910 | BENQ DATA PROJECTOR - BENQ PROJ-101911 | WACOM CINTIQ PEN - WACOM CINTIQ PEN-101912 | PANASONIC S5 II BODY - PANA S5II-101913 | XLR CABLE 15FT - XLR15-101914 | GODOX LED LIGHT PANEL - GODOX LED-101915 | NIKON Z6 III BATTERY CHARGER - NIKON Z6III CHRG-101916 | EQUIPMENT CRATE 12x12 - CRATE12-101917 | MANFROTTO TRIPOD - MANFRO TRIPOD-101918 | USB-C MULTIPORT HUB - USBC HUB-101919 | NIKON Z6 III BATTERY CHARGER - NIKON Z6III CHRG-101920 | INSTA360 X4 CASE - INSTA X4 CASE-101921 | GODOX LIGHT STAND - GODOX STAND-101922 | GODOX LED LIGHT PANEL - GODOX LED-101923 | NIKON Z6 III BATTERY - NIKON Z6III BATT-101924 | GODOX POWER SUPPLY - GODOX PSU-101925 | AUDIO-TECHNICA HEADPHONES - AT HEADPHONES-101926 | XLR CABLE 15FT - XLR15-101927 | USB-C TO HDMI ADAPTER - USBC HDMI-101928 | MACBOOK AIR M3 CHARGER - MBA M3 CHRG-101929 | OLYMPUS 12-40mm LENS - OLY 1240 LENS-101930 | EPSON PROJECTOR - EPSON PROJ-101931 | HUION DRAWING TABLET - HUION TABLET-101932 | RODE WIRELESS MIC - RODE WIRELESS-101933 | 
3741438,,@fixture.edu,0,10/25/2024 7:46 AM,10/25/2024 1:00 PM,10/29/2024 7:48 AM,345720,50,Returned: GODOX LIGHT STAND - GODOX STAND-101934 | GODOX LIGHT STAND - GODOX STAND-101935 | MANFROTTO TRIPOD - MANFRO TRIPOD-101936 | WACOM ONE TABLET - WACOM ONE-101937 | OLYMPUS OM-D E-M1 BODY - OLY EM1-101938 | LOGITECH WIRELESS MOUSE - LOGI MOUSE-101939 | FUJIFILM X-T5 BATTERY - FUJI XT5 BATT-101940 | EPSON PROJECTOR HDMI CABLE - EPSON PROJ HDMI-101941 | FUJIFILM 18-55mm LENS - FUJI 1855 LENS-101942 | FUJIFILM 18-55mm LENS - FUJI 1855 LENS-101943 | FUJIFILM X-T5 BATTERY - FUJI XT5 BATT-101944 | PANASONIC S5 II BATTERY CHARGER - PANA S5II CHRG-101945 | PANASONIC S5 II BATTERY CHARGER - PANA S5II CHRG-101946 | MANFROTTO TRIPOD - MANFRO TRIPOD-101947 | LAPTOP SLEEVE CASE - LAPTOP SLEEVE-101948 | SANDISK 64GB SD CARD - SANDISK 64SD-101949 | EPSON PROJECTOR - EPSON PROJ-101950 | RODE WIRELESS MIC - RODE WIRELESS-101951 | NIKON Z6 III BATTERY CHARGER - NIKON Z6III CHRG-101952 | MACBOOK AIR CHARGING CABLE - MBA CABLE-101953 | SANDISK 64GB SD CARD - SANDISK 64SD-101954 | META QUEST CHARGING CABLE - MQUEST CABLE-101955 | ZOOM H5 RECORDER - ZOOM H5-101956 | NIKON Z6 III MIRRORLESS BODY - NIKON Z6III-101957 | GODOX LIGHT STAND - GODOX STAND-101958 | META QUEST HEADSET - MQUEST HS-101959 | LOGITECH WIRELESS MOUSE - LOGI MOUSE-101960 | GODOX LIGHT STAND - GODOX STAND-101961 | OLYMPUS 12-40mm LENS - OLY 1240 LENS-101962 | FUJIFILM X-T5 BODY - FUJI XT5-101963 | LAPTOP SLEEVE CASE - LAPTOP SLEEVE-101964 | EPSON PROJECTOR HDMI CABLE - EPSON PROJ HDMI-101965 | FUJIFILM X-T5 BATTERY - FUJI XT5 BATT-101966 | MANFROTTO TRIPOD - MANFRO TRIPOD-101967 | SANDISK 128GB SD CARD - SANDISK 128SD-101968 | INSTA360 X4 CASE - INSTA X4 CASE-101969 | RODE WIRELESS MIC - RODE WIRELESS-101970 | MACBOOK AIR M3 LAPTOP - MBA M3-101971 | FUJIFILM X-T5 BATTERY - FUJI XT5 BATT-101972 | PANASONIC S5 II BODY - PANA S5II-101973 | NIKON Z6 III BATTERY CHARGER - NIKON Z6III CHRG-101974 | MANFROTTO TRIPOD CASE - MANFRO CASE-101975 | LOGITECH WEBCAM - LOGI WEBCAM-101976 | RODE MIC BATTERY - RODE MIC BATT-101977 | BENQ DATA PROJECTOR - BENQ PROJ-101978 | FUJIFILM X-T5 BATTERY - FUJI XT5 BATT-101979 | HDMI CABLE 10FT - HDMI10-101980 | NIKON Z6 III BATTERY CHARGER - NIKON Z6III CHRG-101981 | USB KEYBOARD - USB KYBD-101982 | GODOX LIGHT STAND - GODOX STAND-101983 | 
8755439,,@fixture.edu,0,11/01/2024 8:05 AM,11/01/2024 1:00 PM,11/01/2024 12:37 PM,16320,50,Returned: PANASONIC S5 II BODY - PANA S5II-101984 | ZOOM H5 RECORDER CASE - ZOOM H5 CASE-101985 | DELL XPS LAPTOP CHARGER - DELL XPS CHRG-101986 | HUION DRAWING TABLET - HUION TABLET-101987 | EQUIPMENT CRATE 12x12 - CRATE12-101988 | FUJIFILM X-T5 BATTERY - FUJI XT5 BATT-101989 | LOGITECH WEBCAM - LOGI WEBCAM-101990 | PANASONIC S5 II BATTERY CHARGER - PANA S5II CHRG-101991 | AUDIO-TECHNICA HEADPHONES - AT HEADPHONES-101992 | INSTA360 X4 CAMERA - INSTA X4-101993 | MANFROTTO TRIPOD - MANFRO TRIPOD-101994 | XLR CABLE 25FT - XLR25-101995 | USB KEYBOARD - USB KYBD-101996 | POWER STRIP - PWRSTRIP-101997 | GODOX LED LIGHT PANEL - GODOX LED-101998 | POWER STRIP - PWRSTRIP-101999 | FUJIFILM 18-55mm LENS - FUJI 1855 LENS-102000 | EPSON PROJECTOR - EPSON PROJ-102001 | NIKON Z6 III CAMERA CASE - NIKON Z6III CASE-102002 | META QUEST CHARGING CABLE - MQUEST CABLE-102003 | OLYMPUS 12-40mm LENS - OLY 1240 LENS-102004 | AUDIO-TECHNICA HEADPHONES - AT HEADPHONES-102005 | WACOM CINTIQ PEN - WACOM CINTIQ PEN-102006 | LOGITECH WEBCAM - LOGI WEBCAM-102007 | GODOX POWER SUPPLY - GODOX PSU-102008 | PANASONIC S5 II BODY - PANA S5II-102009 | XLR CABLE 15FT - XLR15-102010 | ZOOM H5 RECORDER CASE - ZOOM H5 CASE-102011 | NIKON Z6 III BATTERY - NIKON Z6III BATT-102012 | GODOX POWER SUPPLY - GODOX PSU-102013 | USB KEYBOARD - USB KYBD-102014 | INSTA360 X4 BATTERY - INSTA X4 BATT-102015 | OLYMPUS OM-D E-M1 BODY - OLY EM1-102016 | META QUEST CONTROLLER - MQUEST CTRL-102017 | FUJIFILM 18-55mm LENS - FUJI 1855 LENS-102018 | AUDIO-TECHNICA HEADPHONES - AT HEADPHONES-102019 | NIKON Z6 III BATTERY CHARGER - NIKON Z6III CHRG-102020 | MANFROTTO TRIPOD - MANFRO TRIPOD-102021 | RODE MIC BATTERY - RODE MIC BATT-102022 | EPSON PROJECTOR - EPSON PROJ-102023 | GODOX POWER SUPPLY - GODOX PSU-102024 | EXTENSION CORD 10FT - EXTCORD10-102025 | WACOM CINTIQ TABLET - WACOM CINTIQ-102026 | WACOM CINTIQ TABLET - WACOM CINTIQ-102027 | INSTA360 X4 BATTERY - INSTA X4 BATT-102028 | GODOX LIGHT STAND - GODOX STAND-102029 | ZOOM H5 RECORDER - ZOOM H5-102030 | LAPTOP SLEEVE CASE - LAPTOP SLEEVE-102031 | EPSON PROJECTOR - EPSON PROJ-102032 | FUJIFILM X-T5 BATTERY - FUJI XT5 BATT-102033 | 
7366205,,@fixture.edu,0,11/08/2024 8:12 AM,11/08/2024 1:00 PM,11/08/2024 12:32 PM,15600,50,Returned: GODOX LIGHT STAND - GODOX STAND-102034 | LEXAR 128GB CF CARD - LEXAR CF128-102035 | ZOOM H5 RECORDER CASE - ZOOM H5 CASE-102036 | GODOX POWER SUPPLY - GODOX PSU-102037 | XLR CABLE 25FT - XLR25-102038 | USB KEYBOARD - USB KYBD-102039 | USB-C TO HDMI ADAPTER - USBC HDMI-102040 | INSTA360 X4 CASE - INSTA X4 CASE-102041 | NIKON Z6 III CAMERA CASE - NIKON Z6III CASE-102042 | GODOX LED LIGHT PANEL - GODOX LED-102043 | OLYMPUS 12-40mm LENS - OLY 1240 LENS-102044 | USB KEYBOARD - USB KYBD-102045 | USB KEYBOARD - USB KYBD-102046 | CARD READER - CARDRDR-102047 | FUJIFILM X-T5 BODY - FUJI XT5-102048 | MACBOOK AIR CHARGING CABLE - MBA CABLE-102049 | LEXAR 128GB CF CARD - LEXAR CF128-102050 | INSTA360 X4 BATTERY - INSTA X4 BATT-102051 | NIKON Z6 III BATTERY CHARGER - NIKON Z6III CHRG-102052 | SANDISK 128GB SD CARD - SANDISK 128SD-102053 | GODOX LED LIGHT PANEL - GODOX LED-102054 | AUDIO-TECHNICA HEADPHONES - AT HEADPHONES-102055 | SANDISK 128GB SD CARD - SANDISK 128SD-102056 | MACBOOK AIR M3 LAPTOP - MBA M3-102057 | LOGITECH WEBCAM - LOGI WEBCAM-102058 | DELL XPS LAPTOP CHARGER - DELL XPS CHRG-102059 | CARD READER - CARDRDR-102060 | DELL XPS LAPTOP CHARGER - DELL XPS CHRG-102061 | FUJIFILM 18-55mm LENS - FUJI 1855 LENS-102062 | MACBOOK AIR CHARGING CABLE - MBA CABLE-102063 | GODOX LED LIGHT PANEL - GODOX LED-102064 | FUJIFILM X-T5 BATTERY - FUJI XT5 BATT-102065 | AUDIO-TECHNICA HEADPHONES - AT HEADPHONES-102066 | USB-C TO HDMI ADAPTER - USBC HDMI-102067 | NIKON Z6 III MIRRORLESS BODY - NIKON Z6III-102068 | FUJIFILM X-T5 BODY - FUJI XT5-102069 | WACOM ONE TABLET - WACOM ONE-102070 | HUION DRAWING TABLET - HUION TABLET-102071 | RODE WIRELESS MIC - RODE WIRELESS-102072 | MACBOOK AIR CHARGING CABLE - MBA CABLE-102073 | SANDISK 64GB SD CARD - SANDISK 64SD-102074 | GODOX LIGHT STAND - GODOX STAND-102075 | INSTA360 X4 CAMERA - INSTA X4-102076 | ZOOM H5 RECORDER CASE - ZOOM H5 CASE-102077 | NIKON Z6 III BATTERY CHARGER - NIKON Z6III CHRG-102078 | SANDISK 128GB SD CARD - SANDISK 128SD-102079 | DELL XPS LAPTOP CHARGER - DELL XPS CHRG-102080 | USB-C TO HDMI ADAPTER - USBC HDMI-102081 | HUION DRAWING TABLET - HUION TABLET-102082 | MACBOOK AIR M3 CHARGER - MBA M3 CHRG-102083 | 
5528972,,@fixture.edu,0,11/15/2024 7:56 AM,11/15/2024 1:00 PM,11/15/2024 12:55 PM,17940,50,Returned: GODOX LIGHT STAND - GODOX STAND-102084 | EPSON PROJECTOR HDMI CABLE - EPSON PROJ HDMI-102085 | FUJIFILM 18-55mm LENS - FUJI 1855 LENS-102086 | HDMI CABLE 10FT - HDMI10-102087 | SANDISK 128GB SD CARD - SANDISK 128SD-102088 | ZOOM H5 RECORDER - ZOOM H5-102089 | LOGITECH WIRELESS MOUSE - LOGI MOUSE-102090 | INSTA360 X4 BATTERY - INSTA X4 BATT-102091 | RODE WIRELESS MIC - RODE WIRELESS-102092 | LAPTOP SLEEVE CASE - LAPTOP SLEEVE-102093 | EPSON PROJECTOR - EPSON PROJ-102094 | NIKON Z6 III BATTERY CHARGER - NIKON Z6III CHRG-102095 | PANASONIC S5 II BODY - PANA S5II-102096 | OLYMPUS OM-D E-M1 BODY - OLY EM1-102097 | EPSON PROJECTOR HDMI CABLE - EPSON PROJ HDMI-102098 | EPSON PROJECTOR HDMI CABLE - EPSON PROJ HDMI-102099 | FUJIFILM X-T5 BATTERY - FUJI XT5 BATT-102100 | WACOM ONE TABLET - WACOM ONE-102101 | PANASONIC S5 II BATTERY CHARGER - PANA S5II CHRG-102102 | META QUEST CHARGING CABLE - MQUEST CABLE-102103 | XLR CABLE 25FT - XLR25-102104 | MACBOOK AIR M3 LAPTOP - MBA M3-102105 | EXTENSION CORD 10FT - EXTCORD10-102106 | EPSON PROJECTOR HDMI CABLE - EPSON PROJ HDMI-102107 | FUJIFILM X-T5 BATTERY - FUJI XT5 BATT-102108 | AUDIO-TECHNICA HEADPHONES - AT HEADPHONES-102109 | META QUEST CONTROLLER - MQUEST CTRL-102110 | USB KEYBOARD - USB KYBD-102111 | WACOM CINTIQ PEN - WACOM CINTIQ PEN-102112 | EXTENSION CORD 10FT - EXTCORD10-102113 | DELL XPS LAPTOP CHARGER - DELL XPS CHRG-102114 | GODOX LIGHT STAND - GODOX STAND-102115 | INSTA360 X4 CAMERA - INSTA X4-102116 | OLYMPUS OM-D E-M1 BODY - OLY EM1-102117 | MACBOOK AIR CHARGING CABLE - MBA CABLE-102118 | USB-C MULTIPORT HUB - USBC HUB-102119 | NIKON Z6 III BATTERY CHARGER - NIKON Z6III CHRG-102120 | META QUEST CHARGING CABLE - MQUEST CABLE-102121 | USB KEYBOARD - USB KYBD-102122 | MACBOOK AIR M3 CHARGER - MBA M3 CHRG-102123 | MACBOOK AIR CHARGING CABLE - MBA CABLE-102124 | META QUEST CONTROLLER - MQUEST CTRL-102125 | PANASONIC S5 II BODY - PANA S5II-102126 | WACOM CINTIQ TABLET - WACOM CINTIQ-102127 | BENQ DATA PROJECTOR - BENQ PROJ-102128 | OLYMPUS OM-D E-M1 BODY - OLY EM1-102129 | XLR CABLE 25FT - XLR25-102130 | WACOM ONE TABLET - WACOM ONE-102131 | EQUIPMENT CRATE 12x12 - CRATE12-102132 | MACBOOK AIR CHARGING CABLE - MBA CABLE-102133 | 
4684531,,@fixture.edu,0,11/22/2024 8:04 AM,11/22/2024 1:00 PM,11/22/2024 12:41 PM,16620,50,Returned: XLR CABLE 25FT - XLR25-102134 | INSTA360 X4 BATTERY - INSTA X4 BATT-102135 | META QUEST CONTROLLER - MQUEST CTRL-102136 | HDMI CABLE 10FT - HDMI10-102137 | MANFROTTO TRIPOD CASE - MANFRO CASE-102138 | INSTA360 X4 CAMERA - INSTA X4-102139 | INSTA360 X4 BATTERY - INSTA X4 BATT-102140 | DELL XPS LAPTOP CHARGER - DELL XPS CHRG-102141 | OLYMPUS OM-D E-M1 BODY - OLY EM1-102142 | AUDIO-TECHNICA HEADPHONES - AT HEADPHONES-102143 | EPSON PROJECTOR - EPSON PROJ-102144 | HDMI CABLE 10FT - HDMI10-102145 | RODE WIRELESS MIC - RODE WIRELESS-102146 | EPSON PROJECTOR - EPSON PROJ-102147 | CARD READER - CARDRDR-102148 | EPSON PROJECTOR HDMI CABLE - EPSON PROJ HDMI-102149 | META QUEST CHARGING CABLE - MQUEST CABLE-102150 | HUION DRAWING TABLET - HUION TABLET-102151 | SANDISK 64GB SD CARD - SANDISK 64SD-102152 | HUION DRAWING TABLET - HUION TABLET-102153 | MANFROTTO TRIPOD CASE - MANFRO CASE-102154 | ZOOM H5 RECORDER - ZOOM H5-102155 | GODOX LIGHT STAND - GODOX STAND-102156 | INSTA360 X4 BATTERY - INSTA X4 BATT-102157 | GODOX LED LIGHT PANEL - GODOX LED-102158 | INSTA360 X4 CAMERA - INSTA X4-102159 | MACBOOK AIR CHARGING CABLE - MBA CABLE-102160 | EPSON PROJECTOR - EPSON PROJ-102161 | RODE MIC BATTERY - RODE MIC BATT-102162 | FUJIFILM 18-55mm LENS - FUJI 1855 LENS-102163 | ZOOM H5 RECORDER CASE - ZOOM H5 CASE-102164 | MACBOOK AIR M3 CHARGER - MBA M3 CHRG-102165 | WACOM CINTIQ TABLET - WACOM CINTIQ-102166 | GODOX LIGHT STAND - GODOX STAND-102167 | AUDIO-TECHNICA HEADPHONES - AT HEADPHONES-102168 | HDMI CABLE 10FT - HDMI10-102169 | USB KEYBOARD - USB KYBD-102170 | MANFROTTO TRIPOD CASE - MANFRO CASE-102171 | USB KEYBOARD - USB KYBD-102172 | LOGITECH WEBCAM - LOGI WEBCAM-102173 | LAPTOP SLEEVE CASE - LAPTOP SLEEVE-102174 | NIKON Z6 III BATTERY - NIKON Z6III BATT-102175 | OLYMPUS OM-D E-M1 BODY - OLY EM1-102176 | GODOX LIGHT STAND - GODOX STAND-102177 | PANASONIC S5 II BATTERY CHARGER - PANA S5II CHRG-102178 | HDMI CABLE 10FT - HDMI10-102179 | OLYMPUS 12-40mm LENS - OLY 1240 LENS-102180 | MANFROTTO TRIPOD CASE - MANFRO CASE-102181 | LEXAR 128GB CF CARD - LEXAR CF128-102182 | USB KEYBOARD - USB KYBD-102183 | 
6440561,,@fixture.edu,0,12/06/2024 7:53 AM,12/06/2024 1:00 PM,12/06/2024 1:06 PM,18780,50,Returned: GODOX POWER SUPPLY - GODOX PSU-102184 | RODE WIRELESS MIC - RODE WIRELESS-102185 | HDMI CABLE 10FT - HDMI10-102186 | NIKON Z6 III BATTERY - NIKON Z6III BATT-102187 | LOGITECH WEBCAM - LOGI WEBCAM-102188 | FUJIFILM X-T5 BATTERY - FUJI XT5 BATT-102189 | CARD READER - CARDRDR-102190 | BENQ DATA PROJECTOR - BENQ PROJ-102191 | CARD READER - CARDRDR-102192 | BENQ DATA PROJECTOR - BENQ PROJ-102193 | USB-C TO HDMI ADAPTER - USBC HDMI-102194 | LEXAR 128GB CF CARD - LEXAR CF128-102195 | POWER STRIP - PWRSTRIP-102196 | POWER STRIP - PWRSTRIP-102197 | MANFROTTO TRIPOD CASE - MANFRO CASE-102198 | GODOX LIGHT STAND - GODOX STAND-102199 | META QUEST CONTROLLER - MQUEST CTRL-102200 | XLR CABLE 25FT - XLR25-102201 | INSTA360 X4 CAMERA - INSTA X4-102202 | INSTA360 X4 BATTERY - INSTA X4 BATT-102203 | RODE MIC BATTERY - RODE MIC BATT-102204 | USB-C TO HDMI ADAPTER - USBC HDMI-102205 | NIKON Z6 III MIRRORLESS BODY - NIKON Z6III-102206 | LEXAR 128GB CF CARD - LEXAR CF128-102207 | HUION DRAWING TABLET - HUION TABLET-102208 | EXTENSION CORD 10FT - EXTCORD10-102209 | CARD READER - CARDRDR-102210 | LOGITECH WIRELESS MOUSE - LOGI MOUSE-102211 | META QUEST CONTROLLER - MQUEST CTRL-102212 | EPSON PROJECTOR - EPSON PROJ-102213 | GODOX LED LIGHT PANEL - GODOX LED-102214 | HDMI CABLE 10FT - HDMI10-102215 | USB-C TO HDMI ADAPTER - USBC HDMI-102216 | WACOM ONE TABLET - WACOM ONE-102217 | EXTENSION CORD 10FT - EXTCORD10-102218 | INSTA360 X4 BATTERY - INSTA X4 BATT-102219 | RODE WIRELESS MIC - RODE WIRELESS-102220 | PANASONIC S5 II BODY - PANA S5II-102221 | GODOX POWER SUPPLY - GODOX PSU-102222 | PANASONIC S5 II BATTERY CHARGER - PANA S5II CHRG-102223 | PANASONIC S5 II BODY - PANA S5II-102224 | LAPTOP SLEEVE CASE - LAPTOP SLEEVE-102225 | XLR CABLE 15FT - XLR15-102226 | DELL XPS LAPTOP - DELL XPS-102227 | USB-C TO HDMI ADAPTER - USBC HDMI-102228 | OLYMPUS OM-D E-M1 BODY - OLY EM1-102229 | WACOM CINTIQ PEN - WACOM CINTIQ PEN-102230 | MANFROTTO TRIPOD - MANFRO TRIPOD-102231 | ZOOM H5 RECORDER - ZOOM H5-102232 | EPSON PROJECTOR HDMI CABLE - EPSON PROJ HDMI-102233 | 
1938483,,@fixture.edu,0,12/13/2024 7:48 AM,12/13/2024 1:00 PM,12/13/2024 12:12 PM,15840,50,Returned: OLYMPUS 12-40mm LENS - OLY 1240 LENS-102234 | OLYMPUS 12-40mm LENS - OLY 1240 LENS-102235 | RODE MIC BATTERY - RODE MIC BATT-102236 | NIKON Z6 III BATTERY CHARGER - NIKON Z6III CHRG-102237 | META QUEST CHARGING CABLE - MQUEST CABLE-102238 | WACOM ONE TABLET - WACOM ONE-102239 | GODOX LIGHT STAND - GODOX STAND-102240 | MACBOOK AIR M3 CHARGER - MBA M3 CHRG-102241 | WACOM CINTIQ TABLET - WACOM CINTIQ-102242 | ZOOM H5 RECORDER CASE - ZOOM H5 CASE-102243 | POWER STRIP - PWRSTRIP-102244 | RODE MIC BATTERY - RODE MIC BATT-102245 | SANDISK 128GB SD CARD - SANDISK 128SD-102246 | PANASONIC S5 II BATTERY CHARGER - PANA S5II CHRG-102247 | NIKON Z6 III CAMERA CASE - NIKON Z6III CASE-102248 | MACBOOK AIR CHARGING CABLE - MBA CABLE-102249 | AUDIO-TECHNICA HEADPHONES - AT HEADPHONES-102250 | USB-C MULTIPORT HUB - USBC HUB-102251 | FUJIFILM X-T5 BATTERY - FUJI XT5 BATT-102252 | SANDISK 128GB SD CARD - SANDISK 128SD-102253 | SANDISK 64GB SD CARD - SANDISK 64SD-102254 | ZOOM H5 RECORDER - ZOOM H5-102255 | ZOOM H5 RECORDER CASE - ZOOM H5 CASE-102256 | SANDISK 128GB SD CARD - SANDISK 128SD-102257 | HDMI CABLE 10FT - HDMI10-102258 | USB-C MULTIPORT HUB - USBC HUB-102259 | INSTA360 X4 CASE - INSTA X4 CASE-102260 | LOGITECH WIRELESS MOUSE - LOGI MOUSE-102261 | INSTA360 X4 BATTERY - INSTA X4 BATT-102262 | NIKON Z6 III MIRRORLESS BODY - NIKON Z6III-102263 | GODOX LIGHT STAND - GODOX STAND-102264 | DELL XPS LAPTOP CHARGER - DELL XPS CHRG-102265 | META QUEST HEADSET - MQUEST HS-102266 | WACOM ONE TABLET - WACOM ONE-102267 | HUION DRAWING TABLET - HUION TABLET-102268 | INSTA360 X4 CAMERA - INSTA X4-102269 | GODOX POWER SUPPLY - GODOX PSU-102270 | RODE MIC BATTERY - RODE MIC BATT-102271 | META QUEST CONTROLLER - MQUEST CTRL-102272 | META QUEST CHARGING CABLE - MQUEST CABLE-102273 | XLR CABLE 25FT - XLR25-102274 | USB-C MULTIPORT HUB - USBC HUB-102275 | MANFROTTO TRIPOD CASE - MANFRO CASE-102276 | META QUEST CONTROLLER - MQUEST CTRL-102277 | LOGITECH WIRELESS MOUSE - LOGI MOUSE-102278 | XLR CABLE 15FT - XLR15-102279 | LOGITECH WEBCAM - LOGI WEBCAM-102280 | DELL XPS LAPTOP CHARGER - DELL XPS CHRG-102281 | NIKON Z6 III BATTERY CHARGER - NIKON Z6III CHRG-102282 | META QUEST HEADSET - MQUEST HS-102283 | 
4842788,,@fixture.edu,0,10/03/2024 7:57 AM,10/03/2024 10:00 PM,10/03/2024 9:51 PM,50040,6,Returned: PANASONIC S5 II BATTERY CHARGER - PANA S5II CHRG-102284 | LAPTOP SLEEVE CASE - LAPTOP SLEEVE-102285 | INSTA360 X4 CAMERA - INSTA X4-102286 | PANASONIC S5 II BODY - PANA S5II-102287 | INSTA360 X4 CAMERA - INSTA X4-102288 | USB-C MULTIPORT HUB - USBC HUB-102289 | 
1538552,,@fixture.edu,0,10/10/2024 8:08 AM,10/10/2024 10:00 PM,10/10/2024 9:55 PM,49620,6,Returned: NIKON Z6 III MIRRORLESS BODY - NIKON Z6III-102290 | NIKON Z6 III CAMERA CASE - NIKON Z6III CASE-102291 | GODOX LIGHT STAND - GODOX STAND-102292 | EXTENSION CORD 10FT - EXTCORD10-102293 | CARD READER - CARDRDR-102294 | DELL XPS LAPTOP - DELL XPS-102295 | 
6292423,,@fixture.edu,0,10/17/2024 8:04 AM,10/17/2024 10:00 PM,10/17/2024 9:49 PM,49500,6,Returned: FUJIFILM X-T5 BATTERY - FUJI XT5 BATT-102296 | USB-C MULTIPORT HUB - USBC HUB-102297 | EPSON PROJECTOR - EPSON PROJ-102298 | INSTA360 X4 BATTERY - INSTA X4 BATT-102299 | EXTENSION CORD 10FT - EXTCORD10-102300 | GODOX LED LIGHT PANEL - GODOX LED-102301 | 
7730428,,@fixture.edu,0,10/22/2024 4:55 PM,10/24/2024 10:00 PM,10/24/2024 9:45 PM,190200,6,Returned: META QUEST CHARGING CABLE - MQUEST CABLE-102302 | HDMI CABLE 10FT - HDMI10-102303 | OLYMPUS 12-40mm LENS - OLY 1240 LENS-102304 | MACBOOK AIR M3 LAPTOP - MBA M3-102305 | ZOOM H5 RECORDER - ZOOM H5-102306 | FUJIFILM X-T5 BODY - FUJI XT5-102307 | 
5491946,,@fixture.edu,0,10/31/2024 8:33 AM,10/31/2024 10:00 PM,10/31/2024 9:51 PM,47880,6,Returned: NIKON Z6 III BATTERY CHARGER - NIKON Z6III CHRG-102308 | POWER STRIP - PWRSTRIP-102309 | USB-C TO HDMI ADAPTER - USBC HDMI-102310 | WACOM CINTIQ TABLET - WACOM CINTIQ-102311 | SANDISK 128GB SD CARD - SANDISK 128SD-102312 | MANFROTTO TRIPOD - MANFRO TRIPOD-102313 | 
2110460,,@fixture.edu,1,11/07/2024 7:49 AM,11/09/2024 4:00 PM,11/07/2024 9:20 PM,48660,7,Returned: XLR CABLE 25FT - XLR25-102314 | HUION DRAWING TABLET - HUION TABLET-102315 | DELL XPS LAPTOP - DELL XPS-102316 | NIKON Z6 III MIRRORLESS BODY - NIKON Z6III-102317 | GODOX POWER SUPPLY - GODOX PSU-102318 | USB-C MULTIPORT HUB - USBC HUB-102319 | GODOX LED LIGHT PANEL - GODOX LED-102320 | 
4539704,,@fixture.edu,0,11/14/2024 7:59 AM,11/14/2024 10:00 PM,11/14/2024 9:35 PM,48960,6,Returned: HUION DRAWING TABLET - HUION TABLET-102321 | HDMI CABLE 10FT - HDMI10-102322 | WACOM CINTIQ PEN - WACOM CINTIQ PEN-102323 | EPSON PROJECTOR - EPSON PROJ-102324 | NIKON Z6 III CAMERA CASE - NIKON Z6III CASE-102325 | META QUEST CHARGING CABLE - MQUEST CABLE-102326 | 
6279418,,@fixture.edu,0,12/05/2024 7:57 AM,12/05/2024 10:00 PM,12/05/2024 9:54 PM,50220,6,Returned: FUJIFILM X-T5 BATTERY - FUJI XT5 BATT-102327 | POWER STRIP - PWRSTRIP-102328 | RODE WIRELESS MIC - RODE WIRELESS-102329 | FUJIFILM X-T5 BODY - FUJI XT5-102330 | EXTENSION CORD 10FT - EXTCORD10-102331 | DELL XPS LAPTOP CHARGER - DELL XPS CHRG-102332 | 
4567281,,@fixture.edu,0,12/12/2024 7:57 AM,12/12/2024 10:00 PM,12/12/2024 9:36 PM,49140,6,Returned: XLR CABLE 25FT - XLR25-102333 | GODOX LIGHT STAND - GODOX STAND-102334 | MACBOOK AIR M3 CHARGER - MBA M3 CHRG-102335 | USB-C MULTIPORT HUB - USBC HUB-102336 | OLYMPUS OM-D E-M1 BODY - OLY EM1-102337 | XLR CABLE 25FT - XLR25-102338 | 
9375710,,@fixture.edu,0,10/08/2024 11:44 AM,10/08/2024 9:30 PM,10/08/2024 6:06 PM,22920,5,Returned: POWER STRIP - PWRSTRIP-102339 | USB-C TO HDMI ADAPTER - USBC HDMI-102340 | INSTA360 X4 CAMERA - INSTA X4-102341 | OLYMPUS OM-D E-M1 BODY - OLY EM1-102342 | GODOX POWER SUPPLY - GODOX PSU-102343 | 
7637601,,@fixture.edu,0,10/14/2024 6:25 PM,10/15/2024 9:30 PM,10/15/2024 6:51 PM,87960,5,Returned: META QUEST CONTROLLER - MQUEST CTRL-102344 | POWER STRIP - PWRSTRIP-102345 | BENQ DATA PROJECTOR - BENQ PROJ-102346 | XLR CABLE 15FT - XLR15-102347 | INSTA360 X4 CAMERA - INSTA X4-102348 | 
8698256,,@fixture.edu,0,10/22/2024 8:04 AM,10/22/2024 9:30 PM,10/22/2024 6:28 PM,37440,5,Returned: USB-C TO HDMI ADAPTER - USBC HDMI-102349 | USB-C TO HDMI ADAPTER - USBC HDMI-102350 | FUJIFILM 18-55mm LENS - FUJI 1855 LENS-102351 | NIKON Z6 III MIRRORLESS BODY - NIKON Z6III-102352 | WACOM CINTIQ PEN - WACOM CINTIQ PEN-102353 | 
3396987,,@fixture.edu,0,10/28/2024 6:47 PM,10/29/2024 9:30 PM,10/29/2024 6:30 PM,85380,25,Returned: USB-C MULTIPORT HUB - USBC HUB-102354 | INSTA360 X4 CAMERA - INSTA X4-102355 | RODE WIRELESS MIC - RODE WIRELESS-102356 | HDMI CABLE 10FT - HDMI10-102357 | META QUEST HEADSET - MQUEST HS-102358 | ZOOM H5 RECORDER - ZOOM H5-102359 | AUDIO-TECHNICA HEADPHONES - AT HEADPHONES-102360 | GODOX LED LIGHT PANEL - GODOX LED-102361 | LAPTOP SLEEVE CASE - LAPTOP SLEEVE-102362 | OLYMPUS 12-40mm LENS - OLY 1240 LENS-102363 | SANDISK 128GB SD CARD - SANDISK 128SD-102364 | LOGITECH WIRELESS MOUSE - LOGI MOUSE-102365 | PANASONIC S5 II BATTERY CHARGER - PANA S5II CHRG-102366 | PANASONIC S5 II BODY - PANA S5II-102367 | POWER STRIP - PWRSTRIP-102368 | USB KEYBOARD - USB KYBD-102369 | USB KEYBOARD - USB KYBD-102370 | META QUEST CHARGING CABLE - MQUEST CABLE-102371 | INSTA360 X4 CASE - INSTA X4 CASE-102372 | MACBOOK AIR M3 LAPTOP - MBA M3-102373 | USB-C TO HDMI ADAPTER - USBC HDMI-102374 | MANFROTTO TRIPOD CASE - MANFRO CASE-102375 | NIKON Z6 III CAMERA CASE - NIKON Z6III CASE-102376 | FUJIFILM X-T5 BATTERY - FUJI XT5 BATT-102377 | EPSON PROJECTOR HDMI CABLE - EPSON PROJ HDMI-102378 | 
5443951,,@fixture.edu,0,11/04/2024 4:50 PM,11/05/2024 9:30 PM,11/05/2024 6:29 PM,92340,26,Returned: MACBOOK AIR M3 CHARGER - MBA M3 CHRG-102379 | ZOOM H5 RECORDER - ZOOM H5-102380 | OLYMPUS OM-D E-M1 BODY - OLY EM1-102381 | GODOX LIGHT STAND - GODOX STAND-102382 | FUJIFILM X-T5 BATTERY - FUJI XT5 BATT-102383 | HUION DRAWING TABLET - HUION TABLET-102384 | META QUEST HEADSET - MQUEST HS-102385 | RODE MIC BATTERY - RODE MIC BATT-102386 | DELL XPS LAPTOP CHARGER - DELL XPS CHRG-102387 | WACOM ONE TABLET - WACOM ONE-102388 | RODE WIRELESS MIC - RODE WIRELESS-102389 | WACOM CINTIQ PEN - WACOM CINTIQ PEN-102390 | WACOM CINTIQ TABLET - WACOM CINTIQ-102391 | XLR CABLE 15FT - XLR15-102392 | RODE MIC BATTERY - RODE MIC BATT-102393 | DELL XPS LAPTOP - DELL XPS-102394 | NIKON Z6 III MIRRORLESS BODY - NIKON Z6III-102395 | LEXAR 128GB CF CARD - LEXAR CF128-102396 | SANDISK 128GB SD CARD - SANDISK 128SD-102397 | BENQ DATA PROJECTOR - BENQ PROJ-102398 | DELL XPS LAPTOP - DELL XPS-102399 | USB KEYBOARD - USB KYBD-102400 | OLYMPUS OM-D E-M1 BODY - OLY EM1-102401 | BENQ DATA PROJECTOR - BENQ PROJ-102402 | EQUIPMENT CRATE 12x12 - CRATE12-102403 | MACBOOK AIR M3 LAPTOP - MBA M3-102404 | 
3342608,,@fixture.edu,0,11/12/2024 8:25 AM,11/12/2024 9:30 PM,11/12/2024 7:54 PM,41340,51,Returned: ZOOM H5 RECORDER CASE - ZOOM H5 CASE-102405 | RODE WIRELESS MIC - RODE WIRELESS-102406 | USB-C TO HDMI ADAPTER - USBC HDMI-102407 | PANASONIC S5 II BODY - PANA S5II-102408 | WACOM ONE TABLET - WACOM ONE-102409 | USB KEYBOARD - USB KYBD-102410 | CARD READER - CARDRDR-102411 | OLYMPUS OM-D E-M1 BODY - OLY EM1-102412 | USB-C MULTIPORT HUB - USBC HUB-102413 | MANFROTTO TRIPOD - MANFRO TRIPOD-102414 | EQUIPMENT CRATE 12x12 - CRATE12-102415 | FUJIFILM X-T5 BODY - FUJI XT5-102416 | FUJIFILM X-T5 BODY - FUJI XT5-102417 | NIKON Z6 III BATTERY - NIKON Z6III BATT-102418 | MACBOOK AIR CHARGING CABLE - MBA CABLE-102419 | NIKON Z6 III BATTERY - NIKON Z6III BATT-102420 | WACOM CINTIQ PEN - WACOM CINTIQ PEN-102421 | AUDIO-TECHNICA HEADPHONES - AT HEADPHONES-102422 | WACOM CINTIQ PEN - WACOM CINTIQ PEN-102423 | META QUEST HEADSET - MQUEST HS-102424 | USB-C TO HDMI ADAPTER - USBC HDMI-102425 | USB-C MULTIPORT HUB - USBC HUB-102426 | INSTA360 X4 CASE - INSTA X4 CASE-102427 | MACBOOK AIR M3 LAPTOP - MBA M3-102428 | EXTENSION CORD 10FT - EXTCORD10-102429 | XLR CABLE 15FT - XLR15-102430 | SANDISK 128GB SD CARD - SANDISK 128SD-102431 | EXTENSION CORD 10FT - EXTCORD10-102432 | BENQ DATA PROJECTOR - BENQ PROJ-102433 | RODE WIRELESS MIC - RODE WIRELESS-102434 | MACBOOK AIR M3 LAPTOP - MBA M3-102435 | LAPTOP SLEEVE CASE - LAPTOP SLEEVE-102436 | XLR CABLE 25FT - XLR25-102437 | MACBOOK AIR CHARGING CABLE - MBA CABLE-102438 | GODOX LIGHT STAND - GODOX STAND-102439 | USB KEYBOARD - USB KYBD-102440 | LOGITECH WEBCAM - LOGI WEBCAM-102441 | WACOM ONE TABLET - WACOM ONE-102442 | PANASONIC S5 II BODY - PANA S5II-102443 | LAPTOP SLEEVE CASE - LAPTOP SLEEVE-102444 | DELL XPS LAPTOP CHARGER - DELL XPS CHRG-102445 | PANASONIC S5 II BODY - PANA S5II-102446 | INSTA360 X4 CAMERA - INSTA X4-102447 | GODOX LIGHT STAND - GODOX STAND-102448 | INSTA360 X4 BATTERY - INSTA X4 BATT-102449 | BENQ DATA PROJECTOR - BENQ PROJ-102450 | MACBOOK AIR M3 CHARGER - MBA M3 CHRG-102451 | ZOOM H5 RECORDER CASE - ZOOM H5 CASE-102452 | SANDISK 128GB SD CARD - SANDISK 128SD-102453 | MACBOOK AIR M3 CHARGER - MBA M3 CHRG-102454 | NIKON Z6 III CAMERA CASE - NIKON Z6III CASE-102455 | 
5137722,,@fixture.edu,0,11/18/2024 5:49 PM,11/19/2024 9:30 PM,11/19/2024 7:10 PM,91260,36,Returned: XLR CABLE 15FT - XLR15-102456 | NIKON Z6 III BATTERY CHARGER - NIKON Z6III CHRG-102457 | SANDISK 64GB SD CARD - SANDISK 64SD-102458 | META QUEST HEADSET - MQUEST HS-102459 | ZOOM H5 RECORDER CASE - ZOOM H5 CASE-102460 | MACBOOK AIR M3 LAPTOP - MBA M3-102461 | MACBOOK AIR M3 LAPTOP - MBA M3-102462 | NIKON Z6 III BATTERY CHARGER - NIKON Z6III CHRG-102463 | INSTA360 X4 BATTERY - INSTA X4 BATT-102464 | RODE MIC BATTERY - RODE MIC BATT-102465 | EPSON PROJECTOR - EPSON PROJ-102466 | LAPTOP SLEEVE CASE - LAPTOP SLEEVE-102467 | LOGITECH WIRELESS MOUSE - LOGI MOUSE-102468 | LOGITECH WIRELESS MOUSE - LOGI MOUSE-102469 | MANFROTTO TRIPOD - MANFRO TRIPOD-102470 | USB-C MULTIPORT HUB - USBC HUB-102471 | PANASONIC S5 II BODY - PANA S5II-102472 | GODOX LED LIGHT PANEL - GODOX LED-102473 | XLR CABLE 15FT - XLR15-102474 | GODOX LED LIGHT PANEL - GODOX LED-102475 | LOGITECH WIRELESS MOUSE - LOGI MOUSE-102476 | LAPTOP SLEEVE CASE - LAPTOP SLEEVE-102477 | XLR CABLE 15FT - XLR15-102478 | META QUEST HEADSET - MQUEST HS-102479 | LAPTOP SLEEVE CASE - LAPTOP SLEEVE-102480 | ZOOM H5 RECORDER CASE - ZOOM H5 CASE-102481 | CARD READER - CARDRDR-102482 | MACBOOK AIR M3 CHARGER - MBA M3 CHRG-102483 | MACBOOK AIR M3 CHARGER - MBA M3 CHRG-102484 | WACOM ONE TABLET - WACOM ONE-102485 | MACBOOK AIR CHARGING CABLE - MBA CABLE-102486 | OLYMPUS OM-D E-M1 BODY - OLY EM1-102487 | PANASONIC S5 II BODY - PANA S5II-102488 | FUJIFILM X-T5 BODY - FUJI XT5-102489 | GODOX LED LIGHT PANEL - GODOX LED-102490 | SANDISK 64GB SD CARD - SANDISK 64SD-102491 | 
5408072,,@fixture.edu,0,11/26/2024 11:27 AM,11/26/2024 9:30 PM,11/26/2024 1:37 PM,7800,26,Returned: PANASONIC S5 II BATTERY CHARGER - PANA S5II CHRG-102492 | ZOOM H5 RECORDER CASE - ZOOM H5 CASE-102493 | EPSON PROJECTOR HDMI CABLE - EPSON PROJ HDMI-102494 | FUJIFILM 18-55mm LENS - FUJI 1855 LENS-102495 | SANDISK 128GB SD CARD - SANDISK 128SD-102496 | LOGITECH WEBCAM - LOGI WEBCAM-102497 | EPSON PROJECTOR HDMI CABLE - EPSON PROJ HDMI-102498 | MACBOOK AIR M3 CHARGER - MBA M3 CHRG-102499 | MACBOOK AIR M3 CHARGER - MBA M3 CHRG-102500 | SANDISK 64GB SD CARD - SANDISK 64SD-102501 | OLYMPUS 12-40mm LENS - OLY 1240 LENS-102502 | LOGITECH WIRELESS MOUSE - LOGI MOUSE-102503 | NIKON Z6 III BATTERY - NIKON Z6III BATT-102504 | NIKON Z6 III BATTERY CHARGER - NIKON Z6III CHRG-102505 | WACOM CINTIQ TABLET - WACOM CINTIQ-102506 | OLYMPUS 12-40mm LENS - OLY 1240 LENS-102507 | HUION DRAWING TABLET - HUION TABLET-102508 | NIKON Z6 III BATTERY CHARGER - NIKON Z6III CHRG-102509 | WACOM CINTIQ TABLET - WACOM CINTIQ-102510 | NIKON Z6 III CAMERA CASE - NIKON Z6III CASE-102511 | MANFROTTO TRIPOD - MANFRO TRIPOD-102512 | PANASONIC S5 II BODY - PANA S5II-102513 | INSTA360 X4 CAMERA - INSTA X4-102514 | WACOM CINTIQ PEN - WACOM CINTIQ PEN-102515 | USB-C TO HDMI ADAPTER - USBC HDMI-102516 | NIKON Z6 III BATTERY - NIKON Z6III BATT-102517 | 
8187926,STDA,@inside.fixture.edu,0,10/01/2024 2:49 PM,10/02/2024 9:30 PM,10/02/2024 3:09 PM,87600,17,Returned: EPSON PROJECTOR HDMI CABLE - EPSON PROJ HDMI-102518 | GODOX LIGHT STAND - GODOX STAND-102519 | MANFROTTO TRIPOD CASE - MANFRO CASE-102520 | FUJIFILM X-T5 BODY - FUJI XT5-102521 | DELL XPS LAPTOP CHARGER - DELL XPS CHRG-102522 | INSTA360 X4 CASE - INSTA X4 CASE-102523 | CARD READER - CARDRDR-102524 | PANASONIC S5 II BODY - PANA S5II-102525 | LOGITECH WIRELESS MOUSE - LOGI MOUSE-102526 | WACOM ONE TABLET - WACOM ONE-102527 | POWER STRIP - PWRSTRIP-102528 | LOGITECH WIRELESS MOUSE - LOGI MOUSE-102529 | PANASONIC S5 II BATTERY CHARGER - PANA S5II CHRG-102530 | GODOX LIGHT STAND - GODOX STAND-102531 | MANFROTTO TRIPOD - MANFRO TRIPOD-102532 | EPSON PROJECTOR HDMI CABLE - EPSON PROJ HDMI-102533 | ZOOM H5 RECORDER - ZOOM H5-102534 | 
7700828,STDA,@inside.fixture.edu,0,10/22/2024 8:08 AM,10/23/2024 9:30 PM,10/23/2024 9:56 PM,136080,16,Returned: DELL XPS LAPTOP CHARGER - DELL XPS CHRG-102535 | WACOM CINTIQ PEN - WACOM CINTIQ PEN-102536 | SANDISK 128GB SD CARD - SANDISK 128SD-102537 | XLR CABLE 25FT - XLR25-102538 | FUJIFILM X-T5 BATTERY - FUJI XT5 BATT-102539 | SANDISK 64GB SD CARD - SANDISK 64SD-102540 | CARD READER - CARDRDR-102541 | MACBOOK AIR CHARGING CABLE - MBA CABLE-102542 | DELL XPS LAPTOP - DELL XPS-102543 | OLYMPUS 12-40mm LENS - OLY 1240 LENS-102544 | FUJIFILM X-T5 BATTERY - FUJI XT5 BATT-102545 | MACBOOK AIR M3 CHARGER - MBA M3 CHRG-102546 | WACOM ONE TABLET - WACOM ONE-102547 | NIKON Z6 III BATTERY CHARGER - NIKON Z6III CHRG-102548 | POWER STRIP - PWRSTRIP-102549 | MACBOOK AIR CHARGING CABLE - MBA CABLE-102550 | 
7073292,STDA,@inside.fixture.edu,0,10/29/2024 8:28 AM,10/30/2024 9:30 PM,10/30/2024 6:04 PM,120960,16,Returned: FUJIFILM 18-55mm LENS - FUJI 1855 LENS-102551 | MACBOOK AIR M3 CHARGER - MBA M3 CHRG-102552 | OLYMPUS OM-D E-M1 BODY - OLY EM1-102553 | WACOM ONE TABLET - WACOM ONE-102554 | LOGITECH WIRELESS MOUSE - LOGI MOUSE-102555 | META QUEST HEADSET - MQUEST HS-102556 | EXTENSION CORD 10FT - EXTCORD10-102557 | GODOX LED LIGHT PANEL - GODOX LED-102558 | LAPTOP SLEEVE CASE - LAPTOP SLEEVE-102559 | XLR CABLE 15FT - XLR15-102560 | NIKON Z6 III BATTERY CHARGER - NIKON Z6III CHRG-102561 | USB-C MULTIPORT HUB - USBC HUB-102562 | SANDISK 128GB SD CARD - SANDISK 128SD-102563 | LOGITECH WEBCAM - LOGI WEBCAM-102564 | POWER STRIP - PWRSTRIP-102565 | XLR CABLE 15FT - XLR15-102566 | 
4679591,STDA,@inside.fixture.edu,0,11/12/2024 8:37 AM,11/13/2024 9:30 PM,11/13/2024 1:21 PM,103440,16,Returned: WACOM CINTIQ PEN - WACOM CINTIQ PEN-102567 | BENQ DATA PROJECTOR - BENQ PROJ-102568 | HDMI CABLE 10FT - HDMI10-102569 | EPSON PROJECTOR - EPSON PROJ-102570 | FUJIFILM X-T5 BATTERY - FUJI XT5 BATT-102571 | OLYMPUS OM-D E-M1 BODY - OLY EM1-102572 | MACBOOK AIR M3 CHARGER - MBA M3 CHRG-102573 | SANDISK 128GB SD CARD - SANDISK 128SD-102574 | CARD READER - CARDRDR-102575 | MANFROTTO TRIPOD CASE - MANFRO CASE-102576 | EQUIPMENT CRATE 12x12 - CRATE12-102577 | AUDIO-TECHNICA HEADPHONES - AT HEADPHONES-102578 | PANASONIC S5 II BATTERY CHARGER - PANA S5II CHRG-102579 | EPSON PROJECTOR HDMI CABLE - EPSON PROJ HDMI-102580 | POWER STRIP - PWRSTRIP-102581 | WACOM CINTIQ TABLET - WACOM CINTIQ-102582 | 
3320821,STDA,@inside.fixture.edu,0,11/19/2024 7:53 AM,11/20/2024 9:30 PM,11/19/2024 6:34 PM,38460,16,Returned: FUJIFILM 18-55mm LENS - FUJI 1855 LENS-102583 | NIKON Z6 III MIRRORLESS BODY - NIKON Z6III-102584 | GODOX LIGHT STAND - GODOX STAND-102585 | GODOX POWER SUPPLY - GODOX PSU-102586 | RODE MIC BATTERY - RODE MIC BATT-102587 | ZOOM H5 RECORDER CASE - ZOOM H5 CASE-102588 | OLYMPUS 12-40mm LENS - OLY 1240 LENS-102589 | GODOX LED LIGHT PANEL - GODOX LED-102590 | LEXAR 128GB CF CARD - LEXAR CF128-102591 | CARD READER - CARDRDR-102592 | DELL XPS LAPTOP - DELL XPS-102593 | XLR CABLE 15FT - XLR15-102594 | MANFROTTO TRIPOD CASE - MANFRO CASE-102595 | GODOX POWER SUPPLY - GODOX PSU-102596 | HDMI CABLE 10FT - HDMI10-102597 | AUDIO-TECHNICA HEADPHONES - AT HEADPHONES-102598 | 
9548432,STDA,@inside.fixture.edu,0,12/02/2024 4:37 PM,12/04/2024 9:30 PM,12/04/2024 1:04 PM,160020,18,Returned: POWER STRIP - PWRSTRIP-102599 | MACBOOK AIR M3 CHARGER - MBA M3 CHRG-102600 | XLR CABLE 15FT - XLR15-102601 | USB-C TO HDMI ADAPTER - USBC HDMI-102602 | LEXAR 128GB CF CARD - LEXAR CF128-102603 | RODE WIRELESS MIC - RODE WIRELESS-102604 | ZOOM H5 RECORDER - ZOOM H5-102605 | EPSON PROJECTOR - EPSON PROJ-102606 | BENQ DATA PROJECTOR - BENQ PROJ-102607 | CARD READER - CARDRDR-102608 | GODOX LIGHT STAND - GODOX STAND-102609 | HDMI CABLE 10FT - HDMI10-102610 | DELL XPS LAPTOP CHARGER - DELL XPS CHRG-102611 | EPSON PROJECTOR - EPSON PROJ-102612 | OLYMPUS 12-40mm LENS - OLY 1240 LENS-102613 | SANDISK 64GB SD CARD - SANDISK 64SD-102614 | AUDIO-TECHNICA HEADPHONES - AT HEADPHONES-102615 | ZOOM H5 RECORDER - ZOOM H5-102616 | 
9279821,STDA,@inside.fixture.edu,0,12/10/2024 9:49 AM,12/11/2024 9:30 PM,12/11/2024 3:31 PM,106920,17,Returned: USB-C TO HDMI ADAPTER - USBC HDMI-102617 | EPSON PROJECTOR - EPSON PROJ-102618 | EPSON PROJECTOR - EPSON PROJ-102619 | OLYMPUS 12-40mm LENS - OLY 1240 LENS-102620 | INSTA360 X4 BATTERY - INSTA X4 BATT-102621 | NIKON Z6 III MIRRORLESS BODY - NIKON Z6III-102622 | FUJIFILM X-T5 BATTERY - FUJI XT5 BATT-102623 | OLYMPUS OM-D E-M1 BODY - OLY EM1-102624 | META QUEST CONTROLLER - MQUEST CTRL-102625 | DELL XPS LAPTOP - DELL XPS-102626 | NIKON Z6 III CAMERA CASE - NIKON Z6III CASE-102627 | SANDISK 128GB SD CARD - SANDISK 128SD-102628 | FUJIFILM X-T5 BODY - FUJI XT5-102629 | NIKON Z6 III BATTERY CHARGER - NIKON Z6III CHRG-102630 | XLR CABLE 25FT - XLR25-102631 | INSTA360 X4 CASE - INSTA X4 CASE-102632 | WACOM ONE TABLET - WACOM ONE-102633 | 
2525206,DRAW,@inside.fixture.edu,1,10/01/2024 2:17 PM,10/28/2024 9:30 PM,10/28/2024 6:23 PM,2347560,21,Returned: LAPTOP SLEEVE CASE - LAPTOP SLEEVE-102634 | EPSON PROJECTOR HDMI CABLE - EPSON PROJ HDMI-102635 | WACOM CINTIQ PEN - WACOM CINTIQ PEN-102636 | INSTA360 X4 CAMERA - INSTA X4-102637 | LOGITECH WIRELESS MOUSE - LOGI MOUSE-102638 | GODOX LED LIGHT PANEL - GODOX LED-102639 | DELL XPS LAPTOP CHARGER - DELL XPS CHRG-102640 | SANDISK 64GB SD CARD - SANDISK 64SD-102641 | GODOX LIGHT STAND - GODOX STAND-102642 | LOGITECH WEBCAM - LOGI WEBCAM-102643 | MANFROTTO TRIPOD CASE - MANFRO CASE-102644 | NIKON Z6 III BATTERY - NIKON Z6III BATT-102645 | WACOM CINTIQ PEN - WACOM CINTIQ PEN-102646 | LAPTOP SLEEVE CASE - LAPTOP SLEEVE-102647 | SANDISK 128GB SD CARD - SANDISK 128SD-102648 | PANASONIC S5 II BODY - PANA S5II-102649 | NIKON Z6 III BATTERY - NIKON Z6III BATT-102650 | LEXAR 128GB CF CARD - LEXAR CF128-102651 | NIKON Z6 III MIRRORLESS BODY - NIKON Z6III-102652 | OLYMPUS 12-40mm LENS - OLY 1240 LENS-102653 | INSTA360 X4 CASE - INSTA X4 CASE-102654 | 
1790481,,@inside.fixture.edu,1,10/01/2024 9:10 AM,10/18/2024 9:30 PM,12/11/2024 5:04 PM,6162840,2,Returned: EXTENSION CORD 10FT - EXTCORD10-102655 | ZOOM H5 RECORDER CASE - ZOOM H5 CASE-102656 | 
2839607,GNRL,@inside.fixture.edu,0,10/01/2024 9:19 AM,10/01/2024 9:30 PM,10/04/2024 1:31 PM,274320,2,Returned: XLR CABLE 25FT - XLR25-102657 | WACOM CINTIQ PEN - WACOM CINTIQ PEN-102658 | 
3564251,STDA,@inside.fixture.edu,2,10/01/2024 12:19 PM,10/07/2024 9:30 PM,10/07/2024 6:12 PM,539580,3,Returned: LAPTOP SLEEVE CASE - LAPTOP SLEEVE-102659 | BENQ DATA PROJECTOR - BENQ PROJ-102660 | NIKON Z6 III CAMERA CASE - NIKON Z6III CASE-102661 | 
3684052,,@fixture.edu,0,10/01/2024 2:52 PM,10/01/2024 9:30 PM,10/01/2024 5:50 PM,10680,1,Returned: FUJIFILM X-T5 BODY - FUJI XT5-102662 | 
8082668,,@inside.fixture.edu,0,10/16/2024 7:56 AM,10/25/2024 9:30 PM,10/25/2024 12:32 PM,794160,8,Returned: MANFROTTO TRIPOD CASE - MANFRO CASE-102663 | LOGITECH WIRELESS MOUSE - LOGI MOUSE-102664 | META QUEST CONTROLLER - MQUEST CTRL-102665 | ZOOM H5 RECORDER CASE - ZOOM H5 CASE-102666 | INSTA360 X4 CAMERA - INSTA X4-102667 | MANFROTTO TRIPOD CASE - MANFRO CASE-102668 | WACOM ONE TABLET - WACOM ONE-102669 | PANASONIC S5 II BATTERY CHARGER - PANA S5II CHRG-102670 | 
2065818,,@fixture.edu,0,10/01/2024 5:13 PM,10/01/2024 10:00 PM,10/04/2024 2:40 PM,250020,1,Returned: META QUEST CHARGING CABLE - MQUEST CABLE-102671 | 
7455324,DRAW,@inside.fixture.edu,0,10/01/2024 8:51 PM,10/04/2024 9:30 PM,10/03/2024 2:48 PM,151020,1,Returned: WACOM CINTIQ TABLET - WACOM CINTIQ-102672 | 
7402509,,@fixture.edu,0,10/02/2024 11:33 AM,10/02/2024 9:30 PM,10/02/2024 1:31 PM,7080,40,Returned: MANFROTTO TRIPOD - MANFRO TRIPOD-102673 | AUDIO-TECHNICA HEADPHONES - AT HEADPHONES-102674 | FUJIFILM X-T5 BATTERY - FUJI XT5 BATT-102675 | NIKON Z6 III CAMERA CASE - NIKON Z6III CASE-102676 | RODE WIRELESS MIC - RODE WIRELESS-102677 | INSTA360 X4 CAMERA - INSTA X4-102678 | LOGITECH WEBCAM - LOGI WEBCAM-102679 | INSTA360 X4 CAMERA - INSTA X4-102680 | EQUIPMENT CRATE 12x12 - CRATE12-102681 | LOGITECH WEBCAM - LOGI WEBCAM-102682 | WACOM CINTIQ TABLET - WACOM CINTIQ-102683 | EPSON PROJECTOR - EPSON PROJ-102684 | INSTA360 X4 BATTERY - INSTA X4 BATT-102685 | USB-C TO HDMI ADAPTER - USBC HDMI-102686 | EXTENSION CORD 10FT - EXTCORD10-102687 | HDMI CABLE 10FT - HDMI10-102688 | INSTA360 X4 CAMERA - INSTA X4-102689 | MACBOOK AIR M3 LAPTOP - MBA M3-102690 | MACBOOK AIR M3 LAPTOP - MBA M3-102691 | WACOM CINTIQ PEN - WACOM CINTIQ PEN-102692 | NIKON Z6 III BATTERY - NIKON Z6III BATT-102693 | FUJIFILM 18-55mm LENS - FUJI 1855 LENS-102694 | NIKON Z6 III CAMERA CASE - NIKON Z6III CASE-102695 | HUION DRAWING TABLET - HUION TABLET-102696 | INSTA360 X4 CASE - INSTA X4 CASE-102697 | GODOX POWER SUPPLY - GODOX PSU-102698 | SANDISK 128GB SD CARD - SANDISK 128SD-102699 | RODE MIC BATTERY - RODE MIC BATT-102700 | INSTA360 X4 CAMERA - INSTA X4-102701 | LAPTOP SLEEVE CASE - LAPTOP SLEEVE-102702 | NIKON Z6 III MIRRORLESS BODY - NIKON Z6III-102703 | LOGITECH WIRELESS MOUSE - LOGI MOUSE-102704 | LEXAR 128GB CF CARD - LEXAR CF128-102705 | FUJIFILM X-T5 BATTERY - FUJI XT5 BATT-102706 | GODOX POWER SUPPLY - GODOX PSU-102707 | LOGITECH WIRELESS MOUSE - LOGI MOUSE-102708 | FUJIFILM X-T5 BODY - FUJI XT5-102709 | META QUEST CHARGING CABLE - MQUEST CABLE-102710 | MACBOOK AIR M3 CHARGER - MBA M3 CHRG-102711 | ZOOM H5 RECORDER CASE - ZOOM H5 CASE-102712 | 
8852574,,@inside.fixture.edu,0,10/02/2024 1:30 PM,10/04/2024 9:30 PM,10/07/2024 4:04 PM,441240,1,Returned: META QUEST HEADSET - MQUEST HS-102713 | 
9877065,DRAW,@inside.fixture.edu,0,10/02/2024 4:30 PM,10/04/2024 9:30 PM,10/04/2024 4:56 PM,174360,6,Returned: MANFROTTO TRIPOD - MANFRO TRIPOD-102714 | INSTA360 X4 CAMERA - INSTA X4-102715 | GODOX POWER SUPPLY - GODOX PSU-102716 | META QUEST CONTROLLER - MQUEST CTRL-102717 | MACBOOK AIR CHARGING CABLE - MBA CABLE-102718 | PANASONIC S5 II BATTERY CHARGER - PANA S5II CHRG-102719 | 
5218028,DRAW,@inside.fixture.edu,0,10/02/2024 7:05 PM,10/04/2024 9:30 PM,10/05/2024 9:48 AM,225780,1,Returned: BENQ DATA PROJECTOR - BENQ PROJ-102720 | 
1192619,DRAW,@inside.fixture.edu,0,10/02/2024 9:07 PM,10/04/2024 9:30 PM,10/04/2024 4:56 PM,157740,1,Returned: EQUIPMENT CRATE 12x12 - CRATE12-102721 | 
2921859,DRAW,@inside.fixture.edu,0,10/03/2024 8:58 AM,10/04/2024 9:30 PM,10/05/2024 9:48 AM,175800,1,Returned: SANDISK 64GB SD CARD - SANDISK 64SD-102722 | 
5476583,,@inside.fixture.edu,0,10/03/2024 9:03 AM,10/03/2024 9:30 PM,03/13/2025 12:23 PM,13922400,2,Returned: SANDISK 64GB SD CARD - SANDISK 64SD-102723 | LEXAR 128GB CF CARD - LEXAR CF128-102724 | 
6707197,,@fixture.edu,0,10/03/2024 9:41 AM,10/03/2024 9:30 PM,10/03/2024 1:08 PM,12420,5,Returned: HUION DRAWING TABLET - HUION TABLET-102725 | OLYMPUS 12-40mm LENS - OLY 1240 LENS-102726 | FUJIFILM X-T5 BATTERY - FUJI XT5 BATT-102727 | META QUEST CONTROLLER - MQUEST CTRL-102728 | GODOX POWER SUPPLY - GODOX PSU-102729 | 
2871534,,@fixture.edu,0,10/03/2024 1:00 PM,10/03/2024 9:30 PM,10/04/2024 7:23 PM,109380,7,Returned: GODOX LIGHT STAND - GODOX STAND-102730 | WACOM ONE TABLET - WACOM ONE-102731 | EXTENSION CORD 10FT - EXTCORD10-102732 | USB-C MULTIPORT HUB - USBC HUB-102733 | NIKON Z6 III BATTERY CHARGER - NIKON Z6III CHRG-102734 | MACBOOK AIR M3 CHARGER - MBA M3 CHRG-102735 | HUION DRAWING TABLET - HUION TABLET-102736 | 
5924115,,@fixture.edu,0,10/10/2024 9:28 AM,10/10/2024 2:00 PM,10/10/2024 3:42 PM,22440,5,Returned: MACBOOK AIR CHARGING CABLE - MBA CABLE-102737 | INSTA360 X4 CASE - INSTA X4 CASE-102738 | META QUEST HEADSET - MQUEST HS-102739 | CARD READER - CARDRDR-102740 | MACBOOK AIR M3 CHARGER - MBA M3 CHRG-102741 | 
8294150,,@fixture.edu,0,10/31/2024 9:36 AM,10/31/2024 2:00 PM,10/31/2024 1:09 PM,12780,5,Returned: INSTA360 X4 CASE - INSTA X4 CASE-102742 | META QUEST CONTROLLER - MQUEST CTRL-102743 | MANFROTTO TRIPOD CASE - MANFRO CASE-102744 | SANDISK 128GB SD CARD - SANDISK 128SD-102745 | WACOM CINTIQ TABLET - WACOM CINTIQ-102746 | 
3653446,DRAW,@inside.fixture.edu,2,10/03/2024 1:25 PM,10/26/2024 9:00 PM,10/24/2024 1:02 PM,1813020,3,Returned: NIKON Z6 III BATTERY CHARGER - NIKON Z6III CHRG-102747 | POWER STRIP - PWRSTRIP-102748 | MACBOOK AIR M3 CHARGER - MBA M3 CHRG-102749 | 
8612220,GDES,@inside.fixture.edu,0,10/03/2024 1:38 PM,10/03/2024 9:30 PM,10/03/2024 6:29 PM,17460,10,Returned: USB-C MULTIPORT HUB - USBC HUB-102750 | MACBOOK AIR CHARGING CABLE - MBA CABLE-102751 | XLR CABLE 25FT - XLR25-102752 | GODOX POWER SUPPLY - GODOX PSU-102753 | PANASONIC S5 II BODY - PANA S5II-102754 | INSTA360 X4 BATTERY - INSTA X4 BATT-102755 | EPSON PROJECTOR - EPSON PROJ-102756 | MACBOOK AIR M3 LAPTOP - MBA M3-102757 | GODOX POWER SUPPLY - GODOX PSU-102758 | NIKON Z6 III MIRRORLESS BODY - NIKON Z6III-102759 | 
1054447,CRFT,@inside.fixture.edu,0,10/03/2024 2:05 PM,10/07/2024 9:30 PM,10/07/2024 3:28 PM,350580,3,Returned: SANDISK 64GB SD CARD - SANDISK 64SD-102760 | WACOM CINTIQ TABLET - WACOM CINTIQ-102761 | RODE MIC BATTERY - RODE MIC BATT-102762 | 
5418934,MOTP,@inside.fixture.edu,0,10/03/2024 2:06 PM,10/03/2024 9:30 PM,10/03/2024 3:53 PM,6420,1,Returned: WACOM ONE TABLET - WACOM ONE-102763 | 
9398441,DRAW,@inside.fixture.edu,0,10/04/2024 8:17 AM,10/04/2024 9:30 PM,10/04/2024 4:56 PM,31140,3,Returned: MANFROTTO TRIPOD - MANFRO TRIPOD-102764 | USB-C TO HDMI ADAPTER - USBC HDMI-102765 | LEXAR 128GB CF CARD - LEXAR CF128-102766 | 
3997281,,@inside.fixture.edu,1,10/04/2024 9:40 AM,10/09/2024 9:30 PM,10/08/2024 5:38 PM,374280,7,Returned: MACBOOK AIR M3 LAPTOP - MBA M3-102767 | WACOM ONE TABLET - WACOM ONE-102768 | XLR CABLE 15FT - XLR15-102769 | MACBOOK AIR CHARGING CABLE - MBA CABLE-102770 | SANDISK 64GB SD CARD - SANDISK 64SD-102771 | EPSON PROJECTOR - EPSON PROJ-102772 | XLR CABLE 15FT - XLR15-102773 | 
9517485,MOTP,@inside.fixture.edu,0,10/04/2024 9:46 AM,10/07/2024 9:30 PM,10/18/2024 3:59 PM,1231980,6,Returned: USB KEYBOARD - USB KYBD-102774 | MANFROTTO TRIPOD CASE - MANFRO CASE-102775 | PANASONIC S5 II BODY - PANA S5II-102776 | OLYMPUS OM-D E-M1 BODY - OLY EM1-102777 | WACOM CINTIQ TABLET - WACOM CINTIQ-102778 | SANDISK 128GB SD CARD - SANDISK 128SD-102779 | 
2785277,DRAW,@inside.fixture.edu,0,10/04/2024 12:17 PM,10/07/2024 9:30 PM,10/07/2024 6:55 PM,283080,3,Returned: FUJIFILM X-T5 BATTERY - FUJI XT5 BATT-102780 | MANFROTTO TRIPOD - MANFRO TRIPOD-102781 | SANDISK 128GB SD CARD - SANDISK 128SD-102782 | 
6007072,DGTL,@inside.fixture.edu,0,10/04/2024 12:29 PM,10/07/2024 9:30 PM,10/07/2024 1:44 PM,263700,3,Returned: DELL XPS LAPTOP - DELL XPS-102783 | XLR CABLE 15FT - XLR15-102784 | OLYMPUS 12-40mm LENS - OLY 1240 LENS-102785 | 
9517169,,@gmail.com,0,10/04/2024 12:58 PM,10/08/2024 9:30 PM,10/18/2024 12:28 PM,1207800,1,Returned: INSTA360 X4 CAMERA - INSTA X4-102786 | 
4337174,MDIA,@inside.fixture.edu,1,10/04/2024 1:52 PM,10/11/2024 9:30 PM,10/11/2024 1:56 PM,605040,5,Returned: OLYMPUS 12-40mm LENS - OLY 1240 LENS-102787 | LOGITECH WEBCAM - LOGI WEBCAM-102788 | PANASONIC S5 II BODY - PANA S5II-102789 | MACBOOK AIR CHARGING CABLE - MBA CABLE-102790 | INSTA360 X4 CASE - INSTA X4 CASE-102791 | 
3564217,,@inside.fixture.edu,0,10/04/2024 3:16 PM,10/11/2024 9:30 PM,10/04/2024 4:50 PM,5640,3,Returned: USB KEYBOARD - USB KYBD-102792 | LAPTOP SLEEVE CASE - LAPTOP SLEEVE-102793 | EPSON PROJECTOR HDMI CABLE - EPSON PROJ HDMI-102794 | 
7273233,,@inside.fixture.edu,4,10/04/2024 3:46 PM,01/21/2025 6:30 PM,03/04/2025 1:40 PM,13038840,5,Returned: POWER STRIP - PWRSTRIP-102795 | RODE WIRELESS MIC - RODE WIRELESS-102796 | USB-C TO HDMI ADAPTER - USBC HDMI-102797 | WACOM CINTIQ TABLET - WACOM CINTIQ-102798 | XLR CABLE 25FT - XLR25-102799 | 
3710343,,@inside.fixture.edu,2,10/04/2024 4:02 PM,11/22/2024 9:30 PM,11/21/2024 3:37 PM,4145700,5,Returned: GODOX POWER SUPPLY - GODOX PSU-102800 | NIKON Z6 III CAMERA CASE - NIKON Z6III CASE-102801 | LOGITECH WEBCAM - LOGI WEBCAM-102802 | MACBOOK AIR M3 CHARGER - MBA M3 CHRG-102803 | HUION DRAWING TABLET - HUION TABLET-102804 | 
9897858,DRAW,@inside.fixture.edu,2,10/04/2024 7:16 PM,10/15/2024 9:30 PM,10/15/2024 2:21 PM,932700,3,Returned: DELL XPS LAPTOP CHARGER - DELL XPS CHRG-102805 | ZOOM H5 RECORDER - ZOOM H5-102806 | ZOOM H5 RECORDER CASE - ZOOM H5 CASE-102807 | 
1009594,DRAW,@inside.fixture.edu,1,10/04/2024 7:17 PM,10/15/2024 9:30 PM,10/14/2024 6:47 PM,862200,3,Returned: USB-C TO HDMI ADAPTER - USBC HDMI-102808 | META QUEST CHARGING CABLE - MQUEST CABLE-102809 | MANFROTTO TRIPOD - MANFRO TRIPOD-102810 | 
6438436,,@fixture.edu,0,10/07/2024 10:01 AM,10/07/2024 9:30 PM,10/07/2024 1:21 PM,12000,1,Returned: NIKON Z6 III BATTERY - NIKON Z6III BATT-102811 | 
9197443,DRAW,@inside.fixture.edu,0,10/07/2024 9:55 AM,10/10/2024 9:30 PM,10/09/2024 1:02 PM,184020,2,Returned: FUJIFILM 18-55mm LENS - FUJI 1855 LENS-102812 | CARD READER - CARDRDR-102813 | 
1326765,ANIM,@gmail.com,0,10/07/2024 10:40 AM,10/07/2024 9:30 PM,10/07/2024 9:23 PM,38580,2,Returned: INSTA360 X4 CAMERA - INSTA X4-102814 | PANASONIC S5 II BATTERY CHARGER - PANA S5II CHRG-102815 | 
2876828,DRAW,@inside.fixture.edu,0,10/07/2024 11:55 AM,10/07/2024 9:30 PM,10/07/2024 5:35 PM,20400,1,Returned: WACOM CINTIQ TABLET - WACOM CINTIQ-102816 | 
7089806,,@inside.fixture.edu,0,10/07/2024 11:56 AM,10/08/2024 9:30 PM,10/09/2024 12:03 PM,173220,2,Returned: GODOX LED LIGHT PANEL - GODOX LED-102817 | PANASONIC S5 II BODY - PANA S5II-102818 | 
6159230,DRAW,@inside.fixture.edu,0,10/07/2024 1:43 PM,10/07/2024 10:00 PM,10/08/2024 10:49 AM,75960,1,Returned: EXTENSION CORD 10FT - EXTCORD10-102819 | 
5017343,INDD,@inside.fixture.edu,0,10/07/2024 2:09 PM,10/08/2024 9:30 PM,10/08/2024 1:53 PM,85440,3,Returned: ZOOM H5 RECORDER CASE - ZOOM H5 CASE-102820 | GODOX POWER SUPPLY - GODOX PSU-102821 | MACBOOK AIR M3 CHARGER - MBA M3 CHRG-102822 | 
1971823,,@inside.fixture.edu,0,10/07/2024 3:46 PM,10/14/2024 9:30 PM,10/07/2024 3:58 PM,720,3,Returned: BENQ DATA PROJECTOR - BENQ PROJ-102823 | EQUIPMENT CRATE 12x12 - CRATE12-102824 | XLR CABLE 15FT - XLR15-102825 | 
5041154,,@inside.fixture.edu,5,10/07/2024 4:00 PM,12/06/2024 9:30 PM,12/10/2024 8:58 AM,5504280,4,Returned: MANFROTTO TRIPOD CASE - MANFRO CASE-102826 | HUION DRAWING TABLET - HUION TABLET-102827 | OLYMPUS OM-D E-M1 BODY - OLY EM1-102828 | PANASONIC S5 II BODY - PANA S5II-102829 | 
2321324,STDA,@inside.fixture.edu,1,10/08/2024 2:47 PM,10/16/2024 9:30 PM,10/16/2024 12:10 PM,681780,17,Returned: LOGITECH WEBCAM - LOGI WEBCAM-102830 | ZOOM H5 RECORDER - ZOOM H5-102831 | HUION DRAWING TABLET - HUION TABLET-102832 | WACOM CINTIQ TABLET - WACOM CINTIQ-102833 | USB KEYBOARD - USB KYBD-102834 | NIKON Z6 III CAMERA CASE - NIKON Z6III CASE-102835 | OLYMPUS 12-40mm LENS - OLY 1240 LENS-102836 | SANDISK 128GB SD CARD - SANDISK 128SD-102837 | RODE MIC BATTERY - RODE MIC BATT-102838 | RODE WIRELESS MIC - RODE WIRELESS-102839 | MANFROTTO TRIPOD - MANFRO TRIPOD-102840 | GODOX LED LIGHT PANEL - GODOX LED-102841 | MANFROTTO TRIPOD - MANFRO TRIPOD-102842 | DELL XPS LAPTOP CHARGER - DELL XPS CHRG-102843 | CARD READER - CARDRDR-102844 | ZOOM H5 RECORDER CASE - ZOOM H5 CASE-102845 | WACOM CINTIQ PEN - WACOM CINTIQ PEN-102846 | 
2437026,DRAW,@inside.fixture.edu,0,10/08/2024 10:27 AM,10/11/2024 9:30 PM,11/22/2024 12:49 PM,3896520,1,Returned: INSTA360 X4 BATTERY - INSTA X4 BATT-102847 | 
9153566,,@inside.fixture.edu,0,10/08/2024 2:00 PM,10/09/2024 9:30 PM,10/08/2024 3:05 PM,3900,8,Returned: AUDIO-TECHNICA HEADPHONES - AT HEADPHONES-102848 | PANASONIC S5 II BATTERY CHARGER - PANA S5II CHRG-102849 | NIKON Z6 III BATTERY - NIKON Z6III BATT-102850 | BENQ DATA PROJECTOR - BENQ PROJ-102851 | GODOX LIGHT STAND - GODOX STAND-102852 | META QUEST CHARGING CABLE - MQUEST CABLE-102853 | EPSON PROJECTOR - EPSON PROJ-102854 | FUJIFILM X-T5 BODY - FUJI XT5-102855 | 
2161193,DRAW,@inside.fixture.edu,0,10/08/2024 3:12 PM,10/11/2024 9:30 PM,10/10/2024 7:05 PM,186780,3,Returned: PANASONIC S5 II BODY - PANA S5II-102856 | FUJIFILM X-T5 BATTERY - FUJI XT5 BATT-102857 | NIKON Z6 III CAMERA CASE - NIKON Z6III CASE-102858 | 
9937326,SPAC,@inside.fixture.edu,0,10/09/2024 12:43 PM,12/13/2024 2:30 PM,12/09/2024 7:54 AM,5253060,5,Returned: EQUIPMENT CRATE 12x12 - CRATE12-102859 | USB-C TO HDMI ADAPTER - USBC HDMI-102860 | NIKON Z6 III BATTERY - NIKON Z6III BATT-102861 | XLR CABLE 25FT - XLR25-102862 | EXTENSION CORD 10FT - EXTCORD10-102863 | 
3109911,DRAW,@inside.fixture.edu,0,10/08/2024 7:21 PM,10/22/2024 9:30 PM,12/12/2024 4:07 PM,5604360,13,Returned: FUJIFILM X-T5 BODY - FUJI XT5-102864 | MANFROTTO TRIPOD - MANFRO TRIPOD-102865 | OLYMPUS 12-40mm LENS - OLY 1240 LENS-102866 | GODOX LIGHT STAND - GODOX STAND-102867 | EQUIPMENT CRATE 12x12 - CRATE12-102868 | RODE MIC BATTERY - RODE MIC BATT-102869 | LEXAR 128GB CF CARD - LEXAR CF128-102870 | MANFROTTO TRIPOD CASE - MANFRO CASE-102871 | HUION DRAWING TABLET - HUION TABLET-102872 | OLYMPUS OM-D E-M1 BODY - OLY EM1-102873 | USB KEYBOARD - USB KYBD-102874 | NIKON Z6 III BATTERY - NIKON Z6III BATT-102875 | GODOX LIGHT STAND - GODOX STAND-102876 | 
3154051,,@inside.fixture.edu,1,10/09/2024 10:46 AM,12/02/2024 9:30 PM,12/04/2024 1:00 PM,4846440,5,Returned: CARD READER - CARDRDR-102877 | RODE MIC BATTERY - RODE MIC BATT-102878 | MACBOOK AIR M3 CHARGER - MBA M3 CHRG-102879 | INSTA360 X4 BATTERY - INSTA X4 BATT-102880 | USB-C MULTIPORT HUB - USBC HUB-102881 | 
8973915,,@fixture.edu,1,10/09/2024 2:33 PM,10/11/2024 9:30 PM,10/11/2024 5:17 PM,182640,43,Returned: MANFROTTO TRIPOD - MANFRO TRIPOD-102882 | DELL XPS LAPTOP CHARGER - DELL XPS CHRG-102883 | INSTA360 X4 BATTERY - INSTA X4 BATT-102884 | EPSON PROJECTOR - EPSON PROJ-102885 | PANASONIC S5 II BODY - PANA S5II-102886 | WACOM CINTIQ PEN - WACOM CINTIQ PEN-102887 | HUION DRAWING TABLET - HUION TABLET-102888 | HUION DRAWING TABLET - HUION TABLET-102889 | WACOM CINTIQ TABLET - WACOM CINTIQ-102890 | LAPTOP SLEEVE CASE - LAPTOP SLEEVE-102891 | GODOX LED LIGHT PANEL - GODOX LED-102892 | RODE MIC BATTERY - RODE MIC BATT-102893 | ZOOM H5 RECORDER CASE - ZOOM H5 CASE-102894 | USB-C MULTIPORT HUB - USBC HUB-102895 | LOGITECH WEBCAM - LOGI WEBCAM-102896 | DELL XPS LAPTOP CHARGER - DELL XPS CHRG-102897 | XLR CABLE 15FT - XLR15-102898 | MANFROTTO TRIPOD - MANFRO TRIPOD-102899 | RODE WIRELESS MIC - RODE WIRELESS-102900 | NIKON Z6 III MIRRORLESS BODY - NIKON Z6III-102901 | LOGITECH WEBCAM - LOGI WEBCAM-102902 | USB KEYBOARD - USB KYBD-102903 | ZOOM H5 RECORDER - ZOOM H5-102904 | MACBOOK AIR M3 LAPTOP - MBA M3-102905 | NIKON Z6 III MIRRORLESS BODY - NIKON Z6III-102906 | META QUEST CONTROLLER - MQUEST CTRL-102907 | INSTA360 X4 CAMERA - INSTA X4-102908 | MACBOOK AIR M3 CHARGER - MBA M3 CHRG-102909 | NIKON Z6 III MIRRORLESS BODY - NIKON Z6III-102910 | DELL XPS LAPTOP - DELL XPS-102911 | RODE WIRELESS MIC - RODE WIRELESS-102912 | SANDISK 128GB SD CARD - SANDISK 128SD-102913 | NIKON Z6 III MIRRORLESS BODY - NIKON Z6III-102914 | XLR CABLE 15FT - XLR15-102915 | AUDIO-TECHNICA HEADPHONES - AT HEADPHONES-102916 | USB-C TO HDMI ADAPTER - USBC HDMI-102917 | XLR CABLE 25FT - XLR25-102918 | OLYMPUS 12-40mm LENS - OLY 1240 LENS-102919 | BENQ DATA PROJECTOR - BENQ PROJ-102920 | XLR CABLE 25FT - XLR25-102921 | XLR CABLE 15FT - XLR15-102922 | MANFROTTO TRIPOD - MANFRO TRIPOD-102923 | DELL XPS LAPTOP - DELL XPS-102924 | 
3770370,,@inside.fixture.edu,0,10/09/2024 7:14 PM,10/11/2024 9:30 PM,10/11/2024 7:27 PM,173580,2,Returned: LEXAR 128GB CF CARD - LEXAR CF128-102925 | EXTENSION CORD 10FT - EXTCORD10-102926 | 
5446912,,@fixture.edu,0,10/11/2024 1:38 PM,10/11/2024 9:30 PM,10/28/2024 1:13 PM,1467300,30,Returned: META QUEST CONTROLLER - MQUEST CTRL-102927 | LOGITECH WEBCAM - LOGI WEBCAM-102928 | GODOX POWER SUPPLY - GODOX PSU-102929 | MANFROTTO TRIPOD CASE - MANFRO CASE-102930 | BENQ DATA PROJECTOR - BENQ PROJ-102931 | LOGITECH WEBCAM - LOGI WEBCAM-102932 | AUDIO-TECHNICA HEADPHONES - AT HEADPHONES-102933 | USB KEYBOARD - USB KYBD-102934 | PANASONIC S5 II BATTERY CHARGER - PANA S5II CHRG-102935 | MANFROTTO TRIPOD CASE - MANFRO CASE-102936 | GODOX LED LIGHT PANEL - GODOX LED-102937 | WACOM ONE TABLET - WACOM ONE-102938 | MANFROTTO TRIPOD - MANFRO TRIPOD-102939 | HUION DRAWING TABLET - HUION TABLET-102940 | PANASONIC S5 II BATTERY CHARGER - PANA S5II CHRG-102941 | NIKON Z6 III BATTERY - NIKON Z6III BATT-102942 | NIKON Z6 III BATTERY CHARGER - NIKON Z6III CHRG-102943 | USB-C MULTIPORT HUB - USBC HUB-102944 | PANASONIC S5 II BATTERY CHARGER - PANA S5II CHRG-102945 | FUJIFILM X-T5 BATTERY - FUJI XT5 BATT-102946 | MANFROTTO TRIPOD - MANFRO TRIPOD-102947 | EPSON PROJECTOR HDMI CABLE - EPSON PROJ HDMI-102948 | EPSON PROJECTOR HDMI CABLE - EPSON PROJ HDMI-102949 | SANDISK 128GB SD CARD - SANDISK 128SD-102950 | OLYMPUS 12-40mm LENS - OLY 1240 LENS-102951 | MACBOOK AIR CHARGING CABLE - MBA CABLE-102952 | ZOOM H5 RECORDER - ZOOM H5-102953 | RODE MIC BATTERY - RODE MIC BATT-102954 | POWER STRIP - PWRSTRIP-102955 | INSTA360 X4 CASE - INSTA X4 CASE-102956 | 
9852897,MDIA,@inside.fixture.edu,0,10/10/2024 2:16 PM,10/10/2024 9:30 PM,10/10/2024 3:35 PM,4740,2,Returned: MACBOOK AIR M3 LAPTOP - MBA M3-102957 | POWER STRIP - PWRSTRIP-102958 | 
8099076,CRFT,@inside.fixture.edu,0,10/10/2024 4:15 PM,10/14/2024 9:30 PM,10/10/2024 4:23 PM,480,3,Returned: ZOOM H5 RECORDER - ZOOM H5-102959 | USB KEYBOARD - USB KYBD-102960 | INSTA360 X4 CAMERA - INSTA X4-102961 | 
4553384,CRFT,@inside.fixture.edu,1,10/10/2024 4:18 PM,11/01/2024 9:30 PM,11/04/2024 2:24 PM,2153160,3,Returned: NIKON Z6 III CAMERA CASE - NIKON Z6III CASE-102962 | EXTENSION CORD 10FT - EXTCORD10-102963 | NIKON Z6 III CAMERA CASE - NIKON Z6III CASE-102964 | 
4374754,,@inside.fixture.edu,2,10/11/2024 11:07 AM,10/21/2024 9:30 PM,10/21/2024 12:51 PM,870240,23,Returned: MACBOOK AIR M3 LAPTOP - MBA M3-102965 | PANASONIC S5 II BATTERY CHARGER - PANA S5II CHRG-102966 | USB KEYBOARD - USB KYBD-102967 | LOGITECH WEBCAM - LOGI WEBCAM-102968 | LOGITECH WIRELESS MOUSE - LOGI MOUSE-102969 | FUJIFILM 18-55mm LENS - FUJI 1855 LENS-102970 | EXTENSION CORD 10FT - EXTCORD10-102971 | LEXAR 128GB CF CARD - LEXAR CF128-102972 | EXTENSION CORD 10FT - EXTCORD10-102973 | DELL XPS LAPTOP CHARGER - DELL XPS CHRG-102974 | BENQ DATA PROJECTOR - BENQ PROJ-102975 | NIKON Z6 III BATTERY - NIKON Z6III BATT-102976 | MACBOOK AIR M3 LAPTOP - MBA M3-102977 | EXTENSION CORD 10FT - EXTCORD10-102978 | LAPTOP SLEEVE CASE - LAPTOP SLEEVE-102979 | INSTA360 X4 CASE - INSTA X4 CASE-102980 | MACBOOK AIR M3 CHARGER - MBA M3 CHRG-102981 | GODOX POWER SUPPLY - GODOX PSU-102982 | RODE MIC BATTERY - RODE MIC BATT-102983 | RODE MIC BATTERY - RODE MIC BATT-102984 | HUION DRAWING TABLET - HUION TABLET-102985 | NIKON Z6 III BATTERY CHARGER - NIKON Z6III CHRG-102986 | META QUEST CHARGING CABLE - MQUEST CABLE-102987 | 
6229731,,@inside.fixture.edu,0,10/11/2024 12:00 PM,10/14/2024 9:30 PM,10/14/2024 2:47 PM,269220,10,Returned: LAPTOP SLEEVE CASE - LAPTOP SLEEVE-102988 | LEXAR 128GB CF CARD - LEXAR CF128-102989 | GODOX LED LIGHT PANEL - GODOX LED-102990 | PANASONIC S5 II BATTERY CHARGER - PANA S5II CHRG-102991 | EQUIPMENT CRATE 12x12 - CRATE12-102992 | CARD READER - CARDRDR-102993 | SANDISK 64GB SD CARD - SANDISK 64SD-102994 | FUJIFILM 18-55mm LENS - FUJI 1855 LENS-102995 | HUION DRAWING TABLET - HUION TABLET-102996 | RODE MIC BATTERY - RODE MIC BATT-102997 | 
7693979,,@fixture.edu,1,10/11/2024 2:45 PM,10/15/2024 9:30 PM,10/15/2024 11:54 AM,335340,3,Returned: PANASONIC S5 II BODY - PANA S5II-102998 | MANFROTTO TRIPOD CASE - MANFRO CASE-102999 | FUJIFILM 18-55mm LENS - FUJI 1855 LENS-103000 | 
7264956,VIZD,@inside.fixture.edu,0,10/12/2024 11:59 AM,10/12/2024 3:00 PM,10/12/2024 1:31 PM,5520,10,Returned: POWER STRIP - PWRSTRIP-103001 | NIKON Z6 III MIRRORLESS BODY - NIKON Z6III-103002 | NIKON Z6 III BATTERY CHARGER - NIKON Z6III CHRG-103003 | POWER STRIP - PWRSTRIP-103004 | MACBOOK AIR M3 CHARGER - MBA M3 CHRG-103005 | WACOM CINTIQ PEN - WACOM CINTIQ PEN-103006 | XLR CABLE 15FT - XLR15-103007 | FUJIFILM X-T5 BODY - FUJI XT5-103008 | OLYMPUS 12-40mm LENS - OLY 1240 LENS-103009 | FUJIFILM X-T5 BATTERY - FUJI XT5 BATT-103010 | 
8350099,,@inside.fixture.edu,0,10/12/2024 1:28 PM,10/12/2024 3:00 PM,10/17/2024 11:48 AM,426000,2,Returned: HUION DRAWING TABLET - HUION TABLET-103011 | META QUEST CHARGING CABLE - MQUEST CABLE-103012 | 
9683481,DRAW,@inside.fixture.edu,0,10/14/2024 8:17 AM,10/14/2024 9:30 PM,10/14/2024 1:00 PM,16980,5,Returned: INSTA360 X4 CASE - INSTA X4 CASE-103013 | HUION DRAWING TABLET - HUION TABLET-103014 | NIKON Z6 III CAMERA CASE - NIKON Z6III CASE-103015 | GODOX LED LIGHT PANEL - GODOX LED-103016 | EPSON PROJECTOR - EPSON PROJ-103017 | 
8574680,,@fixture.edu,0,10/14/2024 8:51 AM,10/14/2024 9:30 PM,10/14/2024 9:10 AM,1140,2,Returned: POWER STRIP - PWRSTRIP-103018 | FUJIFILM 18-55mm LENS - FUJI 1855 LENS-103019 | 
3030113,DRAW,@inside.fixture.edu,0,10/14/2024 10:01 AM,10/14/2024 9:30 PM,10/15/2024 7:41 AM,78000,1,Returned: SANDISK 128GB SD CARD - SANDISK 128SD-103020 | 
5159166,,@fixture.edu,0,10/14/2024 1:31 PM,10/14/2024 9:30 PM,10/14/2024 2:19 PM,2880,3,Returned: INSTA360 X4 BATTERY - INSTA X4 BATT-103021 | POWER STRIP - PWRSTRIP-103022 | HDMI CABLE 10FT - HDMI10-103023 | 
4769795,DRAW,@inside.fixture.edu,2,10/14/2024 4:39 PM,11/04/2024 9:30 PM,11/04/2024 2:44 PM,1807500,2,Returned: LOGITECH WEBCAM - LOGI WEBCAM-103024 | DELL XPS LAPTOP CHARGER - DELL XPS CHRG-103025 | 
2074176,,@inside.fixture.edu,1,10/14/2024 5:10 PM,10/16/2024 9:30 PM,10/18/2024 6:33 PM,350580,5,Returned: PANASONIC S5 II BATTERY CHARGER - PANA S5II CHRG-103026 | GODOX POWER SUPPLY - GODOX PSU-103027 | ZOOM H5 RECORDER CASE - ZOOM H5 CASE-103028 | OLYMPUS OM-D E-M1 BODY - OLY EM1-103029 | META QUEST HEADSET - MQUEST HS-103030 | 
6672134,,@fixture.edu,0,10/15/2024 12:03 PM,10/15/2024 9:30 PM,10/15/2024 6:45 PM,24120,21,Returned: MACBOOK AIR M3 CHARGER - MBA M3 CHRG-103031 | DELL XPS LAPTOP CHARGER - DELL XPS CHRG-103032 | RODE WIRELESS MIC - RODE WIRELESS-103033 | EPSON PROJECTOR - EPSON PROJ-103034 | PANASONIC S5 II BATTERY CHARGER - PANA S5II CHRG-103035 | PANASONIC S5 II BATTERY CHARGER - PANA S5II CHRG-103036 | ZOOM H5 RECORDER CASE - ZOOM H5 CASE-103037 | BENQ DATA PROJECTOR - BENQ PROJ-103038 | MANFROTTO TRIPOD CASE - MANFRO CASE-103039 | LOGITECH WIRELESS MOUSE - LOGI MOUSE-103040 | META QUEST CONTROLLER - MQUEST CTRL-103041 | USB-C TO HDMI ADAPTER - USBC HDMI-103042 | NIKON Z6 III CAMERA CASE - NIKON Z6III CASE-103043 | OLYMPUS 12-40mm LENS - OLY 1240 LENS-103044 | RODE WIRELESS MIC - RODE WIRELESS-103045 | MANFROTTO TRIPOD - MANFRO TRIPOD-103046 | XLR CABLE 15FT - XLR15-103047 | NIKON Z6 III MIRRORLESS BODY - NIKON Z6III-103048 | GODOX LED LIGHT PANEL - GODOX LED-103049 | XLR CABLE 15FT - XLR15-103050 | PANASONIC S5 II BATTERY CHARGER - PANA S5II CHRG-103051 | 
1352896,DRAW,@inside.fixture.edu,1,10/15/2024 1:15 PM,10/18/2024 9:30 PM,10/18/2024 1:36 PM,260460,1,Returned: NIKON Z6 III BATTERY - NIKON Z6III BATT-103052 | 
4860684,,@fixture.edu,0,10/15/2024 2:10 PM,10/15/2024 9:30 PM,10/16/2024 9:17 PM,112020,8,Returned: CARD READER - CARDRDR-103053 | EXTENSION CORD 10FT - EXTCORD10-103054 | LEXAR 128GB CF CARD - LEXAR CF128-103055 | EPSON PROJECTOR HDMI CABLE - EPSON PROJ HDMI-103056 | GODOX LIGHT STAND - GODOX STAND-103057 | USB-C MULTIPORT HUB - USBC HUB-103058 | XLR CABLE 25FT - XLR25-103059 | LAPTOP SLEEVE CASE - LAPTOP SLEEVE-103060 | 
4694634,,@fixture.edu,0,10/15/2024 3:03 PM,10/15/2024 9:30 PM,10/15/2024 6:07 PM,11040,1,Returned: MACBOOK AIR CHARGING CABLE - MBA CABLE-103061 | 
1120642,ANIM,@inside.fixture.edu,0,10/15/2024 3:05 PM,10/22/2024 9:30 PM,10/23/2024 6:08 PM,702180,8,Returned: USB-C TO HDMI ADAPTER - USBC HDMI-103062 | WACOM ONE TABLET - WACOM ONE-103063 | RODE MIC BATTERY - RODE MIC BATT-103064 | GODOX LED LIGHT PANEL - GODOX LED-103065 | FUJIFILM 18-55mm LENS - FUJI 1855 LENS-103066 | LAPTOP SLEEVE CASE - LAPTOP SLEEVE-103067 | NIKON Z6 III CAMERA CASE - NIKON Z6III CASE-103068 | LOGITECH WIRELESS MOUSE - LOGI MOUSE-103069 | 
2191066,,@inside.fixture.edu,0,10/15/2024 5:17 PM,10/17/2024 9:30 PM,10/16/2024 1:07 PM,71400,4,Returned: OLYMPUS OM-D E-M1 BODY - OLY EM1-103070 | EQUIPMENT CRATE 12x12 - CRATE12-103071 | SANDISK 64GB SD CARD - SANDISK 64SD-103072 | MACBOOK AIR M3 CHARGER - MBA M3 CHRG-103073 | 
1987737,,@fixture.edu,0,10/22/2024 8:07 AM,10/22/2024 9:30 PM,10/22/2024 6:24 PM,37020,21,Returned: FUJIFILM X-T5 BATTERY - FUJI XT5 BATT-103074 | WACOM CINTIQ TABLET - WACOM CINTIQ-103075 | LOGITECH WIRELESS MOUSE - LOGI MOUSE-103076 | GODOX LIGHT STAND - GODOX STAND-103077 | LAPTOP SLEEVE CASE - LAPTOP SLEEVE-103078 | EPSON PROJECTOR - EPSON PROJ-103079 | MANFROTTO TRIPOD - MANFRO TRIPOD-103080 | XLR CABLE 15FT - XLR15-103081 | WACOM ONE TABLET - WACOM ONE-103082 | NIKON Z6 III CAMERA CASE - NIKON Z6III CASE-103083 | META QUEST CHARGING CABLE - MQUEST CABLE-103084 | SANDISK 64GB SD CARD - SANDISK 64SD-103085 | MACBOOK AIR CHARGING CABLE - MBA CABLE-103086 | EQUIPMENT CRATE 12x12 - CRATE12-103087 | FUJIFILM X-T5 BODY - FUJI XT5-103088 | LOGITECH WEBCAM - LOGI WEBCAM-103089 | NIKON Z6 III CAMERA CASE - NIKON Z6III CASE-103090 | USB-C TO HDMI ADAPTER - USBC HDMI-103091 | META QUEST CHARGING CABLE - MQUEST CABLE-103092 | AUDIO-TECHNICA HEADPHONES - AT HEADPHONES-103093 | XLR CABLE 15FT - XLR15-103094 | 
4841005,GNRL,@inside.fixture.edu,0,10/16/2024 11:46 AM,10/16/2024 9:30 PM,10/16/2024 9:06 PM,33600,2,Returned: EPSON PROJECTOR - EPSON PROJ-103095 | LOGITECH WIRELESS MOUSE - LOGI MOUSE-103096 | 
2130789,STDA,@inside.fixture.edu,0,10/16/2024 12:03 PM,10/22/2024 9:30 PM,10/22/2024 3:04 PM,529260,3,Returned: MANFROTTO TRIPOD - MANFRO TRIPOD-103097 | NIKON Z6 III BATTERY CHARGER - NIKON Z6III CHRG-103098 | NIKON Z6 III CAMERA CASE - NIKON Z6III CASE-103099 | 
1527021,INDD,@inside.fixture.edu,0,10/16/2024 3:16 PM,10/16/2024 9:30 PM,10/16/2024 7:44 PM,16080,1,Returned: RODE WIRELESS MIC - RODE WIRELESS-103100 | 
6543670,,@fixture.edu,0,10/16/2024 3:30 PM,10/17/2024 9:30 PM,10/17/2024 12:08 PM,74280,4,Returned: META QUEST CHARGING CABLE - MQUEST CABLE-103101 | INSTA360 X4 CAMERA - INSTA X4-103102 | FUJIFILM X-T5 BATTERY - FUJI XT5 BATT-103103 | EPSON PROJECTOR HDMI CABLE - EPSON PROJ HDMI-103104 | 
2188789,MOTP,@inside.fixture.edu,0,10/17/2024 7:55 AM,10/17/2024 9:30 PM,10/17/2024 12:03 PM,14880,2,Returned: USB-C MULTIPORT HUB - USBC HUB-103105 | PANASONIC S5 II BATTERY CHARGER - PANA S5II CHRG-103106 | 
9626108,,@inside.fixture.edu,0,10/17/2024 10:20 AM,10/17/2024 9:30 PM,10/17/2024 1:14 PM,10440,2,Returned: LAPTOP SLEEVE CASE - LAPTOP SLEEVE-103107 | LEXAR 128GB CF CARD - LEXAR CF128-103108 | 
4993055,,@inside.fixture.edu,0,10/22/2024 8:08 AM,10/25/2024 9:30 PM,10/25/2024 4:12 PM,288240,16,Returned: HUION DRAWING TABLET - HUION TABLET-103109 | PANASONIC S5 II BODY - PANA S5II-103110 | HDMI CABLE 10FT - HDMI10-103111 | AUDIO-TECHNICA HEADPHONES - AT HEADPHONES-103112 | FUJIFILM X-T5 BATTERY - FUJI XT5 BATT-103113 | GODOX LED LIGHT PANEL - GODOX LED-103114 | ZOOM H5 RECORDER CASE - ZOOM H5 CASE-103115 | MACBOOK AIR M3 LAPTOP - MBA M3-103116 | GODOX LIGHT STAND - GODOX STAND-103117 | EQUIPMENT CRATE 12x12 - CRATE12-103118 | PANASONIC S5 II BODY - PANA S5II-103119 | PANASONIC S5 II BODY - PANA S5II-103120 | AUDIO-TECHNICA HEADPHONES - AT HEADPHONES-103121 | ZOOM H5 RECORDER - ZOOM H5-103122 | OLYMPUS 12-40mm LENS - OLY 1240 LENS-103123 | INSTA360 X4 CASE - INSTA X4 CASE-103124 | 
5672073,INDD,@inside.fixture.edu,0,10/17/2024 4:04 PM,10/17/2024 9:30 PM,10/17/2024 8:57 PM,17580,1,Returned: DELL XPS LAPTOP CHARGER - DELL XPS CHRG-103125 | 
9143903,,@inside.fixture.edu,0,10/17/2024 7:21 PM,10/17/2024 9:30 PM,10/24/2024 10:00 PM,614340,2,Returned: ZOOM H5 RECORDER CASE - ZOOM H5 CASE-103126 | RODE MIC BATTERY - RODE MIC BATT-103127 | 
4594297,IMAG,@inside.fixture.edu,0,10/18/2024 12:43 PM,10/21/2024 9:30 PM,10/21/2024 9:59 AM,249360,1,Returned: INSTA360 X4 CASE - INSTA X4 CASE-103128 | 
3219824,MDIA,@inside.fixture.edu,0,10/18/2024 1:41 PM,10/18/2024 9:30 PM,10/18/2024 6:10 PM,16140,1,Returned: RODE MIC BATTERY - RODE MIC BATT-103129 | 
8930103,,@inside.fixture.edu,0,10/18/2024 1:48 PM,10/21/2024 9:30 PM,10/23/2024 11:39 AM,424260,7,Returned: XLR CABLE 15FT - XLR15-103130 | EXTENSION CORD 10FT - EXTCORD10-103131 | DELL XPS LAPTOP - DELL XPS-103132 | EPSON PROJECTOR HDMI CABLE - EPSON PROJ HDMI-103133 | WACOM ONE TABLET - WACOM ONE-103134 | USB-C TO HDMI ADAPTER - USBC HDMI-103135 | SANDISK 64GB SD CARD - SANDISK 64SD-103136 | 
5076817,,@fixture.edu,0,10/19/2024 10:44 AM,10/21/2024 9:30 PM,10/21/2024 8:21 AM,164220,1,Returned: EXTENSION CORD 10FT - EXTCORD10-103137 | 
8935169,,@inside.fixture.edu,0,10/19/2024 12:15 PM,10/21/2024 9:30 PM,10/21/2024 8:16 PM,201660,7,Returned: META QUEST CONTROLLER - MQUEST CTRL-103138 | LEXAR 128GB CF CARD - LEXAR CF128-103139 | INSTA360 X4 CAMERA - INSTA X4-103140 | DELL XPS LAPTOP CHARGER - DELL XPS CHRG-103141 | XLR CABLE 25FT - XLR25-103142 | EPSON PROJECTOR HDMI CABLE - EPSON PROJ HDMI-103143 | INSTA360 X4 CASE - INSTA X4 CASE-103144 | 
7829332,,@fixture.edu,0,10/19/2024 1:32 PM,10/21/2024 9:30 PM,10/21/2024 8:21 AM,154140,2,Returned: WACOM CINTIQ PEN - WACOM CINTIQ PEN-103145 | LAPTOP SLEEVE CASE - LAPTOP SLEEVE-103146 | 
4194548,,@inside.fixture.edu,1,10/19/2024 1:33 PM,03/22/2025 3:30 PM,06/12/2025 3:45 PM,20398320,1,Returned: INSTA360 X4 CASE - INSTA X4 CASE-103147 | 
2582524,STDA,@inside.fixture.edu,0,10/19/2024 1:56 PM,10/22/2024 9:30 PM,10/22/2024 3:04 PM,263280,4,Returned: RODE WIRELESS MIC - RODE WIRELESS-103148 | RODE WIRELESS MIC - RODE WIRELESS-103149 | SANDISK 128GB SD CARD - SANDISK 128SD-103150 | CARD READER - CARDRDR-103151 | 
2626229,GNRL,@inside.fixture.edu,1,10/19/2024 4:05 PM,10/22/2024 9:30 PM,10/22/2024 8:12 PM,274020,1,Returned: NIKON Z6 III BATTERY - NIKON Z6III BATT-103152 | 
8231838,,@inside.fixture.edu,0,10/21/2024 8:54 AM,10/24/2024 9:30 PM,10/21/2024 4:43 PM,28140,2,Returned: LOGITECH WIRELESS MOUSE - LOGI MOUSE-103153 | GODOX POWER SUPPLY - GODOX PSU-103154 | 
6944126,,@fixture.edu,0,10/21/2024 10:15 AM,10/28/2024 9:30 PM,10/21/2024 11:08 AM,3180,1,Returned: MANFROTTO TRIPOD CASE - MANFRO CASE-103155 | 
8106470,,@inside.fixture.edu,0,10/21/2024 2:39 PM,10/24/2024 9:30 PM,10/30/2024 1:05 PM,771960,4,Returned: USB-C TO HDMI ADAPTER - USBC HDMI-103156 | USB-C TO HDMI ADAPTER - USBC HDMI-103157 | META QUEST CONTROLLER - MQUEST CTRL-103158 | OLYMPUS 12-40mm LENS - OLY 1240 LENS-103159 | 
7897151,MDIA,@inside.fixture.edu,0,10/21/2024 3:10 PM,10/24/2024 9:30 PM,10/21/2024 3:27 PM,1020,4,Returned: NIKON Z6 III BATTERY CHARGER - NIKON Z6III CHRG-103160 | ZOOM H5 RECORDER CASE - ZOOM H5 CASE-103161 | OLYMPUS OM-D E-M1 BODY - OLY EM1-103162 | XLR CABLE 15FT - XLR15-103163 | 
8835373,,@inside.fixture.edu,0,10/21/2024 5:53 PM,10/21/2024 9:30 PM,10/21/2024 7:26 PM,5580,3,Returned: WACOM CINTIQ PEN - WACOM CINTIQ PEN-103164 | SANDISK 128GB SD CARD - SANDISK 128SD-103165 | LOGITECH WEBCAM - LOGI WEBCAM-103166 | 
1908841,MDIA,@inside.fixture.edu,0,10/21/2024 6:24 PM,10/24/2024 9:30 PM,10/23/2024 5:27 PM,169380,2,Returned: FUJIFILM X-T5 BATTERY - FUJI XT5 BATT-103167 | XLR CABLE 25FT - XLR25-103168 | 
2651177,,@inside.fixture.edu,0,10/22/2024 4:37 PM,10/23/2024 9:30 PM,10/23/2024 5:27 PM,89400,3,Returned: META QUEST CONTROLLER - MQUEST CTRL-103169 | BENQ DATA PROJECTOR - BENQ PROJ-103170 | EPSON PROJECTOR HDMI CABLE - EPSON PROJ HDMI-103171 | 
2016911,GMOT,@inside.fixture.edu,0,10/22/2024 9:07 AM,10/24/2024 9:30 PM,10/22/2024 12:47 PM,13200,8,Returned: POWER STRIP - PWRSTRIP-103172 | PANASONIC S5 II BODY - PANA S5II-103173 | LOGITECH WIRELESS MOUSE - LOGI MOUSE-103174 | GODOX POWER SUPPLY - GODOX PSU-103175 | WACOM CINTIQ TABLET - WACOM CINTIQ-103176 | META QUEST HEADSET - MQUEST HS-103177 | WACOM CINTIQ PEN - WACOM CINTIQ PEN-103178 | RODE WIRELESS MIC - RODE WIRELESS-103179 | 
7754864,,@inside.fixture.edu,0,10/22/2024 11:16 AM,10/22/2024 9:30 PM,10/22/2024 12:15 PM,3540,6,Returned: BENQ DATA PROJECTOR - BENQ PROJ-103180 | WACOM CINTIQ TABLET - WACOM CINTIQ-103181 | FUJIFILM X-T5 BODY - FUJI XT5-103182 | NIKON Z6 III CAMERA CASE - NIKON Z6III CASE-103183 | EXTENSION CORD 10FT - EXTCORD10-103184 | ZOOM H5 RECORDER CASE - ZOOM H5 CASE-103185 | 
6692553,,@fixture.edu,0,10/22/2024 2:54 PM,10/22/2024 9:30 PM,10/22/2024 3:30 PM,2160,1,Returned: LOGITECH WEBCAM - LOGI WEBCAM-103186 | 
2833230,GNRL,@inside.fixture.edu,2,10/22/2024 4:47 PM,10/29/2024 9:30 PM,10/29/2024 1:36 PM,593340,3,Returned: AUDIO-TECHNICA HEADPHONES - AT HEADPHONES-103187 | CARD READER - CARDRDR-103188 | CARD READER - CARDRDR-103189 | 
5171761,MDIA,@inside.fixture.edu,1,10/23/2024 12:30 PM,10/29/2024 9:30 PM,10/29/2024 6:28 PM,539880,1,Returned: SANDISK 128GB SD CARD - SANDISK 128SD-103190 | 
4214348,,@fixture.edu,0,10/23/2024 2:13 PM,10/25/2024 9:30 PM,10/24/2024 2:32 PM,87540,12,Returned: GODOX LED LIGHT PANEL - GODOX LED-103191 | WACOM ONE TABLET - WACOM ONE-103192 | NIKON Z6 III MIRRORLESS BODY - NIKON Z6III-103193 | EXTENSION CORD 10FT - EXTCORD10-103194 | XLR CABLE 25FT - XLR25-103195 | RODE WIRELESS MIC - RODE WIRELESS-103196 | NIKON Z6 III BATTERY CHARGER - NIKON Z6III CHRG-103197 | USB-C MULTIPORT HUB - USBC HUB-103198 | OLYMPUS 12-40mm LENS - OLY 1240 LENS-103199 | MACBOOK AIR CHARGING CABLE - MBA CABLE-103200 | SANDISK 128GB SD CARD - SANDISK 128SD-103201 | NIKON Z6 III BATTERY CHARGER - NIKON Z6III CHRG-103202 | 
4191175,,@inside.fixture.edu,0,10/24/2024 8:53 AM,10/24/2024 9:30 PM,10/24/2024 5:50 PM,32220,2,Returned: BENQ DATA PROJECTOR - BENQ PROJ-103203 | XLR CABLE 25FT - XLR25-103204 | 
9997381,DRAW,@inside.fixture.edu,0,10/24/2024 8:58 AM,10/25/2024 9:30 PM,10/25/2024 7:52 PM,125640,1,Returned: DELL XPS LAPTOP CHARGER - DELL XPS CHRG-103205 | 
8526486,,@inside.fixture.edu,1,10/24/2024 11:05 AM,01/21/2025 6:30 PM,05/12/2025 2:23 PM,17291880,7,Returned: WACOM CINTIQ PEN - WACOM CINTIQ PEN-103206 | MACBOOK AIR CHARGING CABLE - MBA CABLE-103207 | SANDISK 128GB SD CARD - SANDISK 128SD-103208 | MANFROTTO TRIPOD CASE - MANFRO CASE-103209 | XLR CABLE 25FT - XLR25-103210 | OLYMPUS OM-D E-M1 BODY - OLY EM1-103211 | FUJIFILM X-T5 BODY - FUJI XT5-103212 | 
3351868,,@inside.fixture.edu,0,10/24/2024 1:16 PM,10/26/2024 9:30 PM,10/26/2024 2:51 PM,178500,3,Returned: WACOM CINTIQ TABLET - WACOM CINTIQ-103213 | NIKON Z6 III BATTERY CHARGER - NIKON Z6III CHRG-103214 | XLR CABLE 25FT - XLR25-103215 | 
8077999,MOTP,@inside.fixture.edu,0,10/24/2024 3:33 PM,10/24/2024 9:30 PM,10/24/2024 6:46 PM,11580,2,Returned: FUJIFILM X-T5 BODY - FUJI XT5-103216 | MACBOOK AIR CHARGING CABLE - MBA CABLE-103217 | 
4078418,SPAC,@inside.fixture.edu,0,10/24/2024 3:38 PM,10/24/2024 9:30 PM,10/24/2024 6:43 PM,11100,2,Returned: EXTENSION CORD 10FT - EXTCORD10-103218 | OLYMPUS OM-D E-M1 BODY - OLY EM1-103219 | 
5673212,,@inside.fixture.edu,0,10/25/2024 10:06 AM,10/29/2024 9:30 PM,10/29/2024 4:31 PM,368700,10,Returned: OLYMPUS OM-D E-M1 BODY - OLY EM1-103220 | USB-C TO HDMI ADAPTER - USBC HDMI-103221 | MACBOOK AIR M3 CHARGER - MBA M3 CHRG-103222 | GODOX LED LIGHT PANEL - GODOX LED-103223 | PANASONIC S5 II BATTERY CHARGER - PANA S5II CHRG-103224 | WACOM ONE TABLET - WACOM ONE-103225 | BENQ DATA PROJECTOR - BENQ PROJ-103226 | LEXAR 128GB CF CARD - LEXAR CF128-103227 | NIKON Z6 III CAMERA CASE - NIKON Z6III CASE-103228 | EXTENSION CORD 10FT - EXTCORD10-103229 | 
8761611,VIZD,@inside.fixture.edu,1,10/25/2024 12:44 PM,10/30/2024 9:30 PM,10/30/2024 7:21 PM,455820,8,Returned: RODE MIC BATTERY - RODE MIC BATT-103230 | META QUEST CONTROLLER - MQUEST CTRL-103231 | FUJIFILM X-T5 BODY - FUJI XT5-103232 | GODOX LIGHT STAND - GODOX STAND-103233 | DELL XPS LAPTOP - DELL XPS-103234 | ZOOM H5 RECORDER CASE - ZOOM H5 CASE-103235 | RODE MIC BATTERY - RODE MIC BATT-103236 | WACOM CINTIQ PEN - WACOM CINTIQ PEN-103237 | 
5191056,MDIA,@inside.fixture.edu,0,10/25/2024 2:09 PM,10/25/2024 9:30 PM,10/25/2024 6:00 PM,13860,1,Returned: NIKON Z6 III BATTERY - NIKON Z6III BATT-103238 | 
2264748,,@fixture.edu,0,10/25/2024 2:59 PM,10/28/2024 9:30 PM,10/28/2024 2:49 PM,258600,3,Returned: RODE WIRELESS MIC - RODE WIRELESS-103239 | INSTA360 X4 CASE - INSTA X4 CASE-103240 | WACOM ONE TABLET - WACOM ONE-103241 | 
8434500,INDD,@inside.fixture.edu,6,10/25/2024 7:49 PM,11/21/2024 9:30 PM,11/21/2024 8:43 PM,2336040,5,Returned: INSTA360 X4 CASE - INSTA X4 CASE-103242 | DELL XPS LAPTOP CHARGER - DELL XPS CHRG-103243 | OLYMPUS 12-40mm LENS - OLY 1240 LENS-103244 | NIKON Z6 III BATTERY CHARGER - NIKON Z6III CHRG-103245 | LOGITECH WEBCAM - LOGI WEBCAM-103246 | 
2642635,MOTP,@inside.fixture.edu,0,10/26/2024 1:03 PM,10/30/2024 9:30 PM,10/28/2024 1:29 PM,174360,5,Returned: PANASONIC S5 II BATTERY CHARGER - PANA S5II CHRG-103247 | XLR CABLE 15FT - XLR15-103248 | HDMI CABLE 10FT - HDMI10-103249 | USB KEYBOARD - USB KYBD-103250 | FUJIFILM 18-55mm LENS - FUJI 1855 LENS-103251 | 
1848731,DRAW,@inside.fixture.edu,0,10/26/2024 3:51 PM,10/30/2024 7:00 PM,11/22/2024 4:44 PM,2335980,18,Returned: NIKON Z6 III BATTERY CHARGER - NIKON Z6III CHRG-103252 | INSTA360 X4 CAMERA - INSTA X4-103253 | META QUEST CONTROLLER - MQUEST CTRL-103254 | CARD READER - CARDRDR-103255 | LOGITECH WIRELESS MOUSE - LOGI MOUSE-103256 | NIKON Z6 III MIRRORLESS BODY - NIKON Z6III-103257 | EPSON PROJECTOR - EPSON PROJ-103258 | FUJIFILM 18-55mm LENS - FUJI 1855 LENS-103259 | DELL XPS LAPTOP CHARGER - DELL XPS CHRG-103260 | NIKON Z6 III BATTERY - NIKON Z6III BATT-103261 | SANDISK 64GB SD CARD - SANDISK 64SD-103262 | USB-C MULTIPORT HUB - USBC HUB-103263 | SANDISK 64GB SD CARD - SANDISK 64SD-103264 | LAPTOP SLEEVE CASE - LAPTOP SLEEVE-103265 | MANFROTTO TRIPOD - MANFRO TRIPOD-103266 | MACBOOK AIR M3 CHARGER - MBA M3 CHRG-103267 | BENQ DATA PROJECTOR - BENQ PROJ-103268 | OLYMPUS OM-D E-M1 BODY - OLY EM1-103269 | 
1247595,,@inside.fixture.edu,0,11/07/2024 5:04 PM,11/08/2024 9:30 PM,11/12/2024 8:20 AM,400560,12,Returned: EPSON PROJECTOR - EPSON PROJ-103270 | NIKON Z6 III BATTERY - NIKON Z6III BATT-103271 | WACOM CINTIQ PEN - WACOM CINTIQ PEN-103272 | GODOX LIGHT STAND - GODOX STAND-103273 | NIKON Z6 III BATTERY CHARGER - NIKON Z6III CHRG-103274 | PANASONIC S5 II BODY - PANA S5II-103275 | MANFROTTO TRIPOD CASE - MANFRO CASE-103276 | POWER STRIP - PWRSTRIP-103277 | WACOM ONE TABLET - WACOM ONE-103278 | NIKON Z6 III BATTERY CHARGER - NIKON Z6III CHRG-103279 | GODOX LIGHT STAND - GODOX STAND-103280 | NIKON Z6 III MIRRORLESS BODY - NIKON Z6III-103281 | 
2564689,DRAW,@inside.fixture.edu,0,10/28/2024 11:59 AM,10/28/2024 9:30 PM,10/30/2024 7:53 AM,158040,1,Returned: XLR CABLE 25FT - XLR25-103282 | 
4965789,DRAW,@inside.fixture.edu,0,10/28/2024 11:59 AM,10/28/2024 9:30 PM,10/29/2024 8:33 AM,74040,1,Returned: MANFROTTO TRIPOD - MANFRO TRIPOD-103283 | 
3790237,,@inside.fixture.edu,0,10/28/2024 1:25 PM,10/31/2024 9:30 PM,10/28/2024 7:25 PM,21600,2,Returned: USB KEYBOARD - USB KYBD-103284 | GODOX LIGHT STAND - GODOX STAND-103285 | 
7818496,,@inside.fixture.edu,1,10/28/2024 1:59 PM,12/02/2024 9:30 PM,12/11/2024 2:30 PM,3803460,12,Returned: CARD READER - CARDRDR-103286 | NIKON Z6 III BATTERY - NIKON Z6III BATT-103287 | CARD READER - CARDRDR-103288 | GODOX LED LIGHT PANEL - GODOX LED-103289 | SANDISK 128GB SD CARD - SANDISK 128SD-103290 | XLR CABLE 15FT - XLR15-103291 | INSTA360 X4 BATTERY - INSTA X4 BATT-103292 | FUJIFILM X-T5 BATTERY - FUJI XT5 BATT-103293 | RODE MIC BATTERY - RODE MIC BATT-103294 | CARD READER - CARDRDR-103295 | USB-C MULTIPORT HUB - USBC HUB-103296 | PANASONIC S5 II BATTERY CHARGER - PANA S5II CHRG-103297 | 
9147706,,@inside.fixture.edu,0,10/29/2024 8:19 AM,10/31/2024 9:30 PM,10/31/2024 12:51 PM,189120,11,Returned: MACBOOK AIR CHARGING CABLE - MBA CABLE-103298 | MACBOOK AIR M3 LAPTOP - MBA M3-103299 | META QUEST CONTROLLER - MQUEST CTRL-103300 | NIKON Z6 III BATTERY - NIKON Z6III BATT-103301 | LEXAR 128GB CF CARD - LEXAR CF128-103302 | USB-C MULTIPORT HUB - USBC HUB-103303 | ZOOM H5 RECORDER - ZOOM H5-103304 | XLR CABLE 25FT - XLR25-103305 | OLYMPUS 12-40mm LENS - OLY 1240 LENS-103306 | ZOOM H5 RECORDER CASE - ZOOM H5 CASE-103307 | ZOOM H5 RECORDER CASE - ZOOM H5 CASE-103308 | 
9075854,,@fixture.edu,1,10/29/2024 12:12 PM,05/26/2025 9:30 PM,05/27/2025 1:35 PM,18148980,2,Returned: HUION DRAWING TABLET - HUION TABLET-103309 | SANDISK 128GB SD CARD - SANDISK 128SD-103310 | 
4586084,,@fixture.edu,0,10/29/2024 2:41 PM,10/29/2024 9:30 PM,10/29/2024 6:28 PM,13620,1,Returned: INSTA360 X4 BATTERY - INSTA X4 BATT-103311 | 
7728339,,@inside.fixture.edu,1,10/29/2024 5:45 PM,10/30/2024 9:30 PM,10/30/2024 4:12 PM,80820,6,Returned: MACBOOK AIR CHARGING CABLE - MBA CABLE-103312 | LOGITECH WEBCAM - LOGI WEBCAM-103313 | HUION DRAWING TABLET - HUION TABLET-103314 | EQUIPMENT CRATE 12x12 - CRATE12-103315 | EQUIPMENT CRATE 12x12 - CRATE12-103316 | LOGITECH WEBCAM - LOGI WEBCAM-103317 | 
1983738,,@inside.fixture.edu,0,10/29/2024 6:51 PM,10/29/2024 9:30 PM,10/30/2024 7:53 AM,46920,1,Returned: NIKON Z6 III BATTERY - NIKON Z6III BATT-103318 | 
3762152,,@fixture.edu,0,10/30/2024 8:27 AM,10/30/2024 9:30 PM,10/30/2024 3:03 PM,23760,2,Returned: USB-C TO HDMI ADAPTER - USBC HDMI-103319 | MANFROTTO TRIPOD CASE - MANFRO CASE-103320 | 
7358113,,@fixture.edu,0,10/30/2024 8:50 AM,10/30/2024 9:30 PM,10/30/2024 1:07 PM,15420,2,Returned: OLYMPUS 12-40mm LENS - OLY 1240 LENS-103321 | META QUEST HEADSET - MQUEST HS-103322 | 
1036161,ANIM,@inside.fixture.edu,0,11/08/2024 12:30 PM,11/16/2024 3:30 PM,11/20/2024 8:01 AM,1020660,47,Returned: GODOX LIGHT STAND - GODOX STAND-103323 | FUJIFILM X-T5 BODY - FUJI XT5-103324 | XLR CABLE 25FT - XLR25-103325 | INSTA360 X4 CAMERA - INSTA X4-103326 | WACOM ONE TABLET - WACOM ONE-103327 | HUION DRAWING TABLET - HUION TABLET-103328 | SANDISK 128GB SD CARD - SANDISK 128SD-103329 | LEXAR 128GB CF CARD - LEXAR CF128-103330 | OLYMPUS 12-40mm LENS - OLY 1240 LENS-103331 | INSTA360 X4 BATTERY - INSTA X4 BATT-103332 | META QUEST CONTROLLER - MQUEST CTRL-103333 | ZOOM H5 RECORDER - ZOOM H5-103334 | USB-C MULTIPORT HUB - USBC HUB-103335 | SANDISK 64GB SD CARD - SANDISK 64SD-103336 | OLYMPUS OM-D E-M1 BODY - OLY EM1-103337 | USB-C MULTIPORT HUB - USBC HUB-103338 | LOGITECH WEBCAM - LOGI WEBCAM-103339 | CARD READER - CARDRDR-103340 | RODE WIRELESS MIC - RODE WIRELESS-103341 | EPSON PROJECTOR - EPSON PROJ-103342 | LAPTOP SLEEVE CASE - LAPTOP SLEEVE-103343 | OLYMPUS OM-D E-M1 BODY - OLY EM1-103344 | INSTA360 X4 CASE - INSTA X4 CASE-103345 | INSTA360 X4 BATTERY - INSTA X4 BATT-103346 | OLYMPUS OM-D E-M1 BODY - OLY EM1-103347 | META QUEST CHARGING CABLE - MQUEST CABLE-103348 | META QUEST CONTROLLER - MQUEST CTRL-103349 | RODE MIC BATTERY - RODE MIC BATT-103350 | USB-C TO HDMI ADAPTER - USBC HDMI-103351 | INSTA360 X4 CAMERA - INSTA X4-103352 | FUJIFILM 18-55mm LENS - FUJI 1855 LENS-103353 | RODE MIC BATTERY - RODE MIC BATT-103354 | EQUIPMENT CRATE 12x12 - CRATE12-103355 | EPSON PROJECTOR HDMI CABLE - EPSON PROJ HDMI-103356 | EXTENSION CORD 10FT - EXTCORD10-103357 | EQUIPMENT CRATE 12x12 - CRATE12-103358 | AUDIO-TECHNICA HEADPHONES - AT HEADPHONES-103359 | AUDIO-TECHNICA HEADPHONES - AT HEADPHONES-103360 | DELL XPS LAPTOP CHARGER - DELL XPS CHRG-103361 | META QUEST CHARGING CABLE - MQUEST CABLE-103362 | META QUEST HEADSET - MQUEST HS-103363 | META QUEST CHARGING CABLE - MQUEST CABLE-103364 | MANFROTTO TRIPOD CASE - MANFRO CASE-103365 | EXTENSION CORD 10FT - EXTCORD10-103366 | FUJIFILM X-T5 BATTERY - FUJI XT5 BATT-103367 | PANASONIC S5 II BATTERY CHARGER - PANA S5II CHRG-103368 | HDMI CABLE 10FT - HDMI10-103369 | 
7550190,DRAW,@inside.fixture.edu,0,10/30/2024 5:30 PM,11/01/2024 9:30 PM,11/07/2024 9:26 PM,705360,3,Returned: WACOM ONE TABLET - WACOM ONE-103370 | MANFROTTO TRIPOD - MANFRO TRIPOD-103371 | WACOM CINTIQ TABLET - WACOM CINTIQ-103372 | 
5449368,ANIM,@inside.fixture.edu,1,10/30/2024 5:55 PM,10/31/2024 9:30 PM,10/31/2024 7:28 PM,91980,25,Returned: SANDISK 128GB SD CARD - SANDISK 128SD-103373 | SANDISK 128GB SD CARD - SANDISK 128SD-103374 | GODOX POWER SUPPLY - GODOX PSU-103375 | ZOOM H5 RECORDER CASE - ZOOM H5 CASE-103376 | GODOX POWER SUPPLY - GODOX PSU-103377 | MACBOOK AIR M3 CHARGER - MBA M3 CHRG-103378 | MACBOOK AIR CHARGING CABLE - MBA CABLE-103379 | WACOM ONE TABLET - WACOM ONE-103380 | EPSON PROJECTOR HDMI CABLE - EPSON PROJ HDMI-103381 | XLR CABLE 15FT - XLR15-103382 | USB KEYBOARD - USB KYBD-103383 | MACBOOK AIR CHARGING CABLE - MBA CABLE-103384 | OLYMPUS OM-D E-M1 BODY - OLY EM1-103385 | PANASONIC S5 II BATTERY CHARGER - PANA S5II CHRG-103386 | NIKON Z6 III BATTERY - NIKON Z6III BATT-103387 | EXTENSION CORD 10FT - EXTCORD10-103388 | NIKON Z6 III MIRRORLESS BODY - NIKON Z6III-103389 | MANFROTTO TRIPOD - MANFRO TRIPOD-103390 | AUDIO-TECHNICA HEADPHONES - AT HEADPHONES-103391 | BENQ DATA PROJECTOR - BENQ PROJ-103392 | INSTA360 X4 CASE - INSTA X4 CASE-103393 | HDMI CABLE 10FT - HDMI10-103394 | NIKON Z6 III CAMERA CASE - NIKON Z6III CASE-103395 | META QUEST CONTROLLER - MQUEST CTRL-103396 | INSTA360 X4 CASE - INSTA X4 CASE-103397 | 
8633773,DRAW,@inside.fixture.edu,0,10/31/2024 8:55 AM,11/01/2024 9:30 PM,11/01/2024 9:03 PM,130080,1,Returned: CARD READER - CARDRDR-103398 | 
5785687,,@inside.fixture.edu,1,10/31/2024 12:32 PM,01/21/2025 6:30 PM,02/14/2025 2:04 PM,9163920,6,Returned: MACBOOK AIR M3 CHARGER - MBA M3 CHRG-103399 | RODE MIC BATTERY - RODE MIC BATT-103400 | MACBOOK AIR M3 LAPTOP - MBA M3-103401 | LEXAR 128GB CF CARD - LEXAR CF128-103402 | AUDIO-TECHNICA HEADPHONES - AT HEADPHONES-103403 | NIKON Z6 III BATTERY CHARGER - NIKON Z6III CHRG-103404 | 
8096887,ANIM,@inside.fixture.edu,0,10/31/2024 12:53 PM,11/07/2024 9:30 PM,11/07/2024 4:48 PM,618900,7,Returned: BENQ DATA PROJECTOR - BENQ PROJ-103405 | XLR CABLE 15FT - XLR15-103406 | RODE MIC BATTERY - RODE MIC BATT-103407 | WACOM ONE TABLET - WACOM ONE-103408 | BENQ DATA PROJECTOR - BENQ PROJ-103409 | WACOM CINTIQ PEN - WACOM CINTIQ PEN-103410 | LAPTOP SLEEVE CASE - LAPTOP SLEEVE-103411 | 
9164991,ANIM,@inside.fixture.edu,2,10/31/2024 1:02 PM,11/12/2024 3:30 PM,11/12/2024 12:32 PM,1035000,7,Returned: EQUIPMENT CRATE 12x12 - CRATE12-103412 | POWER STRIP - PWRSTRIP-103413 | LAPTOP SLEEVE CASE - LAPTOP SLEEVE-103414 | DELL XPS LAPTOP CHARGER - DELL XPS CHRG-103415 | LOGITECH WIRELESS MOUSE - LOGI MOUSE-103416 | NIKON Z6 III BATTERY CHARGER - NIKON Z6III CHRG-103417 | INSTA360 X4 CASE - INSTA X4 CASE-103418 | 
3597059,VIZD,@inside.fixture.edu,0,10/31/2024 1:36 PM,11/04/2024 9:30 PM,11/04/2024 10:22 AM,333960,9,Returned: LAPTOP SLEEVE CASE - LAPTOP SLEEVE-103419 | XLR CABLE 25FT - XLR25-103420 | BENQ DATA PROJECTOR - BENQ PROJ-103421 | USB-C TO HDMI ADAPTER - USBC HDMI-103422 | LAPTOP SLEEVE CASE - LAPTOP SLEEVE-103423 | HUION DRAWING TABLET - HUION TABLET-103424 | NIKON Z6 III BATTERY CHARGER - NIKON Z6III CHRG-103425 | RODE WIRELESS MIC - RODE WIRELESS-103426 | XLR CABLE 25FT - XLR25-103427 | 
4185957,SPAC,@inside.fixture.edu,0,10/31/2024 2:14 PM,11/04/2024 9:30 PM,11/04/2024 8:16 PM,367320,7,Returned: RODE WIRELESS MIC - RODE WIRELESS-103428 | LOGITECH WIRELESS MOUSE - LOGI MOUSE-103429 | MACBOOK AIR M3 LAPTOP - MBA M3-103430 | DELL XPS LAPTOP - DELL XPS-103431 | WACOM ONE TABLET - WACOM ONE-103432 | NIKON Z6 III CAMERA CASE - NIKON Z6III CASE-103433 | LAPTOP SLEEVE CASE - LAPTOP SLEEVE-103434 | 
5977931,ANIM,@inside.fixture.edu,0,10/31/2024 2:36 PM,10/31/2024 9:30 PM,10/31/2024 7:11 PM,16500,3,Returned: OLYMPUS OM-D E-M1 BODY - OLY EM1-103435 | LOGITECH WIRELESS MOUSE - LOGI MOUSE-103436 | DELL XPS LAPTOP CHARGER - DELL XPS CHRG-103437 | 
4652414,DRAW,@inside.fixture.edu,0,10/31/2024 4:12 PM,10/31/2024 9:30 PM,10/31/2024 7:11 PM,10740,1,Returned: EPSON PROJECTOR HDMI CABLE - EPSON PROJ HDMI-103438 | 
1981186,GNRL,@inside.fixture.edu,0,11/01/2024 1:34 PM,11/01/2024 9:30 PM,11/06/2024 7:45 AM,411060,2,Returned: FUJIFILM 18-55mm LENS - FUJI 1855 LENS-103439 | EXTENSION CORD 10FT - EXTCORD10-103440 | 
2022698,,@inside.fixture.edu,3,11/01/2024 1:41 PM,01/21/2025 6:30 PM,02/14/2025 2:03 PM,9073320,1,Returned: META QUEST CHARGING CABLE - MQUEST CABLE-103441 | 
6261415,,@fixture.edu,0,11/01/2024 2:47 PM,11/06/2024 9:30 PM,11/06/2024 8:09 AM,408120,4,Returned: EPSON PROJECTOR - EPSON PROJ-103442 | OLYMPUS OM-D E-M1 BODY - OLY EM1-103443 | AUDIO-TECHNICA HEADPHONES - AT HEADPHONES-103444 | DELL XPS LAPTOP CHARGER - DELL XPS CHRG-103445 | 
1959074,STDA,@inside.fixture.edu,0,11/01/2024 7:43 PM,11/07/2024 9:30 PM,11/07/2024 2:36 PM,499980,4,Returned: PANASONIC S5 II BODY - PANA S5II-103446 | WACOM CINTIQ PEN - WACOM CINTIQ PEN-103447 | EPSON PROJECTOR HDMI CABLE - EPSON PROJ HDMI-103448 | SANDISK 64GB SD CARD - SANDISK 64SD-103449 | 
1841248,,@inside.fixture.edu,0,11/02/2024 1:47 PM,11/06/2024 9:30 PM,11/06/2024 4:52 PM,356700,5,Returned: MACBOOK AIR M3 LAPTOP - MBA M3-103450 | LEXAR 128GB CF CARD - LEXAR CF128-103451 | EPSON PROJECTOR - EPSON PROJ-103452 | META QUEST HEADSET - MQUEST HS-103453 | POWER STRIP - PWRSTRIP-103454 | 
8999183,INDD,@inside.fixture.edu,2,11/02/2024 2:09 PM,11/09/2024 11:57 AM,11/07/2024 9:12 PM,457380,3,Returned: EPSON PROJECTOR HDMI CABLE - EPSON PROJ HDMI-103455 | FUJIFILM 18-55mm LENS - FUJI 1855 LENS-103456 | FUJIFILM 18-55mm LENS - FUJI 1855 LENS-103457 | 
9436429,STDA,@inside.fixture.edu,0,11/02/2024 3:43 PM,11/14/2024 8:00 PM,11/07/2024 2:34 PM,427860,2,Returned: DELL XPS LAPTOP CHARGER - DELL XPS CHRG-103458 | ZOOM H5 RECORDER CASE - ZOOM H5 CASE-103459 | 
9910817,INDD,@inside.fixture.edu,0,11/04/2024 10:51 AM,11/04/2024 9:30 PM,11/04/2024 11:40 AM,2940,1,Returned: LAPTOP SLEEVE CASE - LAPTOP SLEEVE-103460 | 
3641282,STDA,@inside.fixture.edu,0,11/04/2024 11:49 AM,11/07/2024 9:30 PM,11/07/2024 2:34 PM,269100,2,Returned: XLR CABLE 25FT - XLR25-103461 | POWER STRIP - PWRSTRIP-103462 | 
1954280,CRFT,@inside.fixture.edu,4,11/04/2024 2:25 PM,12/03/2024 9:30 PM,12/03/2024 10:42 AM,2492220,3,Returned: LAPTOP SLEEVE CASE - LAPTOP SLEEVE-103463 | INSTA360 X4 CAMERA - INSTA X4-103464 | XLR CABLE 15FT - XLR15-103465 | 
9519948,DRAW,@inside.fixture.edu,0,11/04/2024 2:43 PM,11/08/2024 9:30 PM,11/07/2024 2:04 PM,256860,2,Returned: XLR CABLE 15FT - XLR15-103466 | EXTENSION CORD 10FT - EXTCORD10-103467 | 
2344047,,@inside.fixture.edu,3,11/05/2024 11:30 AM,11/14/2024 9:30 PM,11/14/2024 6:14 PM,801840,11,Returned: META QUEST CONTROLLER - MQUEST CTRL-103468 | WACOM CINTIQ TABLET - WACOM CINTIQ-103469 | GODOX LIGHT STAND - GODOX STAND-103470 | OLYMPUS 12-40mm LENS - OLY 1240 LENS-103471 | CARD READER - CARDRDR-103472 | PANASONIC S5 II BODY - PANA S5II-103473 | EPSON PROJECTOR HDMI CABLE - EPSON PROJ HDMI-103474 | DELL XPS LAPTOP - DELL XPS-103475 | RODE MIC BATTERY - RODE MIC BATT-103476 | EXTENSION CORD 10FT - EXTCORD10-103477 | DELL XPS LAPTOP CHARGER - DELL XPS CHRG-103478 | 
4117625,,@inside.fixture.edu,0,11/05/2024 1:53 PM,11/06/2024 9:30 PM,12/17/2024 11:18 PM,3662700,4,Returned: HUION DRAWING TABLET - HUION TABLET-103479 | FUJIFILM 18-55mm LENS - FUJI 1855 LENS-103480 | OLYMPUS OM-D E-M1 BODY - OLY EM1-103481 | SANDISK 64GB SD CARD - SANDISK 64SD-103482 | 
2149597,,@fixture.edu,0,11/06/2024 10:33 AM,11/07/2024 9:30 PM,11/08/2024 9:34 AM,169260,4,Returned: HUION DRAWING TABLET - HUION TABLET-103483 | LEXAR 128GB CF CARD - LEXAR CF128-103484 | MACBOOK AIR M3 LAPTOP - MBA M3-103485 | CARD READER - CARDRDR-103486 | 
2140194,VIZD,@inside.fixture.edu,0,11/06/2024 5:29 PM,11/06/2024 9:30 PM,11/06/2024 10:47 PM,19080,10,Returned: USB-C MULTIPORT HUB - USBC HUB-103487 | NIKON Z6 III MIRRORLESS BODY - NIKON Z6III-103488 | EQUIPMENT CRATE 12x12 - CRATE12-103489 | LEXAR 128GB CF CARD - LEXAR CF128-103490 | WACOM CINTIQ PEN - WACOM CINTIQ PEN-103491 | MACBOOK AIR M3 CHARGER - MBA M3 CHRG-103492 | AUDIO-TECHNICA HEADPHONES - AT HEADPHONES-103493 | FUJIFILM X-T5 BODY - FUJI XT5-103494 | WACOM ONE TABLET - WACOM ONE-103495 | LEXAR 128GB CF CARD - LEXAR CF128-103496 | 
4946066,ANIM,@inside.fixture.edu,0,11/07/2024 1:40 PM,11/07/2024 9:30 PM,11/07/2024 6:35 PM,17700,3,Returned: USB-C TO HDMI ADAPTER - USBC HDMI-103497 | HUION DRAWING TABLET - HUION TABLET-103498 | USB-C TO HDMI ADAPTER - USBC HDMI-103499 | 
7774229,ANIM,@inside.fixture.edu,0,11/08/2024 8:29 AM,11/08/2024 9:30 PM,11/08/2024 1:41 PM,18720,7,Returned: LOGITECH WIRELESS MOUSE - LOGI MOUSE-103500 | NIKON Z6 III BATTERY CHARGER - NIKON Z6III CHRG-103501 | OLYMPUS 12-40mm LENS - OLY 1240 LENS-103502 | GODOX LED LIGHT PANEL - GODOX LED-103503 | NIKON Z6 III BATTERY CHARGER - NIKON Z6III CHRG-103504 | USB KEYBOARD - USB KYBD-103505 | GODOX LIGHT STAND - GODOX STAND-103506 | 
3011363,,@fixture.edu,0,11/08/2024 10:56 AM,11/08/2024 9:30 PM,11/08/2024 12:34 PM,5880,3,Returned: USB KEYBOARD - USB KYBD-103507 | RODE WIRELESS MIC - RODE WIRELESS-103508 | META QUEST CONTROLLER - MQUEST CTRL-103509 | 
5130808,,@fixture.edu,0,11/08/2024 2:17 PM,11/12/2024 9:30 PM,11/12/2024 11:11 AM,334440,2,Returned: NIKON Z6 III BATTERY CHARGER - NIKON Z6III CHRG-103510 | AUDIO-TECHNICA HEADPHONES - AT HEADPHONES-103511 | 
1666754,ANIM,@inside.fixture.edu,0,11/08/2024 3:02 PM,11/08/2024 9:30 PM,11/08/2024 8:53 PM,21060,5,Returned: PANASONIC S5 II BODY - PANA S5II-103512 | GODOX LIGHT STAND - GODOX STAND-103513 | WACOM ONE TABLET - WACOM ONE-103514 | EPSON PROJECTOR - EPSON PROJ-103515 | WACOM CINTIQ PEN - WACOM CINTIQ PEN-103516 | 
2375453,ANIM,@inside.fixture.edu,0,11/08/2024 3:03 PM,11/12/2024 9:30 PM,11/13/2024 9:47 AM,413040,1,Returned: POWER STRIP - PWRSTRIP-103517 | 
8033426,VIZD,@inside.fixture.edu,2,11/08/2024 5:23 PM,12/09/2024 9:30 PM,12/09/2024 6:14 PM,2681460,7,Returned: PANASONIC S5 II BODY - PANA S5II-103518 | MACBOOK AIR M3 LAPTOP - MBA M3-103519 | WACOM CINTIQ TABLET - WACOM CINTIQ-103520 | META QUEST CHARGING CABLE - MQUEST CABLE-103521 | FUJIFILM X-T5 BATTERY - FUJI XT5 BATT-103522 | RODE WIRELESS MIC - RODE WIRELESS-103523 | XLR CABLE 15FT - XLR15-103524 | 
9770838,,@fixture.edu,1,11/13/2024 7:54 AM,11/15/2024 9:30 PM,11/15/2024 9:02 AM,176880,4,Returned: XLR CABLE 15FT - XLR15-103525 | NIKON Z6 III CAMERA CASE - NIKON Z6III CASE-103526 | DELL XPS LAPTOP - DELL XPS-103527 | USB-C TO HDMI ADAPTER - USBC HDMI-103528 | 
6307805,DRAW,@inside.fixture.edu,0,11/09/2024 1:35 PM,11/12/2024 9:30 PM,11/12/2024 1:53 PM,260280,5,Returned: RODE WIRELESS MIC - RODE WIRELESS-103529 | OLYMPUS OM-D E-M1 BODY - OLY EM1-103530 | EPSON PROJECTOR - EPSON PROJ-103531 | MANFROTTO TRIPOD CASE - MANFRO CASE-103532 | LAPTOP SLEEVE CASE - LAPTOP SLEEVE-103533 | 
5374922,,@inside.fixture.edu,0,11/09/2024 3:03 PM,11/12/2024 9:30 PM,11/14/2024 5:26 PM,440580,3,Returned: LAPTOP SLEEVE CASE - LAPTOP SLEEVE-103534 | EPSON PROJECTOR - EPSON PROJ-103535 | WACOM ONE TABLET - WACOM ONE-103536 | 
4426900,,@inside.fixture.edu,0,11/12/2024 8:24 AM,11/15/2024 8:30 PM,12/11/2024 5:04 PM,2536800,5,Returned: FUJIFILM 18-55mm LENS - FUJI 1855 LENS-103537 | BENQ DATA PROJECTOR - BENQ PROJ-103538 | HUION DRAWING TABLET - HUION TABLET-103539 | INSTA360 X4 CASE - INSTA X4 CASE-103540 | MACBOOK AIR M3 CHARGER - MBA M3 CHRG-103541 | 
6271130,GNRL,@inside.fixture.edu,0,11/12/2024 3:47 PM,11/18/2024 9:30 PM,11/18/2024 2:33 PM,513960,2,Returned: GODOX POWER SUPPLY - GODOX PSU-103542 | META QUEST CHARGING CABLE - MQUEST CABLE-103543 | 
5004485,GNRL,@inside.fixture.edu,0,11/12/2024 4:22 PM,11/14/2024 9:30 PM,11/13/2024 5:58 PM,92160,4,Returned: INSTA360 X4 CASE - INSTA X4 CASE-103544 | MANFROTTO TRIPOD CASE - MANFRO CASE-103545 | WACOM ONE TABLET - WACOM ONE-103546 | RODE MIC BATTERY - RODE MIC BATT-103547 | 
5456272,,@fixture.edu,0,11/13/2024 7:50 AM,11/14/2024 9:30 PM,11/13/2024 2:55 PM,25500,16,Returned: LAPTOP SLEEVE CASE - LAPTOP SLEEVE-103548 | INSTA360 X4 CASE - INSTA X4 CASE-103549 | ZOOM H5 RECORDER CASE - ZOOM H5 CASE-103550 | OLYMPUS OM-D E-M1 BODY - OLY EM1-103551 | USB-C TO HDMI ADAPTER - USBC HDMI-103552 | LAPTOP SLEEVE CASE - LAPTOP SLEEVE-103553 | HUION DRAWING TABLET - HUION TABLET-103554 | MACBOOK AIR CHARGING CABLE - MBA CABLE-103555 | PANASONIC S5 II BODY - PANA S5II-103556 | WACOM ONE TABLET - WACOM ONE-103557 | EPSON PROJECTOR - EPSON PROJ-103558 | INSTA360 X4 BATTERY - INSTA X4 BATT-103559 | NIKON Z6 III MIRRORLESS BODY - NIKON Z6III-103560 | NIKON Z6 III BATTERY - NIKON Z6III BATT-103561 | HUION DRAWING TABLET - HUION TABLET-103562 | FUJIFILM 18-55mm LENS - FUJI 1855 LENS-103563 | 
7640184,SPAC,@inside.fixture.edu,0,11/13/2024 10:55 AM,11/18/2024 9:30 PM,11/18/2024 12:36 PM,438060,1,Returned: USB KEYBOARD - USB KYBD-103564 | 
3195773,,@inside.fixture.edu,1,11/13/2024 11:03 AM,11/14/2024 11:00 AM,11/15/2024 4:26 PM,192180,2,Returned: POWER STRIP - PWRSTRIP-103565 | INSTA360 X4 CASE - INSTA X4 CASE-103566 | 
6033115,VIZD,@inside.fixture.edu,0,11/13/2024 12:19 PM,11/16/2024 9:30 PM,11/14/2024 6:14 PM,107700,8,Returned: AUDIO-TECHNICA HEADPHONES - AT HEADPHONES-103567 | ZOOM H5 RECORDER - ZOOM H5-103568 | USB-C TO HDMI ADAPTER - USBC HDMI-103569 | GODOX LED LIGHT PANEL - GODOX LED-103570 | NIKON Z6 III MIRRORLESS BODY - NIKON Z6III-103571 | SANDISK 64GB SD CARD - SANDISK 64SD-103572 | MANFROTTO TRIPOD CASE - MANFRO CASE-103573 | POWER STRIP - PWRSTRIP-103574 | 
8670955,,@fixture.edu,1,11/13/2024 12:57 PM,11/18/2024 9:30 PM,12/02/2024 10:58 AM,1634460,5,Returned: RODE WIRELESS MIC - RODE WIRELESS-103575 | MACBOOK AIR CHARGING CABLE - MBA CABLE-103576 | RODE MIC BATTERY - RODE MIC BATT-103577 | NIKON Z6 III MIRRORLESS BODY - NIKON Z6III-103578 | GODOX POWER SUPPLY - GODOX PSU-103579 | 
6304573,VIZD,@inside.fixture.edu,0,11/13/2024 1:29 PM,11/15/2024 9:30 PM,11/14/2024 6:14 PM,103500,1,Returned: ZOOM H5 RECORDER - ZOOM H5-103580 | 
2217071,,@fixture.edu,0,11/13/2024 1:31 PM,11/14/2024 9:30 PM,11/13/2024 2:54 PM,4980,6,Returned: EPSON PROJECTOR HDMI CABLE - EPSON PROJ HDMI-103581 | WACOM ONE TABLET - WACOM ONE-103582 | NIKON Z6 III BATTERY - NIKON Z6III BATT-103583 | PANASONIC S5 II BODY - PANA S5II-103584 | ZOOM H5 RECORDER - ZOOM H5-103585 | ZOOM H5 RECORDER - ZOOM H5-103586 | 
1156287,,@inside.fixture.edu,1,11/13/2024 2:16 PM,11/23/2024 9:30 PM,11/26/2024 8:49 PM,1146780,8,Returned: GODOX LIGHT STAND - GODOX STAND-103587 | META QUEST CONTROLLER - MQUEST CTRL-103588 | POWER STRIP - PWRSTRIP-103589 | GODOX LED LIGHT PANEL - GODOX LED-103590 | MACBOOK AIR M3 CHARGER - MBA M3 CHRG-103591 | HUION DRAWING TABLET - HUION TABLET-103592 | META QUEST HEADSET - MQUEST HS-103593 | USB-C MULTIPORT HUB - USBC HUB-103594 | 
8688755,DRAW,@inside.fixture.edu,0,11/13/2024 2:25 PM,11/16/2024 9:30 PM,11/18/2024 12:50 PM,426300,1,Returned: ZOOM H5 RECORDER - ZOOM H5-103595 | 
2677407,EDES,@inside.fixture.edu,0,11/13/2024 2:26 PM,11/16/2024 9:30 PM,11/18/2024 12:50 PM,426240,1,Returned: POWER STRIP - PWRSTRIP-103596 | 
2229110,ANIM,@inside.fixture.edu,0,11/13/2024 4:17 PM,11/18/2024 10:00 AM,11/18/2024 5:34 PM,436620,9,Returned: AUDIO-TECHNICA HEADPHONES - AT HEADPHONES-103597 | BENQ DATA PROJECTOR - BENQ PROJ-103598 | LOGITECH WIRELESS MOUSE - LOGI MOUSE-103599 | RODE WIRELESS MIC - RODE WIRELESS-103600 | EPSON PROJECTOR HDMI CABLE - EPSON PROJ HDMI-103601 | RODE MIC BATTERY - RODE MIC BATT-103602 | USB-C MULTIPORT HUB - USBC HUB-103603 | SANDISK 64GB SD CARD - SANDISK 64SD-103604 | GODOX POWER SUPPLY - GODOX PSU-103605 | 
4576135,IMAG,@inside.fixture.edu,0,11/13/2024 4:19 PM,11/13/2024 9:30 PM,11/13/2024 7:36 PM,11820,2,Returned: POWER STRIP - PWRSTRIP-103606 | EQUIPMENT CRATE 12x12 - CRATE12-103607 | 
9487336,STDA,@inside.fixture.edu,1,11/13/2024 6:41 PM,11/16/2024 3:30 PM,11/15/2024 4:21 PM,164400,3,Returned: ZOOM H5 RECORDER CASE - ZOOM H5 CASE-103608 | INSTA360 X4 BATTERY - INSTA X4 BATT-103609 | MANFROTTO TRIPOD CASE - MANFRO CASE-103610 | 
5449324,DRAW,@inside.fixture.edu,0,11/15/2024 9:01 AM,11/15/2024 9:30 PM,11/15/2024 1:38 PM,16620,1,Returned: NIKON Z6 III BATTERY - NIKON Z6III BATT-103611 | 
3222252,MDIA,@inside.fixture.edu,0,11/15/2024 11:52 AM,11/15/2024 9:30 PM,11/15/2024 1:22 PM,5400,1,Returned: INSTA360 X4 CASE - INSTA X4 CASE-103612 | 
6855396,MDIA,@inside.fixture.edu,0,11/15/2024 11:53 AM,11/15/2024 9:30 PM,11/15/2024 3:14 PM,12060,1,Returned: HUION DRAWING TABLET - HUION TABLET-103613 | 
2154126,ANIM,@inside.fixture.edu,0,11/15/2024 12:03 PM,11/22/2024 9:30 PM,11/21/2024 1:07 PM,522240,6,Returned: USB KEYBOARD - USB KYBD-103614 | WACOM CINTIQ TABLET - WACOM CINTIQ-103615 | XLR CABLE 25FT - XLR25-103616 | WACOM CINTIQ PEN - WACOM CINTIQ PEN-103617 | CARD READER - CARDRDR-103618 | HDMI CABLE 10FT - HDMI10-103619 | 
5098412,ANIM,@gmail.com,3,11/15/2024 2:05 PM,12/13/2024 9:30 PM,12/17/2024 9:56 AM,2749860,7,Returned: EPSON PROJECTOR - EPSON PROJ-103620 | RODE MIC BATTERY - RODE MIC BATT-103621 | NIKON Z6 III BATTERY - NIKON Z6III BATT-103622 | AUDIO-TECHNICA HEADPHONES - AT HEADPHONES-103623 | MACBOOK AIR CHARGING CABLE - MBA CABLE-103624 | LEXAR 128GB CF CARD - LEXAR CF128-103625 | DELL XPS LAPTOP CHARGER - DELL XPS CHRG-103626 | 
7199635,INDD,@inside.fixture.edu,0,11/15/2024 2:09 PM,11/15/2024 9:30 PM,11/15/2024 4:21 PM,7920,2,Returned: INSTA360 X4 CAMERA - INSTA X4-103627 | SANDISK 64GB SD CARD - SANDISK 64SD-103628 | 
5781295,,@gmail.com,0,11/15/2024 3:05 PM,11/19/2024 9:30 PM,11/20/2024 12:06 PM,421260,8,Returned: RODE WIRELESS MIC - RODE WIRELESS-103629 | FUJIFILM 18-55mm LENS - FUJI 1855 LENS-103630 | POWER STRIP - PWRSTRIP-103631 | EXTENSION CORD 10FT - EXTCORD10-103632 | META QUEST CONTROLLER - MQUEST CTRL-103633 | DELL XPS LAPTOP CHARGER - DELL XPS CHRG-103634 | NIKON Z6 III BATTERY - NIKON Z6III BATT-103635 | MACBOOK AIR M3 CHARGER - MBA M3 CHRG-103636 | 
3646552,,@fixture.edu,0,11/15/2024 3:20 PM,12/13/2024 9:30 PM,12/02/2024 8:20 AM,1443600,3,Returned: MACBOOK AIR CHARGING CABLE - MBA CABLE-103637 | PANASONIC S5 II BATTERY CHARGER - PANA S5II CHRG-103638 | META QUEST CONTROLLER - MQUEST CTRL-103639 | 
8351517,,@inside.fixture.edu,1,11/16/2024 11:51 AM,12/13/2024 3:00 PM,12/13/2024 12:39 PM,2335680,4,Returned: BENQ DATA PROJECTOR - BENQ PROJ-103640 | LAPTOP SLEEVE CASE - LAPTOP SLEEVE-103641 | EXTENSION CORD 10FT - EXTCORD10-103642 | OLYMPUS OM-D E-M1 BODY - OLY EM1-103643 | 
6075395,ANIM,@inside.fixture.edu,0,11/16/2024 1:22 PM,11/18/2024 9:30 PM,11/18/2024 5:36 PM,188040,11,Returned: CARD READER - CARDRDR-103644 | LOGITECH WIRELESS MOUSE - LOGI MOUSE-103645 | META QUEST CHARGING CABLE - MQUEST CABLE-103646 | GODOX POWER SUPPLY - GODOX PSU-103647 | OLYMPUS OM-D E-M1 BODY - OLY EM1-103648 | EPSON PROJECTOR HDMI CABLE - EPSON PROJ HDMI-103649 | MACBOOK AIR M3 LAPTOP - MBA M3-103650 | EPSON PROJECTOR HDMI CABLE - EPSON PROJ HDMI-103651 | LAPTOP SLEEVE CASE - LAPTOP SLEEVE-103652 | NIKON Z6 III MIRRORLESS BODY - NIKON Z6III-103653 | META QUEST CHARGING CABLE - MQUEST CABLE-103654 | 
9874152,ANIM,@inside.fixture.edu,1,11/16/2024 1:28 PM,11/21/2024 9:30 PM,11/21/2024 8:23 PM,456900,10,Returned: GODOX POWER SUPPLY - GODOX PSU-103655 | WACOM CINTIQ PEN - WACOM CINTIQ PEN-103656 | FUJIFILM X-T5 BODY - FUJI XT5-103657 | MACBOOK AIR M3 LAPTOP - MBA M3-103658 | NIKON Z6 III BATTERY CHARGER - NIKON Z6III CHRG-103659 | LAPTOP SLEEVE CASE - LAPTOP SLEEVE-103660 | GODOX LIGHT STAND - GODOX STAND-103661 | RODE MIC BATTERY - RODE MIC BATT-103662 | WACOM CINTIQ TABLET - WACOM CINTIQ-103663 | RODE MIC BATTERY - RODE MIC BATT-103664 | 
1131249,ANIM,@gmail.com,3,11/16/2024 2:08 PM,12/13/2024 2:30 PM,12/17/2024 9:56 AM,2663280,13,Returned: META QUEST HEADSET - MQUEST HS-103665 | RODE MIC BATTERY - RODE MIC BATT-103666 | PANASONIC S5 II BATTERY CHARGER - PANA S5II CHRG-103667 | MANFROTTO TRIPOD CASE - MANFRO CASE-103668 | RODE MIC BATTERY - RODE MIC BATT-103669 | DELL XPS LAPTOP CHARGER - DELL XPS CHRG-103670 | FUJIFILM 18-55mm LENS - FUJI 1855 LENS-103671 | OLYMPUS 12-40mm LENS - OLY 1240 LENS-103672 | MANFROTTO TRIPOD CASE - MANFRO CASE-103673 | NIKON Z6 III MIRRORLESS BODY - NIKON Z6III-103674 | HUION DRAWING TABLET - HUION TABLET-103675 | LAPTOP SLEEVE CASE - LAPTOP SLEEVE-103676 | SANDISK 64GB SD CARD - SANDISK 64SD-103677 | 
6022741,MDIA,@inside.fixture.edu,0,11/18/2024 10:41 AM,11/20/2024 9:30 PM,11/20/2024 2:19 PM,185880,4,Returned: ZOOM H5 RECORDER CASE - ZOOM H5 CASE-103678 | RODE MIC BATTERY - RODE MIC BATT-103679 | OLYMPUS OM-D E-M1 BODY - OLY EM1-103680 | EPSON PROJECTOR - EPSON PROJ-103681 | 
2737893,ANIM,@gmail.com,0,11/18/2024 11:46 AM,11/20/2024 9:30 PM,11/18/2024 11:50 AM,240,1,Returned: MANFROTTO TRIPOD CASE - MANFRO CASE-103682 | 
3253031,ANIM,@gmail.com,3,11/18/2024 11:50 AM,12/13/2024 9:30 PM,12/17/2024 10:17 PM,2543220,1,Returned: LEXAR 128GB CF CARD - LEXAR CF128-103683 | 
5437001,,@fixture.edu,0,11/27/2024 1:48 PM,11/27/2024 6:30 PM,11/27/2024 6:40 PM,17520,39,Returned: NIKON Z6 III CAMERA CASE - NIKON Z6III CASE-103684 | WACOM ONE TABLET - WACOM ONE-103685 | ZOOM H5 RECORDER - ZOOM H5-103686 | DELL XPS LAPTOP CHARGER - DELL XPS CHRG-103687 | OLYMPUS OM-D E-M1 BODY - OLY EM1-103688 | MACBOOK AIR M3 LAPTOP - MBA M3-103689 | GODOX POWER SUPPLY - GODOX PSU-103690 | FUJIFILM X-T5 BATTERY - FUJI XT5 BATT-103691 | NIKON Z6 III BATTERY CHARGER - NIKON Z6III CHRG-103692 | DELL XPS LAPTOP - DELL XPS-103693 | PANASONIC S5 II BODY - PANA S5II-103694 | WACOM CINTIQ PEN - WACOM CINTIQ PEN-103695 | WACOM CINTIQ PEN - WACOM CINTIQ PEN-103696 | LOGITECH WIRELESS MOUSE - LOGI MOUSE-103697 | EPSON PROJECTOR - EPSON PROJ-103698 | WACOM ONE TABLET - WACOM ONE-103699 | RODE MIC BATTERY - RODE MIC BATT-103700 | LOGITECH WEBCAM - LOGI WEBCAM-103701 | EPSON PROJECTOR HDMI CABLE - EPSON PROJ HDMI-103702 | GODOX LIGHT STAND - GODOX STAND-103703 | USB-C MULTIPORT HUB - USBC HUB-103704 | INSTA360 X4 BATTERY - INSTA X4 BATT-103705 | HDMI CABLE 10FT - HDMI10-103706 | MACBOOK AIR M3 LAPTOP - MBA M3-103707 | OLYMPUS OM-D E-M1 BODY - OLY EM1-103708 | LOGITECH WEBCAM - LOGI WEBCAM-103709 | META QUEST CONTROLLER - MQUEST CTRL-103710 | MACBOOK AIR M3 LAPTOP - MBA M3-103711 | MACBOOK AIR M3 LAPTOP - MBA M3-103712 | GODOX POWER SUPPLY - GODOX PSU-103713 | EPSON PROJECTOR HDMI CABLE - EPSON PROJ HDMI-103714 | MACBOOK AIR M3 LAPTOP - MBA M3-103715 | SANDISK 128GB SD CARD - SANDISK 128SD-103716 | SANDISK 128GB SD CARD - SANDISK 128SD-103717 | CARD READER - CARDRDR-103718 | WACOM ONE TABLET - WACOM ONE-103719 | META QUEST CONTROLLER - MQUEST CTRL-103720 | XLR CABLE 25FT - XLR25-103721 | EPSON PROJECTOR - EPSON PROJ-103722 | 
2936571,,@fixture.edu,0,11/26/2024 7:44 AM,11/26/2024 12:30 PM,11/26/2024 12:49 PM,18300,39,Returned: GODOX LIGHT STAND - GODOX STAND-103723 | POWER STRIP - PWRSTRIP-103724 | EQUIPMENT CRATE 12x12 - CRATE12-103725 | DELL XPS LAPTOP CHARGER - DELL XPS CHRG-103726 | NIKON Z6 III BATTERY - NIKON Z6III BATT-103727 | MACBOOK AIR M3 CHARGER - MBA M3 CHRG-103728 | ZOOM H5 RECORDER CASE - ZOOM H5 CASE-103729 | MACBOOK AIR M3 LAPTOP - MBA M3-103730 | PANASONIC S5 II BODY - PANA S5II-103731 | EXTENSION CORD 10FT - EXTCORD10-103732 | WACOM ONE TABLET - WACOM ONE-103733 | OLYMPUS OM-D E-M1 BODY - OLY EM1-103734 | FUJIFILM X-T5 BATTERY - FUJI XT5 BATT-103735 | LOGITECH WEBCAM - LOGI WEBCAM-103736 | POWER STRIP - PWRSTRIP-103737 | RODE MIC BATTERY - RODE MIC BATT-103738 | GODOX LED LIGHT PANEL - GODOX LED-103739 | POWER STRIP - PWRSTRIP-103740 | USB-C MULTIPORT HUB - USBC HUB-103741 | AUDIO-TECHNICA HEADPHONES - AT HEADPHONES-103742 | AUDIO-TECHNICA HEADPHONES - AT HEADPHONES-103743 | HUION DRAWING TABLET - HUION TABLET-103744 | USB-C TO HDMI ADAPTER - USBC HDMI-103745 | INSTA360 X4 BATTERY - INSTA X4 BATT-103746 | XLR CABLE 25FT - XLR25-103747 | ZOOM H5 RECORDER - ZOOM H5-103748 | LOGITECH WEBCAM - LOGI WEBCAM-103749 | WACOM CINTIQ PEN - WACOM CINTIQ PEN-103750 | POWER STRIP - PWRSTRIP-103751 | DELL XPS LAPTOP - DELL XPS-103752 | POWER STRIP - PWRSTRIP-103753 | USB-C MULTIPORT HUB - USBC HUB-103754 | SANDISK 128GB SD CARD - SANDISK 128SD-103755 | GODOX LIGHT STAND - GODOX STAND-103756 | FUJIFILM X-T5 BODY - FUJI XT5-103757 | META QUEST CHARGING CABLE - MQUEST CABLE-103758 | WACOM CINTIQ TABLET - WACOM CINTIQ-103759 | MACBOOK AIR M3 CHARGER - MBA M3 CHRG-103760 | WACOM CINTIQ PEN - WACOM CINTIQ PEN-103761 | 
2795765,CRFT,@inside.fixture.edu,0,11/18/2024 1:12 PM,11/20/2024 9:30 PM,11/25/2024 12:53 PM,603660,2,Returned: MACBOOK AIR M3 LAPTOP - MBA M3-103762 | USB-C TO HDMI ADAPTER - USBC HDMI-103763 | 
3607983,,@inside.fixture.edu,0,11/18/2024 3:35 PM,11/21/2024 9:30 PM,11/18/2024 3:45 PM,600,21,Returned: LOGITECH WIRELESS MOUSE - LOGI MOUSE-103764 | PANASONIC S5 II BODY - PANA S5II-103765 | INSTA360 X4 CAMERA - INSTA X4-103766 | NIKON Z6 III CAMERA CASE - NIKON Z6III CASE-103767 | FUJIFILM X-T5 BATTERY - FUJI XT5 BATT-103768 | LOGITECH WEBCAM - LOGI WEBCAM-103769 | EXTENSION CORD 10FT - EXTCORD10-103770 | XLR CABLE 15FT - XLR15-103771 | MACBOOK AIR CHARGING CABLE - MBA CABLE-103772 | GODOX LIGHT STAND - GODOX STAND-103773 | FUJIFILM X-T5 BODY - FUJI XT5-103774 | LOGITECH WEBCAM - LOGI WEBCAM-103775 | EQUIPMENT CRATE 12x12 - CRATE12-103776 | META QUEST HEADSET - MQUEST HS-103777 | HUION DRAWING TABLET - HUION TABLET-103778 | NIKON Z6 III MIRRORLESS BODY - NIKON Z6III-103779 | OLYMPUS 12-40mm LENS - OLY 1240 LENS-103780 | OLYMPUS 12-40mm LENS - OLY 1240 LENS-103781 | USB-C MULTIPORT HUB - USBC HUB-103782 | XLR CABLE 25FT - XLR25-103783 | WACOM CINTIQ TABLET - WACOM CINTIQ-103784 | 
5569244,SPAC,@inside.fixture.edu,0,11/18/2024 3:54 PM,11/21/2024 9:30 PM,11/26/2024 12:07 PM,677580,20,Returned: PANASONIC S5 II BATTERY CHARGER - PANA S5II CHRG-103785 | GODOX POWER SUPPLY - GODOX PSU-103786 | RODE MIC BATTERY - RODE MIC BATT-103787 | WACOM CINTIQ TABLET - WACOM CINTIQ-103788 | META QUEST CONTROLLER - MQUEST CTRL-103789 | RODE WIRELESS MIC - RODE WIRELESS-103790 | META QUEST CHARGING CABLE - MQUEST CABLE-103791 | DELL XPS LAPTOP - DELL XPS-103792 | INSTA360 X4 CASE - INSTA X4 CASE-103793 | ZOOM H5 RECORDER - ZOOM H5-103794 | FUJIFILM X-T5 BODY - FUJI XT5-103795 | NIKON Z6 III MIRRORLESS BODY - NIKON Z6III-103796 | INSTA360 X4 CASE - INSTA X4 CASE-103797 | AUDIO-TECHNICA HEADPHONES - AT HEADPHONES-103798 | OLYMPUS OM-D E-M1 BODY - OLY EM1-103799 | RODE WIRELESS MIC - RODE WIRELESS-103800 | XLR CABLE 15FT - XLR15-103801 | USB-C TO HDMI ADAPTER - USBC HDMI-103802 | NIKON Z6 III BATTERY CHARGER - NIKON Z6III CHRG-103803 | EPSON PROJECTOR - EPSON PROJ-103804 | 
5727085,SPAC,@inside.fixture.edu,0,11/18/2024 7:14 PM,11/20/2024 9:30 PM,11/20/2024 10:37 AM,141780,8,Returned: LOGITECH WIRELESS MOUSE - LOGI MOUSE-103805 | ZOOM H5 RECORDER CASE - ZOOM H5 CASE-103806 | CARD READER - CARDRDR-103807 | CARD READER - CARDRDR-103808 | SANDISK 128GB SD CARD - SANDISK 128SD-103809 | EPSON PROJECTOR - EPSON PROJ-103810 | XLR CABLE 25FT - XLR25-103811 | RODE MIC BATTERY - RODE MIC BATT-103812 | 
4533779,,@inside.fixture.edu,0,11/19/2024 10:11 AM,11/22/2024 9:30 PM,11/22/2024 12:49 PM,268680,1,Returned: XLR CABLE 25FT - XLR25-103813 | 
6752576,MDIA,@inside.fixture.edu,0,11/19/2024 12:14 PM,11/21/2024 9:30 PM,11/22/2024 10:38 AM,253440,1,Returned: XLR CABLE 15FT - XLR15-103814 | 
4415796,ANIM,@inside.fixture.edu,1,11/19/2024 12:20 PM,11/22/2024 9:30 PM,11/22/2024 4:46 PM,275160,3,Returned: USB-C MULTIPORT HUB - USBC HUB-103815 | GODOX LIGHT STAND - GODOX STAND-103816 | MACBOOK AIR M3 CHARGER - MBA M3 CHRG-103817 | 
5428914,,@fixture.edu,3,11/19/2024 2:16 PM,01/21/2025 9:30 PM,01/17/2025 11:11 AM,5086500,27,Returned: PANASONIC S5 II BATTERY CHARGER - PANA S5II CHRG-103818 | XLR CABLE 25FT - XLR25-103819 | META QUEST CONTROLLER - MQUEST CTRL-103820 | USB KEYBOARD - USB KYBD-103821 | OLYMPUS 12-40mm LENS - OLY 1240 LENS-103822 | INSTA360 X4 CASE - INSTA X4 CASE-103823 | GODOX LIGHT STAND - GODOX STAND-103824 | OLYMPUS OM-D E-M1 BODY - OLY EM1-103825 | NIKON Z6 III CAMERA CASE - NIKON Z6III CASE-103826 | NIKON Z6 III MIRRORLESS BODY - NIKON Z6III-103827 | EPSON PROJECTOR HDMI CABLE - EPSON PROJ HDMI-103828 | MACBOOK AIR M3 CHARGER - MBA M3 CHRG-103829 | DELL XPS LAPTOP CHARGER - DELL XPS CHRG-103830 | INSTA360 X4 CASE - INSTA X4 CASE-103831 | FUJIFILM X-T5 BODY - FUJI XT5-103832 | GODOX LED LIGHT PANEL - GODOX LED-103833 | AUDIO-TECHNICA HEADPHONES - AT HEADPHONES-103834 | MACBOOK AIR M3 LAPTOP - MBA M3-103835 | POWER STRIP - PWRSTRIP-103836 | WACOM ONE TABLET - WACOM ONE-103837 | DELL XPS LAPTOP - DELL XPS-103838 | PANASONIC S5 II BODY - PANA S5II-103839 | LAPTOP SLEEVE CASE - LAPTOP SLEEVE-103840 | USB-C TO HDMI ADAPTER - USBC HDMI-103841 | DELL XPS LAPTOP CHARGER - DELL XPS CHRG-103842 | ZOOM H5 RECORDER CASE - ZOOM H5 CASE-103843 | PANASONIC S5 II BATTERY CHARGER - PANA S5II CHRG-103844 | 
9479356,INDD,@inside.fixture.edu,0,11/19/2024 4:36 PM,11/19/2024 9:30 PM,11/19/2024 5:01 PM,1500,3,Returned: WACOM ONE TABLET - WACOM ONE-103845 | WACOM CINTIQ TABLET - WACOM CINTIQ-103846 | USB KEYBOARD - USB KYBD-103847 | 
9196204,INDD,@inside.fixture.edu,0,11/19/2024 5:02 PM,11/21/2024 9:30 PM,11/19/2024 8:19 PM,11820,3,Returned: LEXAR 128GB CF CARD - LEXAR CF128-103848 | MACBOOK AIR CHARGING CABLE - MBA CABLE-103849 | AUDIO-TECHNICA HEADPHONES - AT HEADPHONES-103850 | 
5213115,,@inside.fixture.edu,2,11/19/2024 6:04 PM,01/21/2025 6:30 PM,03/04/2025 1:50 PM,9056760,10,Returned: USB-C TO HDMI ADAPTER - USBC HDMI-103851 | XLR CABLE 15FT - XLR15-103852 | INSTA360 X4 BATTERY - INSTA X4 BATT-103853 | WACOM CINTIQ TABLET - WACOM CINTIQ-103854 | EPSON PROJECTOR - EPSON PROJ-103855 | FUJIFILM 18-55mm LENS - FUJI 1855 LENS-103856 | MACBOOK AIR M3 CHARGER - MBA M3 CHRG-103857 | GODOX POWER SUPPLY - GODOX PSU-103858 | OLYMPUS OM-D E-M1 BODY - OLY EM1-103859 | BENQ DATA PROJECTOR - BENQ PROJ-103860 | 
1852264,GNRL,@inside.fixture.edu,0,11/19/2024 7:02 PM,11/20/2024 9:30 PM,11/20/2024 1:54 PM,67920,2,Returned: INSTA360 X4 CASE - INSTA X4 CASE-103861 | INSTA360 X4 CASE - INSTA X4 CASE-103862 | 
2548511,,@fixture.edu,0,11/25/2024 8:07 AM,11/25/2024 1:00 PM,11/25/2024 1:02 PM,17700,72,Returned: EXTENSION CORD 10FT - EXTCORD10-103863 | MACBOOK AIR M3 LAPTOP - MBA M3-103864 | FUJIFILM X-T5 BODY - FUJI XT5-103865 | EQUIPMENT CRATE 12x12 - CRATE12-103866 | FUJIFILM X-T5 BODY - FUJI XT5-103867 | MACBOOK AIR M3 LAPTOP - MBA M3-103868 | BENQ DATA PROJECTOR - BENQ PROJ-103869 | INSTA360 X4 CAMERA - INSTA X4-103870 | FUJIFILM X-T5 BODY - FUJI XT5-103871 | HUION DRAWING TABLET - HUION TABLET-103872 | POWER STRIP - PWRSTRIP-103873 | RODE MIC BATTERY - RODE MIC BATT-103874 | NIKON Z6 III BATTERY CHARGER - NIKON Z6III CHRG-103875 | ZOOM H5 RECORDER - ZOOM H5-103876 | EXTENSION CORD 10FT - EXTCORD10-103877 | MACBOOK AIR M3 LAPTOP - MBA M3-103878 | LAPTOP SLEEVE CASE - LAPTOP SLEEVE-103879 | MACBOOK AIR M3 LAPTOP - MBA M3-103880 | BENQ DATA PROJECTOR - BENQ PROJ-103881 | DELL XPS LAPTOP - DELL XPS-103882 | INSTA360 X4 CAMERA - INSTA X4-103883 | POWER STRIP - PWRSTRIP-103884 | MANFROTTO TRIPOD CASE - MANFRO CASE-103885 | NIKON Z6 III BATTERY - NIKON Z6III BATT-103886 | META QUEST CONTROLLER - MQUEST CTRL-103887 | HDMI CABLE 10FT - HDMI10-103888 | EPSON PROJECTOR HDMI CABLE - EPSON PROJ HDMI-103889 | WACOM CINTIQ TABLET - WACOM CINTIQ-103890 | NIKON Z6 III CAMERA CASE - NIKON Z6III CASE-103891 | MACBOOK AIR M3 CHARGER - MBA M3 CHRG-103892 | PANASONIC S5 II BODY - PANA S5II-103893 | NIKON Z6 III BATTERY CHARGER - NIKON Z6III CHRG-103894 | INSTA360 X4 CASE - INSTA X4 CASE-103895 | LOGITECH WEBCAM - LOGI WEBCAM-103896 | HUION DRAWING TABLET - HUION TABLET-103897 | MANFROTTO TRIPOD CASE - MANFRO CASE-103898 | FUJIFILM X-T5 BODY - FUJI XT5-103899 | MACBOOK AIR CHARGING CABLE - MBA CABLE-103900 | USB KEYBOARD - USB KYBD-103901 | MANFROTTO TRIPOD CASE - MANFRO CASE-103902 | OLYMPUS OM-D E-M1 BODY - OLY EM1-103903 | MANFROTTO TRIPOD CASE - MANFRO CASE-103904 | CARD READER - CARDRDR-103905 | NIKON Z6 III MIRRORLESS BODY - NIKON Z6III-103906 | FUJIFILM 18-55mm LENS - FUJI 1855 LENS-103907 | PANASONIC S5 II BODY - PANA S5II-103908 | WACOM CINTIQ PEN - WACOM CINTIQ PEN-103909 | OLYMPUS 12-40mm LENS - OLY 1240 LENS-103910 | DELL XPS LAPTOP CHARGER - DELL XPS CHRG-103911 | LOGITECH WEBCAM - LOGI WEBCAM-103912 | MANFROTTO TRIPOD - MANFRO TRIPOD-103913 | EPSON PROJECTOR - EPSON PROJ-103914 | MACBOOK AIR M3 CHARGER - MBA M3 CHRG-103915 | POWER STRIP - PWRSTRIP-103916 | CARD READER - CARDRDR-103917 | ZOOM H5 RECORDER - ZOOM H5-103918 | FUJIFILM X-T5 BODY - FUJI XT5-103919 | OLYMPUS OM-D E-M1 BODY - OLY EM1-103920 | META QUEST CHARGING CABLE - MQUEST CABLE-103921 | OLYMPUS 12-40mm LENS - OLY 1240 LENS-103922 | MACBOOK AIR CHARGING CABLE - MBA CABLE-103923 | INSTA360 X4 CASE - INSTA X4 CASE-103924 | EXTENSION CORD 10FT - EXTCORD10-103925 | LEXAR 128GB CF CARD - LEXAR CF128-103926 | DELL XPS LAPTOP CHARGER - DELL XPS CHRG-103927 | GODOX LED LIGHT PANEL - GODOX LED-103928 | SANDISK 64GB SD CARD - SANDISK 64SD-103929 | BENQ DATA PROJECTOR - BENQ PROJ-103930 | ZOOM H5 RECORDER - ZOOM H5-103931 | GODOX LED LIGHT PANEL - GODOX LED-103932 | HDMI CABLE 10FT - HDMI10-103933 | FUJIFILM 18-55mm LENS - FUJI 1855 LENS-103934 | 
8106422,,@fixture.edu,0,11/26/2024 7:51 AM,11/26/2024 1:00 PM,11/26/2024 1:02 PM,18660,75,Returned: PANASONIC S5 II BODY - PANA S5II-103935 | XLR CABLE 25FT - XLR25-103936 | RODE WIRELESS MIC - RODE WIRELESS-103937 | HDMI CABLE 10FT - HDMI10-103938 | HDMI CABLE 10FT - HDMI10-103939 | USB-C MULTIPORT HUB - USBC HUB-103940 | XLR CABLE 15FT - XLR15-103941 | EPSON PROJECTOR - EPSON PROJ-103942 | MACBOOK AIR M3 CHARGER - MBA M3 CHRG-103943 | OLYMPUS OM-D E-M1 BODY - OLY EM1-103944 | CARD READER - CARDRDR-103945 | NIKON Z6 III MIRRORLESS BODY - NIKON Z6III-103946 | META QUEST CONTROLLER - MQUEST CTRL-103947 | DELL XPS LAPTOP CHARGER - DELL XPS CHRG-103948 | GODOX POWER SUPPLY - GODOX PSU-103949 | INSTA360 X4 CAMERA - INSTA X4-103950 | GODOX POWER SUPPLY - GODOX PSU-103951 | NIKON Z6 III BATTERY CHARGER - NIKON Z6III CHRG-103952 | META QUEST CONTROLLER - MQUEST CTRL-103953 | GODOX LED LIGHT PANEL - GODOX LED-103954 | INSTA360 X4 CAMERA - INSTA X4-103955 | DELL XPS LAPTOP - DELL XPS-103956 | META QUEST CONTROLLER - MQUEST CTRL-103957 | CARD READER - CARDRDR-103958 | ZOOM H5 RECORDER - ZOOM H5-103959 | MANFROTTO TRIPOD - MANFRO TRIPOD-103960 | FUJIFILM X-T5 BATTERY - FUJI XT5 BATT-103961 | GODOX LED LIGHT PANEL - GODOX LED-103962 | XLR CABLE 25FT - XLR25-103963 | EXTENSION CORD 10FT - EXTCORD10-103964 | HDMI CABLE 10FT - HDMI10-103965 | BENQ DATA PROJECTOR - BENQ PROJ-103966 | WACOM CINTIQ PEN - WACOM CINTIQ PEN-103967 | PANASONIC S5 II BATTERY CHARGER - PANA S5II CHRG-103968 | ZOOM H5 RECORDER - ZOOM H5-103969 | GODOX POWER SUPPLY - GODOX PSU-103970 | PANASONIC S5 II BODY - PANA S5II-103971 | USB-C TO HDMI ADAPTER - USBC HDMI-103972 | GODOX POWER SUPPLY - GODOX PSU-103973 | LOGITECH WIRELESS MOUSE - LOGI MOUSE-103974 | NIKON Z6 III MIRRORLESS BODY - NIKON Z6III-103975 | FUJIFILM X-T5 BATTERY - FUJI XT5 BATT-103976 | FUJIFILM X-T5 BATTERY - FUJI XT5 BATT-103977 | DELL XPS LAPTOP CHARGER - DELL XPS CHRG-103978 | SANDISK 128GB SD CARD - SANDISK 128SD-103979 | MANFROTTO TRIPOD CASE - MANFRO CASE-103980 | PANASONIC S5 II BATTERY CHARGER - PANA S5II CHRG-103981 | NIKON Z6 III BATTERY - NIKON Z6III BATT-103982 | FUJIFILM X-T5 BATTERY - FUJI XT5 BATT-103983 | META QUEST CHARGING CABLE - MQUEST CABLE-103984 | GODOX LIGHT STAND - GODOX STAND-103985 | LOGITECH WIRELESS MOUSE - LOGI MOUSE-103986 | INSTA360 X4 CAMERA - INSTA X4-103987 | GODOX LED LIGHT PANEL - GODOX LED-103988 | EPSON PROJECTOR - EPSON PROJ-103989 | FUJIFILM 18-55mm LENS - FUJI 1855 LENS-103990 | CARD READER - CARDRDR-103991 | OLYMPUS OM-D E-M1 BODY - OLY EM1-103992 | GODOX LIGHT STAND - GODOX STAND-103993 | META QUEST HEADSET - MQUEST HS-103994 | WACOM CINTIQ TABLET - WACOM CINTIQ-103995 | INSTA360 X4 BATTERY - INSTA X4 BATT-103996 | META QUEST HEADSET - MQUEST HS-103997 | EPSON PROJECTOR - EPSON PROJ-103998 | LEXAR 128GB CF CARD - LEXAR CF128-103999 | MACBOOK AIR M3 LAPTOP - MBA M3-104000 | META QUEST CHARGING CABLE - MQUEST CABLE-104001 | GODOX LED LIGHT PANEL - GODOX LED-104002 | META QUEST CONTROLLER - MQUEST CTRL-104003 | MANFROTTO TRIPOD CASE - MANFRO CASE-104004 | DELL XPS LAPTOP - DELL XPS-104005 | META QUEST HEADSET - MQUEST HS-104006 | EXTENSION CORD 10FT - EXTCORD10-104007 | RODE MIC BATTERY - RODE MIC BATT-104008 | OLYMPUS 12-40mm LENS - OLY 1240 LENS-104009 | 
5641923,,@fixture.edu,0,11/27/2024 7:58 AM,11/27/2024 1:00 PM,11/27/2024 1:07 PM,18540,74,Returned: FUJIFILM X-T5 BODY - FUJI XT5-104010 | EXTENSION CORD 10FT - EXTCORD10-104011 | XLR CABLE 25FT - XLR25-104012 | ZOOM H5 RECORDER - ZOOM H5-104013 | NIKON Z6 III CAMERA CASE - NIKON Z6III CASE-104014 | INSTA360 X4 CAMERA - INSTA X4-104015 | MANFROTTO TRIPOD - MANFRO TRIPOD-104016 | DELL XPS LAPTOP CHARGER - DELL XPS CHRG-104017 | MACBOOK AIR CHARGING CABLE - MBA CABLE-104018 | META QUEST CHARGING CABLE - MQUEST CABLE-104019 | WACOM ONE TABLET - WACOM ONE-104020 | PANASONIC S5 II BODY - PANA S5II-104021 | MACBOOK AIR CHARGING CABLE - MBA CABLE-104022 | OLYMPUS OM-D E-M1 BODY - OLY EM1-104023 | EXTENSION CORD 10FT - EXTCORD10-104024 | SANDISK 128GB SD CARD - SANDISK 128SD-104025 | GODOX LED LIGHT PANEL - GODOX LED-104026 | META QUEST CONTROLLER - MQUEST CTRL-104027 | EPSON PROJECTOR HDMI CABLE - EPSON PROJ HDMI-104028 | FUJIFILM X-T5 BATTERY - FUJI XT5 BATT-104029 | FUJIFILM X-T5 BODY - FUJI XT5-104030 | WACOM CINTIQ TABLET - WACOM CINTIQ-104031 | LEXAR 128GB CF CARD - LEXAR CF128-104032 | DELL XPS LAPTOP CHARGER - DELL XPS CHRG-104033 | META QUEST HEADSET - MQUEST HS-104034 | OLYMPUS 12-40mm LENS - OLY 1240 LENS-104035 | GODOX LED LIGHT PANEL - GODOX LED-104036 | META QUEST CHARGING CABLE - MQUEST CABLE-104037 | GODOX LIGHT STAND - GODOX STAND-104038 | MANFROTTO TRIPOD - MANFRO TRIPOD-104039 | EPSON PROJECTOR - EPSON PROJ-104040 | META QUEST HEADSET - MQUEST HS-104041 | WACOM CINTIQ TABLET - WACOM CINTIQ-104042 | LAPTOP SLEEVE CASE - LAPTOP SLEEVE-104043 | META QUEST CHARGING CABLE - MQUEST CABLE-104044 | MACBOOK AIR M3 CHARGER - MBA M3 CHRG-104045 | DELL XPS LAPTOP - DELL XPS-104046 | USB KEYBOARD - USB KYBD-104047 | EXTENSION CORD 10FT - EXTCORD10-104048 | POWER STRIP - PWRSTRIP-104049 | USB-C MULTIPORT HUB - USBC HUB-104050 | NIKON Z6 III MIRRORLESS BODY - NIKON Z6III-104051 | INSTA360 X4 CAMERA - INSTA X4-104052 | LOGITECH WEBCAM - LOGI WEBCAM-104053 | MACBOOK AIR M3 CHARGER - MBA M3 CHRG-104054 | WACOM CINTIQ TABLET - WACOM CINTIQ-104055 | META QUEST CHARGING CABLE - MQUEST CABLE-104056 | ZOOM H5 RECORDER CASE - ZOOM H5 CASE-104057 | GODOX POWER SUPPLY - GODOX PSU-104058 | AUDIO-TECHNICA HEADPHONES - AT HEADPHONES-104059 | HUION DRAWING TABLET - HUION TABLET-104060 | INSTA360 X4 CAMERA - INSTA X4-104061 | FUJIFILM X-T5 BODY - FUJI XT5-104062 | USB-C MULTIPORT HUB - USBC HUB-104063 | INSTA360 X4 CAMERA - INSTA X4-104064 | FUJIFILM X-T5 BODY - FUJI XT5-104065 | MACBOOK AIR M3 LAPTOP - MBA M3-104066 | EXTENSION CORD 10FT - EXTCORD10-104067 | GODOX LED LIGHT PANEL - GODOX LED-104068 | PANASONIC S5 II BODY - PANA S5II-104069 | NIKON Z6 III BATTERY CHARGER - NIKON Z6III CHRG-104070 | XLR CABLE 25FT - XLR25-104071 | PANASONIC S5 II BATTERY CHARGER - PANA S5II CHRG-104072 | EPSON PROJECTOR - EPSON PROJ-104073 | META QUEST HEADSET - MQUEST HS-104074 | HUION DRAWING TABLET - HUION TABLET-104075 | ZOOM H5 RECORDER CASE - ZOOM H5 CASE-104076 | FUJIFILM X-T5 BODY - FUJI XT5-104077 | HUION DRAWING TABLET - HUION TABLET-104078 | BENQ DATA PROJECTOR - BENQ PROJ-104079 | OLYMPUS OM-D E-M1 BODY - OLY EM1-104080 | PANASONIC S5 II BATTERY CHARGER - PANA S5II CHRG-104081 | EPSON PROJECTOR HDMI CABLE - EPSON PROJ HDMI-104082 | WACOM CINTIQ PEN - WACOM CINTIQ PEN-104083 | 
1739653,MDIA,@inside.fixture.edu,0,11/20/2024 9:24 AM,11/20/2024 9:30 PM,11/20/2024 2:19 PM,17700,1,Returned: MACBOOK AIR M3 CHARGER - MBA M3 CHRG-104084 | 
1059486,,@fixture.edu,0,11/21/2024 9:08 AM,11/22/2024 9:30 PM,11/22/2024 8:08 PM,126000,5,Returned: NIKON Z6 III CAMERA CASE - NIKON Z6III CASE-104085 | USB-C MULTIPORT HUB - USBC HUB-104086 | RODE WIRELESS MIC - RODE WIRELESS-104087 | USB-C MULTIPORT HUB - USBC HUB-104088 | LOGITECH WIRELESS MOUSE - LOGI MOUSE-104089 | 
6596150,GNRL,@inside.fixture.edu,0,11/20/2024 10:31 AM,11/20/2024 9:30 PM,11/20/2024 12:33 PM,7320,1,Returned: DELL XPS LAPTOP CHARGER - DELL XPS CHRG-104090 | 
3194789,,@fixture.edu,0,11/20/2024 11:08 AM,11/20/2024 9:30 PM,11/20/2024 1:56 PM,10080,1,Returned: INSTA360 X4 CASE - INSTA X4 CASE-104091 | 
5394880,STDA,@inside.fixture.edu,0,11/20/2024 11:41 AM,11/20/2024 9:30 PM,11/20/2024 5:17 PM,20160,3,Returned: NIKON Z6 III BATTERY CHARGER - NIKON Z6III CHRG-104092 | NIKON Z6 III CAMERA CASE - NIKON Z6III CASE-104093 | POWER STRIP - PWRSTRIP-104094 | 
3710895,,@inside.fixture.edu,0,11/20/2024 11:50 AM,11/23/2024 9:30 PM,11/26/2024 7:02 PM,544320,5,Returned: NIKON Z6 III BATTERY CHARGER - NIKON Z6III CHRG-104095 | FUJIFILM 18-55mm LENS - FUJI 1855 LENS-104096 | LOGITECH WEBCAM - LOGI WEBCAM-104097 | GODOX LIGHT STAND - GODOX STAND-104098 | MACBOOK AIR M3 LAPTOP - MBA M3-104099 | 
8412769,MDIA,@inside.fixture.edu,3,11/20/2024 1:08 PM,12/07/2024 9:30 PM,12/07/2024 1:59 PM,1471860,5,Returned: GODOX POWER SUPPLY - GODOX PSU-104100 | EQUIPMENT CRATE 12x12 - CRATE12-104101 | OLYMPUS 12-40mm LENS - OLY 1240 LENS-104102 | WACOM CINTIQ TABLET - WACOM CINTIQ-104103 | META QUEST CONTROLLER - MQUEST CTRL-104104 | 
8175395,DRAW,@inside.fixture.edu,0,11/20/2024 1:22 PM,11/25/2024 9:30 PM,11/25/2024 7:09 PM,452820,5,Returned: NIKON Z6 III BATTERY CHARGER - NIKON Z6III CHRG-104105 | OLYMPUS OM-D E-M1 BODY - OLY EM1-104106 | GODOX LED LIGHT PANEL - GODOX LED-104107 | MACBOOK AIR M3 LAPTOP - MBA M3-104108 | META QUEST CONTROLLER - MQUEST CTRL-104109 | 
1162230,STDA,@inside.fixture.edu,0,11/20/2024 1:58 PM,11/22/2024 9:30 PM,11/22/2024 2:27 PM,174540,24,Returned: NIKON Z6 III BATTERY CHARGER - NIKON Z6III CHRG-104110 | EPSON PROJECTOR - EPSON PROJ-104111 | OLYMPUS OM-D E-M1 BODY - OLY EM1-104112 | PANASONIC S5 II BODY - PANA S5II-104113 | NIKON Z6 III BATTERY CHARGER - NIKON Z6III CHRG-104114 | RODE WIRELESS MIC - RODE WIRELESS-104115 | POWER STRIP - PWRSTRIP-104116 | MACBOOK AIR M3 LAPTOP - MBA M3-104117 | PANASONIC S5 II BODY - PANA S5II-104118 | WACOM CINTIQ PEN - WACOM CINTIQ PEN-104119 | LOGITECH WEBCAM - LOGI WEBCAM-104120 | FUJIFILM X-T5 BATTERY - FUJI XT5 BATT-104121 | MACBOOK AIR CHARGING CABLE - MBA CABLE-104122 | POWER STRIP - PWRSTRIP-104123 | SANDISK 128GB SD CARD - SANDISK 128SD-104124 | LOGITECH WEBCAM - LOGI WEBCAM-104125 | DELL XPS LAPTOP - DELL XPS-104126 | LOGITECH WEBCAM - LOGI WEBCAM-104127 | INSTA360 X4 CASE - INSTA X4 CASE-104128 | GODOX POWER SUPPLY - GODOX PSU-104129 | RODE MIC BATTERY - RODE MIC BATT-104130 | INSTA360 X4 BATTERY - INSTA X4 BATT-104131 | WACOM CINTIQ TABLET - WACOM CINTIQ-104132 | OLYMPUS OM-D E-M1 BODY - OLY EM1-104133 | 
2876932,,@inside.fixture.edu,0,11/20/2024 2:25 PM,11/20/2024 9:30 PM,11/20/2024 4:08 PM,6180,3,Returned: USB KEYBOARD - USB KYBD-104134 | POWER STRIP - PWRSTRIP-104135 | EXTENSION CORD 10FT - EXTCORD10-104136 | 
2262382,,@fixture.edu,0,11/22/2024 11:20 AM,11/25/2024 9:30 PM,11/26/2024 11:16 AM,345360,15,Returned: WACOM CINTIQ PEN - WACOM CINTIQ PEN-104137 | ZOOM H5 RECORDER - ZOOM H5-104138 | FUJIFILM 18-55mm LENS - FUJI 1855 LENS-104139 | OLYMPUS OM-D E-M1 BODY - OLY EM1-104140 | AUDIO-TECHNICA HEADPHONES - AT HEADPHONES-104141 | EPSON PROJECTOR - EPSON PROJ-104142 | USB-C TO HDMI ADAPTER - USBC HDMI-104143 | DELL XPS LAPTOP CHARGER - DELL XPS CHRG-104144 | META QUEST CONTROLLER - MQUEST CTRL-104145 | NIKON Z6 III BATTERY CHARGER - NIKON Z6III CHRG-104146 | FUJIFILM X-T5 BATTERY - FUJI XT5 BATT-104147 | USB KEYBOARD - USB KYBD-104148 | WACOM ONE TABLET - WACOM ONE-104149 | EXTENSION CORD 10FT - EXTCORD10-104150 | NIKON Z6 III MIRRORLESS BODY - NIKON Z6III-104151 | 
3500715,STDA,@inside.fixture.edu,0,11/20/2024 7:37 PM,11/22/2024 9:30 PM,11/22/2024 1:47 PM,151800,1,Returned: MACBOOK AIR M3 CHARGER - MBA M3 CHRG-104152 | 
1604451,MDIA,@inside.fixture.edu,0,11/25/2024 9:00 AM,11/27/2024 9:30 PM,11/27/2024 12:43 PM,186180,3,Returned: NIKON Z6 III MIRRORLESS BODY - NIKON Z6III-104153 | PANASONIC S5 II BODY - PANA S5II-104154 | FUJIFILM X-T5 BODY - FUJI XT5-104155 | 
7194416,DRAW,@inside.fixture.edu,0,11/21/2024 9:07 AM,11/22/2024 9:30 PM,11/22/2024 9:56 PM,132540,1,Returned: GODOX LED LIGHT PANEL - GODOX LED-104156 | 
3484601,MOTP,@inside.fixture.edu,0,11/21/2024 10:11 AM,11/21/2024 9:30 PM,11/21/2024 11:57 AM,6360,2,Returned: EQUIPMENT CRATE 12x12 - CRATE12-104157 | AUDIO-TECHNICA HEADPHONES - AT HEADPHONES-104158 | 
8210624,DRAW,@inside.fixture.edu,0,11/21/2024 1:51 PM,11/21/2024 9:30 PM,11/22/2024 12:42 PM,82260,1,Returned: LOGITECH WEBCAM - LOGI WEBCAM-104159 | 
3138181,STDA,@inside.fixture.edu,0,11/21/2024 7:24 PM,11/22/2024 9:30 PM,11/22/2024 1:43 PM,65940,1,Returned: EXTENSION CORD 10FT - EXTCORD10-104160 | 
1701771,INDD,@inside.fixture.edu,3,11/21/2024 8:45 PM,12/13/2024 2:30 PM,12/16/2024 8:49 AM,2117040,4,Returned: EPSON PROJECTOR - EPSON PROJ-104161 | SANDISK 64GB SD CARD - SANDISK 64SD-104162 | GODOX LED LIGHT PANEL - GODOX LED-104163 | LAPTOP SLEEVE CASE - LAPTOP SLEEVE-104164 | 
6171716,STDA,@inside.fixture.edu,0,11/21/2024 9:43 PM,11/22/2024 9:30 PM,11/22/2024 2:37 PM,60840,4,Returned: AUDIO-TECHNICA HEADPHONES - AT HEADPHONES-104165 | META QUEST CHARGING CABLE - MQUEST CABLE-104166 | WACOM ONE TABLET - WACOM ONE-104167 | NIKON Z6 III BATTERY CHARGER - NIKON Z6III CHRG-104168 | 
7117837,MDIA,@inside.fixture.edu,0,11/22/2024 9:47 AM,11/22/2024 9:30 PM,11/22/2024 1:24 PM,13020,1,Returned: PANASONIC S5 II BODY - PANA S5II-104169 | 
1669324,MDIA,@inside.fixture.edu,1,11/22/2024 2:51 PM,12/03/2024 9:30 PM,12/03/2024 4:23 PM,955920,22,Returned: MACBOOK AIR CHARGING CABLE - MBA CABLE-104170 | INSTA360 X4 CAMERA - INSTA X4-104171 | HUION DRAWING TABLET - HUION TABLET-104172 | POWER STRIP - PWRSTRIP-104173 | ZOOM H5 RECORDER CASE - ZOOM H5 CASE-104174 | NIKON Z6 III MIRRORLESS BODY - NIKON Z6III-104175 | SANDISK 128GB SD CARD - SANDISK 128SD-104176 | FUJIFILM 18-55mm LENS - FUJI 1855 LENS-104177 | USB-C MULTIPORT HUB - USBC HUB-104178 | FUJIFILM X-T5 BATTERY - FUJI XT5 BATT-104179 | ZOOM H5 RECORDER CASE - ZOOM H5 CASE-104180 | HDMI CABLE 10FT - HDMI10-104181 | USB-C MULTIPORT HUB - USBC HUB-104182 | SANDISK 128GB SD CARD - SANDISK 128SD-104183 | EXTENSION CORD 10FT - EXTCORD10-104184 | GODOX LIGHT STAND - GODOX STAND-104185 | MANFROTTO TRIPOD CASE - MANFRO CASE-104186 | PANASONIC S5 II BATTERY CHARGER - PANA S5II CHRG-104187 | POWER STRIP - PWRSTRIP-104188 | GODOX POWER SUPPLY - GODOX PSU-104189 | INSTA360 X4 BATTERY - INSTA X4 BATT-104190 | MACBOOK AIR M3 CHARGER - MBA M3 CHRG-104191 | 
7003042,,@inside.fixture.edu,1,11/22/2024 2:58 PM,11/27/2024 9:30 PM,11/27/2024 2:07 PM,428940,9,Returned: PANASONIC S5 II BODY - PANA S5II-104192 | GODOX LIGHT STAND - GODOX STAND-104193 | NIKON Z6 III BATTERY CHARGER - NIKON Z6III CHRG-104194 | GODOX LED LIGHT PANEL - GODOX LED-104195 | MANFROTTO TRIPOD CASE - MANFRO CASE-104196 | DELL XPS LAPTOP - DELL XPS-104197 | ZOOM H5 RECORDER - ZOOM H5-104198 | LOGITECH WEBCAM - LOGI WEBCAM-104199 | HDMI CABLE 10FT - HDMI10-104200 | 
4524499,DRAW,@inside.fixture.edu,0,11/22/2024 4:39 PM,11/25/2024 9:30 PM,11/22/2024 8:18 PM,13140,15,Returned: NIKON Z6 III BATTERY CHARGER - NIKON Z6III CHRG-104201 | BENQ DATA PROJECTOR - BENQ PROJ-104202 | META QUEST CONTROLLER - MQUEST CTRL-104203 | PANASONIC S5 II BODY - PANA S5II-104204 | POWER STRIP - PWRSTRIP-104205 | MACBOOK AIR M3 CHARGER - MBA M3 CHRG-104206 | FUJIFILM 18-55mm LENS - FUJI 1855 LENS-104207 | META QUEST HEADSET - MQUEST HS-104208 | EPSON PROJECTOR HDMI CABLE - EPSON PROJ HDMI-104209 | WACOM CINTIQ PEN - WACOM CINTIQ PEN-104210 | RODE MIC BATTERY - RODE MIC BATT-104211 | PANASONIC S5 II BATTERY CHARGER - PANA S5II CHRG-104212 | GODOX POWER SUPPLY - GODOX PSU-104213 | RODE MIC BATTERY - RODE MIC BATT-104214 | EXTENSION CORD 10FT - EXTCORD10-104215 | 
5186414,MDIA,@inside.fixture.edu,1,11/22/2024 5:09 PM,12/02/2024 9:30 PM,12/12/2024 2:48 PM,1719540,7,Returned: RODE MIC BATTERY - RODE MIC BATT-104216 | FUJIFILM X-T5 BATTERY - FUJI XT5 BATT-104217 | BENQ DATA PROJECTOR - BENQ PROJ-104218 | CARD READER - CARDRDR-104219 | XLR CABLE 15FT - XLR15-104220 | SANDISK 128GB SD CARD - SANDISK 128SD-104221 | MACBOOK AIR M3 LAPTOP - MBA M3-104222 | 
2724590,MDIA,@inside.fixture.edu,0,11/22/2024 6:18 PM,11/25/2024 9:30 PM,12/13/2024 2:11 PM,1799580,4,Returned: MACBOOK AIR M3 CHARGER - MBA M3 CHRG-104223 | EQUIPMENT CRATE 12x12 - CRATE12-104224 | OLYMPUS OM-D E-M1 BODY - OLY EM1-104225 | META QUEST CHARGING CABLE - MQUEST CABLE-104226 | 
6933742,,@gmail.com,0,11/22/2024 6:41 PM,11/26/2024 9:30 PM,11/27/2024 2:11 PM,415800,7,Returned: MACBOOK AIR M3 LAPTOP - MBA M3-104227 | XLR CABLE 25FT - XLR25-104228 | OLYMPUS OM-D E-M1 BODY - OLY EM1-104229 | EPSON PROJECTOR HDMI CABLE - EPSON PROJ HDMI-104230 | HUION DRAWING TABLET - HUION TABLET-104231 | INSTA360 X4 BATTERY - INSTA X4 BATT-104232 | SANDISK 64GB SD CARD - SANDISK 64SD-104233 | 
7817881,,@fixture.edu,0,11/23/2024 2:02 PM,11/26/2024 9:30 PM,11/26/2024 1:31 PM,257340,10,Returned: FUJIFILM 18-55mm LENS - FUJI 1855 LENS-104234 | EPSON PROJECTOR - EPSON PROJ-104235 | NIKON Z6 III CAMERA CASE - NIKON Z6III CASE-104236 | OLYMPUS OM-D E-M1 BODY - OLY EM1-104237 | USB KEYBOARD - USB KYBD-104238 | MACBOOK AIR M3 LAPTOP - MBA M3-104239 | PANASONIC S5 II BODY - PANA S5II-104240 | ZOOM H5 RECORDER - ZOOM H5-104241 | EQUIPMENT CRATE 12x12 - CRATE12-104242 | WACOM ONE TABLET - WACOM ONE-104243 | 
3592974,,@fixture.edu,0,12/05/2024 7:55 AM,12/05/2024 1:00 PM,12/05/2024 1:07 PM,18720,42,Returned: POWER STRIP - PWRSTRIP-104244 | GODOX LED LIGHT PANEL - GODOX LED-104245 | WACOM ONE TABLET - WACOM ONE-104246 | PANASONIC S5 II BODY - PANA S5II-104247 | INSTA360 X4 BATTERY - INSTA X4 BATT-104248 | CARD READER - CARDRDR-104249 | FUJIFILM X-T5 BODY - FUJI XT5-104250 | CARD READER - CARDRDR-104251 | MACBOOK AIR M3 CHARGER - MBA M3 CHRG-104252 | INSTA360 X4 CASE - INSTA X4 CASE-104253 | WACOM CINTIQ PEN - WACOM CINTIQ PEN-104254 | USB KEYBOARD - USB KYBD-104255 | MANFROTTO TRIPOD CASE - MANFRO CASE-104256 | BENQ DATA PROJECTOR - BENQ PROJ-104257 | BENQ DATA PROJECTOR - BENQ PROJ-104258 | LEXAR 128GB CF CARD - LEXAR CF128-104259 | ZOOM H5 RECORDER - ZOOM H5-104260 | WACOM CINTIQ TABLET - WACOM CINTIQ-104261 | META QUEST HEADSET - MQUEST HS-104262 | WACOM CINTIQ PEN - WACOM CINTIQ PEN-104263 | OLYMPUS 12-40mm LENS - OLY 1240 LENS-104264 | WACOM CINTIQ TABLET - WACOM CINTIQ-104265 | NIKON Z6 III MIRRORLESS BODY - NIKON Z6III-104266 | INSTA360 X4 BATTERY - INSTA X4 BATT-104267 | NIKON Z6 III BATTERY CHARGER - NIKON Z6III CHRG-104268 | MACBOOK AIR M3 LAPTOP - MBA M3-104269 | EXTENSION CORD 10FT - EXTCORD10-104270 | NIKON Z6 III BATTERY - NIKON Z6III BATT-104271 | USB-C MULTIPORT HUB - USBC HUB-104272 | MACBOOK AIR M3 CHARGER - MBA M3 CHRG-104273 | POWER STRIP - PWRSTRIP-104274 | LOGITECH WIRELESS MOUSE - LOGI MOUSE-104275 | DELL XPS LAPTOP CHARGER - DELL XPS CHRG-104276 | LEXAR 128GB CF CARD - LEXAR CF128-104277 | USB-C TO HDMI ADAPTER - USBC HDMI-104278 | NIKON Z6 III MIRRORLESS BODY - NIKON Z6III-104279 | BENQ DATA PROJECTOR - BENQ PROJ-104280 | INSTA360 X4 CAMERA - INSTA X4-104281 | OLYMPUS OM-D E-M1 BODY - OLY EM1-104282 | RODE WIRELESS MIC - RODE WIRELESS-104283 | GODOX LED LIGHT PANEL - GODOX LED-104284 | FUJIFILM X-T5 BODY - FUJI XT5-104285 | 
4971793,,@inside.fixture.edu,4,11/25/2024 9:13 AM,04/25/2025 6:30 PM,05/27/2025 8:10 AM,15807420,8,Returned: MACBOOK AIR M3 CHARGER - MBA M3 CHRG-104286 | RODE WIRELESS MIC - RODE WIRELESS-104287 | EPSON PROJECTOR - EPSON PROJ-104288 | CARD READER - CARDRDR-104289 | HDMI CABLE 10FT - HDMI10-104290 | NIKON Z6 III BATTERY - NIKON Z6III BATT-104291 | MACBOOK AIR M3 LAPTOP - MBA M3-104292 | EXTENSION CORD 10FT - EXTCORD10-104293 | 
3726327,,@inside.fixture.edu,5,11/25/2024 11:31 AM,03/03/2025 6:30 PM,02/24/2025 1:36 PM,7869900,3,Returned: EQUIPMENT CRATE 12x12 - CRATE12-104294 | AUDIO-TECHNICA HEADPHONES - AT HEADPHONES-104295 | POWER STRIP - PWRSTRIP-104296 | 
3970445,MOTP,@inside.fixture.edu,0,11/25/2024 12:24 PM,11/25/2024 9:30 PM,11/25/2024 3:59 PM,12900,2,Returned: XLR CABLE 15FT - XLR15-104297 | MACBOOK AIR M3 LAPTOP - MBA M3-104298 | 
7917152,ANIM,@inside.fixture.edu,1,11/25/2024 1:10 PM,12/09/2024 9:30 PM,12/09/2024 1:17 PM,1210020,6,Returned: HUION DRAWING TABLET - HUION TABLET-104299 | CARD READER - CARDRDR-104300 | NIKON Z6 III CAMERA CASE - NIKON Z6III CASE-104301 | META QUEST HEADSET - MQUEST HS-104302 | ZOOM H5 RECORDER - ZOOM H5-104303 | NIKON Z6 III BATTERY - NIKON Z6III BATT-104304 | 
1415846,,@fixture.edu,6,11/25/2024 2:39 PM,09/15/2025 6:30 PM,09/15/2025 9:44 AM,25383900,4,Returned: DELL XPS LAPTOP - DELL XPS-104305 | MANFROTTO TRIPOD - MANFRO TRIPOD-104306 | INSTA360 X4 CAMERA - INSTA X4-104307 | USB-C MULTIPORT HUB - USBC HUB-104308 | 
4009172,,@inside.fixture.edu,2,11/25/2024 4:10 PM,12/09/2024 9:30 PM,12/09/2024 8:40 PM,1225800,10,Returned: POWER STRIP - PWRSTRIP-104309 | POWER STRIP - PWRSTRIP-104310 | FUJIFILM X-T5 BODY - FUJI XT5-104311 | EQUIPMENT CRATE 12x12 - CRATE12-104312 | BENQ DATA PROJECTOR - BENQ PROJ-104313 | NIKON Z6 III CAMERA CASE - NIKON Z6III CASE-104314 | META QUEST CHARGING CABLE - MQUEST CABLE-104315 | GODOX POWER SUPPLY - GODOX PSU-104316 | EQUIPMENT CRATE 12x12 - CRATE12-104317 | FUJIFILM 18-55mm LENS - FUJI 1855 LENS-104318 | 
6573147,,@fixture.edu,0,11/26/2024 9:14 AM,11/26/2024 9:30 PM,11/26/2024 6:45 PM,34260,1,Returned: XLR CABLE 15FT - XLR15-104319 | 
7907400,DRAW,@inside.fixture.edu,0,11/26/2024 9:54 AM,12/02/2024 9:30 PM,12/12/2024 2:38 PM,1399440,1,Returned: HUION DRAWING TABLET - HUION TABLET-104320 | 
5163555,VIZD,@inside.fixture.edu,2,11/26/2024 10:29 AM,12/13/2024 2:30 PM,01/06/2025 8:00 AM,3533460,3,Returned: XLR CABLE 15FT - XLR15-104321 | PANASONIC S5 II BODY - PANA S5II-104322 | USB-C TO HDMI ADAPTER - USBC HDMI-104323 | 
5476257,,@inside.fixture.edu,0,11/26/2024 11:02 AM,11/26/2024 9:30 PM,12/13/2024 12:45 PM,1474980,2,Returned: NIKON Z6 III CAMERA CASE - NIKON Z6III CASE-104324 | EPSON PROJECTOR HDMI CABLE - EPSON PROJ HDMI-104325 | 
3670896,,@inside.fixture.edu,0,12/13/2024 9:47 AM,12/13/2024 9:30 PM,12/16/2024 8:47 AM,255600,4,Returned: SANDISK 64GB SD CARD - SANDISK 64SD-104326 | INSTA360 X4 BATTERY - INSTA X4 BATT-104327 | LEXAR 128GB CF CARD - LEXAR CF128-104328 | FUJIFILM 18-55mm LENS - FUJI 1855 LENS-104329 | 
2813543,DGTL,@inside.fixture.edu,0,11/26/2024 11:24 AM,11/26/2024 9:30 PM,11/26/2024 3:45 PM,15660,10,Returned: MACBOOK AIR M3 CHARGER - MBA M3 CHRG-104330 | META QUEST CHARGING CABLE - MQUEST CABLE-104331 | WACOM CINTIQ TABLET - WACOM CINTIQ-104332 | INSTA360 X4 CAMERA - INSTA X4-104333 | SANDISK 64GB SD CARD - SANDISK 64SD-104334 | BENQ DATA PROJECTOR - BENQ PROJ-104335 | SANDISK 128GB SD CARD - SANDISK 128SD-104336 | ZOOM H5 RECORDER CASE - ZOOM H5 CASE-104337 | MANFROTTO TRIPOD - MANFRO TRIPOD-104338 | GODOX POWER SUPPLY - GODOX PSU-104339 | 
7417985,,@inside.fixture.edu,0,11/26/2024 12:08 PM,12/02/2024 9:30 PM,12/02/2024 6:31 PM,541380,21,Returned: MANFROTTO TRIPOD CASE - MANFRO CASE-104340 | NIKON Z6 III CAMERA CASE - NIKON Z6III CASE-104341 | ZOOM H5 RECORDER - ZOOM H5-104342 | MACBOOK AIR M3 CHARGER - MBA M3 CHRG-104343 | LAPTOP SLEEVE CASE - LAPTOP SLEEVE-104344 | FUJIFILM 18-55mm LENS - FUJI 1855 LENS-104345 | EPSON PROJECTOR HDMI CABLE - EPSON PROJ HDMI-104346 | GODOX POWER SUPPLY - GODOX PSU-104347 | USB-C MULTIPORT HUB - USBC HUB-104348 | RODE WIRELESS MIC - RODE WIRELESS-104349 | HUION DRAWING TABLET - HUION TABLET-104350 | POWER STRIP - PWRSTRIP-104351 | META QUEST CHARGING CABLE - MQUEST CABLE-104352 | LOGITECH WEBCAM - LOGI WEBCAM-104353 | META QUEST CHARGING CABLE - MQUEST CABLE-104354 | NIKON Z6 III CAMERA CASE - NIKON Z6III CASE-104355 | META QUEST HEADSET - MQUEST HS-104356 | MACBOOK AIR M3 LAPTOP - MBA M3-104357 | FUJIFILM X-T5 BODY - FUJI XT5-104358 | META QUEST HEADSET - MQUEST HS-104359 | MANFROTTO TRIPOD CASE - MANFRO CASE-104360 | 
1649691,MDIA,@inside.fixture.edu,0,11/26/2024 12:47 PM,11/27/2024 9:30 PM,11/27/2024 9:30 AM,74580,4,Returned: INSTA360 X4 CAMERA - INSTA X4-104361 | FUJIFILM 18-55mm LENS - FUJI 1855 LENS-104362 | MANFROTTO TRIPOD CASE - MANFRO CASE-104363 | EPSON PROJECTOR - EPSON PROJ-104364 | 
8896868,VIZD,@inside.fixture.edu,0,11/26/2024 4:36 PM,11/26/2024 9:30 PM,11/26/2024 9:16 PM,16800,11,Returned: MACBOOK AIR CHARGING CABLE - MBA CABLE-104365 | EQUIPMENT CRATE 12x12 - CRATE12-104366 | LAPTOP SLEEVE CASE - LAPTOP SLEEVE-104367 | HUION DRAWING TABLET - HUION TABLET-104368 | RODE WIRELESS MIC - RODE WIRELESS-104369 | INSTA360 X4 BATTERY - INSTA X4 BATT-104370 | USB-C MULTIPORT HUB - USBC HUB-104371 | OLYMPUS OM-D E-M1 BODY - OLY EM1-104372 | ZOOM H5 RECORDER CASE - ZOOM H5 CASE-104373 | DELL XPS LAPTOP CHARGER - DELL XPS CHRG-104374 | GODOX LED LIGHT PANEL - GODOX LED-104375 | 
4731818,DRAW,@inside.fixture.edu,3,11/26/2024 7:02 PM,12/09/2024 9:30 PM,12/09/2024 4:23 PM,1113660,8,Returned: RODE WIRELESS MIC - RODE WIRELESS-104376 | NIKON Z6 III CAMERA CASE - NIKON Z6III CASE-104377 | CARD READER - CARDRDR-104378 | SANDISK 128GB SD CARD - SANDISK 128SD-104379 | INSTA360 X4 CAMERA - INSTA X4-104380 | GODOX LED LIGHT PANEL - GODOX LED-104381 | AUDIO-TECHNICA HEADPHONES - AT HEADPHONES-104382 | ZOOM H5 RECORDER - ZOOM H5-104383 | 
4348276,MDIA,@inside.fixture.edu,0,11/27/2024 9:30 AM,11/27/2024 9:30 PM,11/27/2024 12:56 PM,12360,3,Returned: GODOX LED LIGHT PANEL - GODOX LED-104384 | RODE MIC BATTERY - RODE MIC BATT-104385 | WACOM CINTIQ PEN - WACOM CINTIQ PEN-104386 | 
8722606,,@fixture.edu,0,11/27/2024 9:38 AM,11/27/2024 9:30 PM,11/27/2024 12:10 PM,9120,14,Returned: EPSON PROJECTOR - EPSON PROJ-104387 | USB KEYBOARD - USB KYBD-104388 | DELL XPS LAPTOP CHARGER - DELL XPS CHRG-104389 | RODE WIRELESS MIC - RODE WIRELESS-104390 | OLYMPUS OM-D E-M1 BODY - OLY EM1-104391 | POWER STRIP - PWRSTRIP-104392 | PANASONIC S5 II BODY - PANA S5II-104393 | MANFROTTO TRIPOD - MANFRO TRIPOD-104394 | MACBOOK AIR M3 CHARGER - MBA M3 CHRG-104395 | INSTA360 X4 BATTERY - INSTA X4 BATT-104396 | EXTENSION CORD 10FT - EXTCORD10-104397 | NIKON Z6 III BATTERY CHARGER - NIKON Z6III CHRG-104398 | ZOOM H5 RECORDER CASE - ZOOM H5 CASE-104399 | MACBOOK AIR M3 LAPTOP - MBA M3-104400 | 
6866294,,@inside.fixture.edu,0,11/27/2024 1:03 PM,11/27/2024 9:30 PM,11/27/2024 4:07 PM,11040,3,Returned: PANASONIC S5 II BODY - PANA S5II-104401 | META QUEST CONTROLLER - MQUEST CTRL-104402 | EPSON PROJECTOR HDMI CABLE - EPSON PROJ HDMI-104403 | 
6120253,,@inside.fixture.edu,0,11/27/2024 1:50 PM,11/27/2024 9:30 PM,11/27/2024 4:03 PM,7980,3,Returned: MANFROTTO TRIPOD CASE - MANFRO CASE-104404 | INSTA360 X4 BATTERY - INSTA X4 BATT-104405 | USB KEYBOARD - USB KYBD-104406 | 
4818418,MDIA,@inside.fixture.edu,0,11/27/2024 2:55 PM,12/02/2024 9:30 PM,12/13/2024 2:11 PM,1379760,2,Returned: EPSON PROJECTOR - EPSON PROJ-104407 | GODOX LIGHT STAND - GODOX STAND-104408 | 
4740036,ANIM,@inside.fixture.edu,1,11/27/2024 3:23 PM,12/02/2024 9:30 PM,04/08/2025 9:37 AM,11384040,14,Returned: OLYMPUS 12-40mm LENS - OLY 1240 LENS-104409 | LEXAR 128GB CF CARD - LEXAR CF128-104410 | NIKON Z6 III BATTERY CHARGER - NIKON Z6III CHRG-104411 | RODE MIC BATTERY - RODE MIC BATT-104412 | FUJIFILM 18-55mm LENS - FUJI 1855 LENS-104413 | MANFROTTO TRIPOD - MANFRO TRIPOD-104414 | PANASONIC S5 II BATTERY CHARGER - PANA S5II CHRG-104415 | USB-C TO HDMI ADAPTER - USBC HDMI-104416 | NIKON Z6 III BATTERY - NIKON Z6III BATT-104417 | RODE MIC BATTERY - RODE MIC BATT-104418 | ZOOM H5 RECORDER - ZOOM H5-104419 | XLR CABLE 15FT - XLR15-104420 | USB-C MULTIPORT HUB - USBC HUB-104421 | OLYMPUS 12-40mm LENS - OLY 1240 LENS-104422 | 
1397023,DRAW,@inside.fixture.edu,0,11/27/2024 7:11 PM,12/02/2024 9:30 PM,12/02/2024 4:46 PM,423300,4,Returned: RODE WIRELESS MIC - RODE WIRELESS-104423 | META QUEST CONTROLLER - MQUEST CTRL-104424 | AUDIO-TECHNICA HEADPHONES - AT HEADPHONES-104425 | MACBOOK AIR CHARGING CABLE - MBA CABLE-104426 | 
4240180,DRAW,@inside.fixture.edu,0,11/27/2024 7:11 PM,12/02/2024 9:30 PM,12/02/2024 4:46 PM,423300,4,Returned: OLYMPUS OM-D E-M1 BODY - OLY EM1-104427 | MACBOOK AIR M3 LAPTOP - MBA M3-104428 | RODE MIC BATTERY - RODE MIC BATT-104429 | NIKON Z6 III MIRRORLESS BODY - NIKON Z6III-104430 | 
7685149,VIZD,@inside.fixture.edu,1,12/02/2024 8:23 AM,12/12/2024 9:30 PM,12/12/2024 1:06 PM,880980,21,Returned: BENQ DATA PROJECTOR - BENQ PROJ-104431 | INSTA360 X4 BATTERY - INSTA X4 BATT-104432 | ZOOM H5 RECORDER - ZOOM H5-104433 | EPSON PROJECTOR - EPSON PROJ-104434 | MACBOOK AIR M3 CHARGER - MBA M3 CHRG-104435 | MANFROTTO TRIPOD CASE - MANFRO CASE-104436 | META QUEST CHARGING CABLE - MQUEST CABLE-104437 | INSTA360 X4 BATTERY - INSTA X4 BATT-104438 | WACOM CINTIQ TABLET - WACOM CINTIQ-104439 | OLYMPUS 12-40mm LENS - OLY 1240 LENS-104440 | WACOM CINTIQ TABLET - WACOM CINTIQ-104441 | META QUEST HEADSET - MQUEST HS-104442 | DELL XPS LAPTOP CHARGER - DELL XPS CHRG-104443 | GODOX POWER SUPPLY - GODOX PSU-104444 | BENQ DATA PROJECTOR - BENQ PROJ-104445 | META QUEST HEADSET - MQUEST HS-104446 | OLYMPUS OM-D E-M1 BODY - OLY EM1-104447 | USB-C TO HDMI ADAPTER - USBC HDMI-104448 | RODE WIRELESS MIC - RODE WIRELESS-104449 | AUDIO-TECHNICA HEADPHONES - AT HEADPHONES-104450 | USB KEYBOARD - USB KYBD-104451 | 
6507321,,@fixture.edu,0,12/02/2024 8:18 AM,12/02/2024 2:00 PM,12/02/2024 2:32 PM,22440,6,Returned: DELL XPS LAPTOP CHARGER - DELL XPS CHRG-104452 | FUJIFILM X-T5 BATTERY - FUJI XT5 BATT-104453 | NIKON Z6 III CAMERA CASE - NIKON Z6III CASE-104454 | GODOX LED LIGHT PANEL - GODOX LED-104455 | WACOM CINTIQ PEN - WACOM CINTIQ PEN-104456 | SANDISK 128GB SD CARD - SANDISK 128SD-104457 | 
5674183,,@inside.fixture.edu,0,12/02/2024 9:46 AM,12/13/2024 2:30 PM,12/09/2024 6:39 PM,636780,2,Returned: META QUEST CHARGING CABLE - MQUEST CABLE-104458 | MANFROTTO TRIPOD CASE - MANFRO CASE-104459 | 
2164686,,@inside.fixture.edu,0,12/02/2024 10:38 AM,12/06/2024 9:30 PM,12/06/2024 9:24 AM,341160,1,Returned: NIKON Z6 III BATTERY - NIKON Z6III BATT-104460 | 
5682940,,@inside.fixture.edu,1,12/02/2024 10:58 AM,12/09/2024 9:30 PM,12/09/2024 9:24 PM,642360,1,Returned: USB-C MULTIPORT HUB - USBC HUB-104461 | 
6891254,,@inside.fixture.edu,1,12/02/2024 12:21 PM,12/10/2024 9:30 PM,12/11/2024 7:08 PM,802020,1,Returned: DELL XPS LAPTOP CHARGER - DELL XPS CHRG-104462 | 
9546409,,@fixture.edu,0,12/02/2024 1:05 PM,12/02/2024 9:30 PM,12/02/2024 1:06 PM,60,1,Returned: GODOX LIGHT STAND - GODOX STAND-104463 | 
7705490,,@fixture.edu,1,12/02/2024 2:06 PM,12/12/2024 9:30 PM,12/02/2024 3:00 PM,3240,17,Returned: FUJIFILM X-T5 BODY - FUJI XT5-104464 | LAPTOP SLEEVE CASE - LAPTOP SLEEVE-104465 | PANASONIC S5 II BATTERY CHARGER - PANA S5II CHRG-104466 | RODE MIC BATTERY - RODE MIC BATT-104467 | WACOM ONE TABLET - WACOM ONE-104468 | META QUEST CHARGING CABLE - MQUEST CABLE-104469 | META QUEST HEADSET - MQUEST HS-104470 | ZOOM H5 RECORDER CASE - ZOOM H5 CASE-104471 | OLYMPUS 12-40mm LENS - OLY 1240 LENS-104472 | USB KEYBOARD - USB KYBD-104473 | XLR CABLE 15FT - XLR15-104474 | XLR CABLE 15FT - XLR15-104475 | MANFROTTO TRIPOD CASE - MANFRO CASE-104476 | ZOOM H5 RECORDER CASE - ZOOM H5 CASE-104477 | INSTA360 X4 BATTERY - INSTA X4 BATT-104478 | EQUIPMENT CRATE 12x12 - CRATE12-104479 | FUJIFILM X-T5 BODY - FUJI XT5-104480 | 
9996207,ANIM,@inside.fixture.edu,1,12/02/2024 4:43 PM,12/04/2024 9:30 PM,12/05/2024 11:37 AM,240840,4,Returned: BENQ DATA PROJECTOR - BENQ PROJ-104481 | DELL XPS LAPTOP CHARGER - DELL XPS CHRG-104482 | INSTA360 X4 CASE - INSTA X4 CASE-104483 | LOGITECH WEBCAM - LOGI WEBCAM-104484 | 
6555772,GNRL,@inside.fixture.edu,1,12/02/2024 5:03 PM,12/13/2024 9:30 PM,12/16/2024 8:47 AM,1179840,4,Returned: MANFROTTO TRIPOD CASE - MANFRO CASE-104485 | LOGITECH WEBCAM - LOGI WEBCAM-104486 | INSTA360 X4 BATTERY - INSTA X4 BATT-104487 | DELL XPS LAPTOP - DELL XPS-104488 | 
1463060,VIZD,@inside.fixture.edu,0,12/02/2024 6:32 PM,12/05/2024 9:30 PM,12/03/2024 3:22 PM,75000,9,Returned: META QUEST HEADSET - MQUEST HS-104489 | OLYMPUS OM-D E-M1 BODY - OLY EM1-104490 | WACOM CINTIQ PEN - WACOM CINTIQ PEN-104491 | FUJIFILM X-T5 BODY - FUJI XT5-104492 | SANDISK 64GB SD CARD - SANDISK 64SD-104493 | MACBOOK AIR M3 CHARGER - MBA M3 CHRG-104494 | CARD READER - CARDRDR-104495 | INSTA360 X4 CASE - INSTA X4 CASE-104496 | NIKON Z6 III CAMERA CASE - NIKON Z6III CASE-104497 | 
2935113,VIZD,@inside.fixture.edu,0,12/02/2024 8:11 PM,12/05/2024 9:30 PM,12/03/2024 3:22 PM,69060,2,Returned: INSTA360 X4 CAMERA - INSTA X4-104498 | HDMI CABLE 10FT - HDMI10-104499 | 
5382463,CRFT,@inside.fixture.edu,1,12/03/2024 10:42 AM,12/13/2024 9:30 PM,12/13/2024 8:05 AM,854580,3,Returned: FUJIFILM X-T5 BODY - FUJI XT5-104500 | AUDIO-TECHNICA HEADPHONES - AT HEADPHONES-104501 | META QUEST CONTROLLER - MQUEST CTRL-104502 | 
3995870,,@fixture.edu,0,12/03/2024 10:51 AM,12/03/2024 9:30 PM,12/03/2024 2:00 PM,11340,1,Returned: AUDIO-TECHNICA HEADPHONES - AT HEADPHONES-104503 | 
5453786,MDIA,@inside.fixture.edu,1,12/03/2024 12:45 PM,12/13/2024 9:30 PM,12/18/2024 3:15 PM,1305000,1,Returned: USB-C TO HDMI ADAPTER - USBC HDMI-104504 | 
1641849,MDIA,@inside.fixture.edu,2,12/03/2024 1:14 PM,12/13/2024 2:30 PM,12/16/2024 8:52 AM,1107480,12,Returned: EPSON PROJECTOR HDMI CABLE - EPSON PROJ HDMI-104505 | HDMI CABLE 10FT - HDMI10-104506 | OLYMPUS OM-D E-M1 BODY - OLY EM1-104507 | PANASONIC S5 II BATTERY CHARGER - PANA S5II CHRG-104508 | XLR CABLE 15FT - XLR15-104509 | USB-C TO HDMI ADAPTER - USBC HDMI-104510 | NIKON Z6 III BATTERY CHARGER - NIKON Z6III CHRG-104511 | LOGITECH WIRELESS MOUSE - LOGI MOUSE-104512 | LOGITECH WIRELESS MOUSE - LOGI MOUSE-104513 | RODE WIRELESS MIC - RODE WIRELESS-104514 | USB-C TO HDMI ADAPTER - USBC HDMI-104515 | MACBOOK AIR M3 LAPTOP - MBA M3-104516 | 
2818692,,@fixture.edu,0,12/03/2024 2:13 PM,12/04/2024 9:30 PM,12/18/2024 8:10 AM,1274220,8,Returned: NIKON Z6 III BATTERY - NIKON Z6III BATT-104517 | NIKON Z6 III MIRRORLESS BODY - NIKON Z6III-104518 | MANFROTTO TRIPOD - MANFRO TRIPOD-104519 | INSTA360 X4 CAMERA - INSTA X4-104520 | LOGITECH WIRELESS MOUSE - LOGI MOUSE-104521 | MACBOOK AIR M3 LAPTOP - MBA M3-104522 | GODOX LED LIGHT PANEL - GODOX LED-104523 | META QUEST HEADSET - MQUEST HS-104524 | 
8290770,,@fixture.edu,0,12/03/2024 2:15 PM,12/03/2024 9:30 PM,12/03/2024 4:41 PM,8760,2,Returned: AUDIO-TECHNICA HEADPHONES - AT HEADPHONES-104525 | MACBOOK AIR CHARGING CABLE - MBA CABLE-104526 | 
6799667,,@inside.fixture.edu,0,12/03/2024 4:07 PM,12/17/2024 9:30 PM,03/04/2025 1:42 PM,7853700,3,Returned: GODOX POWER SUPPLY - GODOX PSU-104527 | LEXAR 128GB CF CARD - LEXAR CF128-104528 | FUJIFILM 18-55mm LENS - FUJI 1855 LENS-104529 | 
6262632,MDIA,@inside.fixture.edu,0,12/03/2024 4:22 PM,12/06/2024 9:30 PM,12/10/2024 1:30 PM,594480,2,Returned: MANFROTTO TRIPOD CASE - MANFRO CASE-104530 | INSTA360 X4 CASE - INSTA X4 CASE-104531 | 
8321474,,@inside.fixture.edu,1,12/03/2024 8:03 PM,12/09/2024 9:30 PM,03/04/2025 11:24 AM,7831260,11,Returned: NIKON Z6 III CAMERA CASE - NIKON Z6III CASE-104532 | HDMI CABLE 10FT - HDMI10-104533 | WACOM CINTIQ TABLET - WACOM CINTIQ-104534 | WACOM CINTIQ TABLET - WACOM CINTIQ-104535 | CARD READER - CARDRDR-104536 | HUION DRAWING TABLET - HUION TABLET-104537 | MACBOOK AIR M3 CHARGER - MBA M3 CHRG-104538 | EPSON PROJECTOR - EPSON PROJ-104539 | FUJIFILM 18-55mm LENS - FUJI 1855 LENS-104540 | LAPTOP SLEEVE CASE - LAPTOP SLEEVE-104541 | WACOM CINTIQ TABLET - WACOM CINTIQ-104542 | 
9580255,STDA,@inside.fixture.edu,0,12/04/2024 9:33 AM,12/04/2024 9:30 PM,12/04/2024 5:53 PM,30000,4,Returned: USB KEYBOARD - USB KYBD-104543 | OLYMPUS 12-40mm LENS - OLY 1240 LENS-104544 | NIKON Z6 III CAMERA CASE - NIKON Z6III CASE-104545 | RODE MIC BATTERY - RODE MIC BATT-104546 | 
2940214,,@inside.fixture.edu,1,12/04/2024 9:58 AM,01/21/2025 6:30 PM,03/04/2025 1:42 PM,7789440,2,Returned: EQUIPMENT CRATE 12x12 - CRATE12-104547 | OLYMPUS OM-D E-M1 BODY - OLY EM1-104548 | 
7462506,,@fixture.edu,0,12/04/2024 10:58 AM,12/04/2024 9:30 PM,12/05/2024 4:25 PM,106020,1,Returned: OLYMPUS 12-40mm LENS - OLY 1240 LENS-104549 | 
4188992,GDES,@inside.fixture.edu,0,12/04/2024 1:55 PM,12/06/2024 9:30 PM,12/09/2024 12:11 PM,425760,1,Returned: MANFROTTO TRIPOD - MANFRO TRIPOD-104550 | 
5273534,,@fixture.edu,0,12/04/2024 2:29 PM,12/04/2024 9:30 PM,12/04/2024 4:58 PM,8940,1,Returned: DELL XPS LAPTOP - DELL XPS-104551 | 
1744682,MDIA,@inside.fixture.edu,1,12/04/2024 3:09 PM,12/10/2024 9:30 PM,12/10/2024 1:57 PM,514080,2,Returned: META QUEST CONTROLLER - MQUEST CTRL-104552 | ZOOM H5 RECORDER CASE - ZOOM H5 CASE-104553 | 
8315831,,@inside.fixture.edu,0,12/09/2024 7:47 AM,12/13/2024 9:30 PM,12/12/2024 8:04 AM,260220,3,Returned: MANFROTTO TRIPOD CASE - MANFRO CASE-104554 | USB-C MULTIPORT HUB - USBC HUB-104555 | META QUEST CHARGING CABLE - MQUEST CABLE-104556 | 
1028374,MOTP,@inside.fixture.edu,0,12/05/2024 8:39 AM,12/05/2024 9:30 PM,12/05/2024 11:46 AM,11220,2,Returned: LAPTOP SLEEVE CASE - LAPTOP SLEEVE-104557 | EXTENSION CORD 10FT - EXTCORD10-104558 | 
9722815,IMAG,@inside.fixture.edu,0,12/05/2024 11:57 AM,12/05/2024 9:30 PM,12/05/2024 3:23 PM,12360,1,Returned: PANASONIC S5 II BATTERY CHARGER - PANA S5II CHRG-104559 | 
4305700,IMAG,@inside.fixture.edu,0,12/05/2024 12:05 PM,12/05/2024 9:30 PM,12/05/2024 3:23 PM,11880,1,Returned: FUJIFILM X-T5 BATTERY - FUJI XT5 BATT-104560 | 
7110622,,@inside.fixture.edu,0,12/05/2024 2:36 PM,12/05/2024 9:30 PM,12/05/2024 4:25 PM,6540,16,Returned: HDMI CABLE 10FT - HDMI10-104561 | USB-C MULTIPORT HUB - USBC HUB-104562 | CARD READER - CARDRDR-104563 | LOGITECH WIRELESS MOUSE - LOGI MOUSE-104564 | GODOX POWER SUPPLY - GODOX PSU-104565 | RODE WIRELESS MIC - RODE WIRELESS-104566 | GODOX POWER SUPPLY - GODOX PSU-104567 | GODOX POWER SUPPLY - GODOX PSU-104568 | FUJIFILM X-T5 BATTERY - FUJI XT5 BATT-104569 | WACOM CINTIQ TABLET - WACOM CINTIQ-104570 | LOGITECH WIRELESS MOUSE - LOGI MOUSE-104571 | NIKON Z6 III MIRRORLESS BODY - NIKON Z6III-104572 | LAPTOP SLEEVE CASE - LAPTOP SLEEVE-104573 | XLR CABLE 15FT - XLR15-104574 | MACBOOK AIR M3 CHARGER - MBA M3 CHRG-104575 | ZOOM H5 RECORDER - ZOOM H5-104576 | 
8235969,VIZD,@inside.fixture.edu,0,12/05/2024 2:42 PM,12/10/2024 9:30 PM,12/16/2024 8:16 AM,927240,7,Returned: META QUEST CONTROLLER - MQUEST CTRL-104577 | FUJIFILM X-T5 BATTERY - FUJI XT5 BATT-104578 | OLYMPUS 12-40mm LENS - OLY 1240 LENS-104579 | SANDISK 128GB SD CARD - SANDISK 128SD-104580 | PANASONIC S5 II BATTERY CHARGER - PANA S5II CHRG-104581 | META QUEST HEADSET - MQUEST HS-104582 | WACOM ONE TABLET - WACOM ONE-104583 | 
2173965,INDD,@inside.fixture.edu,0,12/05/2024 4:25 PM,12/13/2024 2:30 PM,12/10/2024 6:33 PM,439680,5,Returned: LOGITECH WIRELESS MOUSE - LOGI MOUSE-104584 | LAPTOP SLEEVE CASE - LAPTOP SLEEVE-104585 | USB-C MULTIPORT HUB - USBC HUB-104586 | USB-C TO HDMI ADAPTER - USBC HDMI-104587 | HDMI CABLE 10FT - HDMI10-104588 | 
6539837,,@inside.fixture.edu,0,12/05/2024 5:45 PM,12/06/2024 9:30 PM,12/09/2024 8:09 AM,311040,13,Returned: FUJIFILM 18-55mm LENS - FUJI 1855 LENS-104589 | MACBOOK AIR M3 LAPTOP - MBA M3-104590 | FUJIFILM X-T5 BODY - FUJI XT5-104591 | LOGITECH WIRELESS MOUSE - LOGI MOUSE-104592 | META QUEST CONTROLLER - MQUEST CTRL-104593 | MACBOOK AIR M3 CHARGER - MBA M3 CHRG-104594 | RODE MIC BATTERY - RODE MIC BATT-104595 | ZOOM H5 RECORDER CASE - ZOOM H5 CASE-104596 | LOGITECH WEBCAM - LOGI WEBCAM-104597 | EQUIPMENT CRATE 12x12 - CRATE12-104598 | WACOM CINTIQ PEN - WACOM CINTIQ PEN-104599 | HDMI CABLE 10FT - HDMI10-104600 | ZOOM H5 RECORDER - ZOOM H5-104601 | 
6266630,INDD,@inside.fixture.edu,2,12/05/2024 6:02 PM,12/13/2024 9:30 PM,12/16/2024 8:47 AM,917100,2,Returned: EPSON PROJECTOR HDMI CABLE - EPSON PROJ HDMI-104602 | NIKON Z6 III BATTERY - NIKON Z6III BATT-104603 | 
3090865,VIZD,@inside.fixture.edu,1,12/06/2024 11:05 AM,12/12/2024 9:30 PM,12/12/2024 1:04 PM,525540,4,Returned: LOGITECH WEBCAM - LOGI WEBCAM-104604 | SANDISK 128GB SD CARD - SANDISK 128SD-104605 | CARD READER - CARDRDR-104606 | OLYMPUS OM-D E-M1 BODY - OLY EM1-104607 | 
6038571,,@inside.fixture.edu,0,12/06/2024 10:34 AM,12/09/2024 9:30 PM,12/09/2024 12:40 PM,266760,18,Returned: SANDISK 128GB SD CARD - SANDISK 128SD-104608 | FUJIFILM 18-55mm LENS - FUJI 1855 LENS-104609 | OLYMPUS OM-D E-M1 BODY - OLY EM1-104610 | FUJIFILM X-T5 BODY - FUJI XT5-104611 | GODOX POWER SUPPLY - GODOX PSU-104612 | POWER STRIP - PWRSTRIP-104613 | FUJIFILM X-T5 BODY - FUJI XT5-104614 | EXTENSION CORD 10FT - EXTCORD10-104615 | HDMI CABLE 10FT - HDMI10-104616 | NIKON Z6 III BATTERY CHARGER - NIKON Z6III CHRG-104617 | FUJIFILM X-T5 BATTERY - FUJI XT5 BATT-104618 | POWER STRIP - PWRSTRIP-104619 | LAPTOP SLEEVE CASE - LAPTOP SLEEVE-104620 | NIKON Z6 III CAMERA CASE - NIKON Z6III CASE-104621 | FUJIFILM 18-55mm LENS - FUJI 1855 LENS-104622 | LEXAR 128GB CF CARD - LEXAR CF128-104623 | NIKON Z6 III CAMERA CASE - NIKON Z6III CASE-104624 | GODOX LIGHT STAND - GODOX STAND-104625 | 
9508103,,@fixture.edu,0,12/12/2024 7:58 AM,12/17/2024 2:30 PM,12/18/2024 8:14 AM,519360,3,Returned: HDMI CABLE 10FT - HDMI10-104626 | POWER STRIP - PWRSTRIP-104627 | META QUEST CONTROLLER - MQUEST CTRL-104628 | 
6188935,ANIM,@inside.fixture.edu,1,12/06/2024 12:44 PM,12/09/2024 9:30 PM,12/09/2024 7:35 PM,283860,25,Returned: SANDISK 64GB SD CARD - SANDISK 64SD-104629 | META QUEST HEADSET - MQUEST HS-104630 | PANASONIC S5 II BATTERY CHARGER - PANA S5II CHRG-104631 | ZOOM H5 RECORDER CASE - ZOOM H5 CASE-104632 | FUJIFILM X-T5 BODY - FUJI XT5-104633 | USB KEYBOARD - USB KYBD-104634 | META QUEST CHARGING CABLE - MQUEST CABLE-104635 | INSTA360 X4 CAMERA - INSTA X4-104636 | ZOOM H5 RECORDER CASE - ZOOM H5 CASE-104637 | OLYMPUS 12-40mm LENS - OLY 1240 LENS-104638 | MACBOOK AIR CHARGING CABLE - MBA CABLE-104639 | BENQ DATA PROJECTOR - BENQ PROJ-104640 | LEXAR 128GB CF CARD - LEXAR CF128-104641 | WACOM CINTIQ TABLET - WACOM CINTIQ-104642 | FUJIFILM X-T5 BATTERY - FUJI XT5 BATT-104643 | WACOM CINTIQ TABLET - WACOM CINTIQ-104644 | NIKON Z6 III MIRRORLESS BODY - NIKON Z6III-104645 | SANDISK 64GB SD CARD - SANDISK 64SD-104646 | PANASONIC S5 II BATTERY CHARGER - PANA S5II CHRG-104647 | MANFROTTO TRIPOD CASE - MANFRO CASE-104648 | META QUEST HEADSET - MQUEST HS-104649 | USB-C MULTIPORT HUB - USBC HUB-104650 | INSTA360 X4 BATTERY - INSTA X4 BATT-104651 | FUJIFILM X-T5 BATTERY - FUJI XT5 BATT-104652 | SANDISK 64GB SD CARD - SANDISK 64SD-104653 | 
7851696,VIZD,@inside.fixture.edu,0,12/06/2024 12:45 PM,12/09/2024 9:30 PM,12/09/2024 8:20 PM,286500,11,Returned: MACBOOK AIR CHARGING CABLE - MBA CABLE-104654 | EPSON PROJECTOR - EPSON PROJ-104655 | XLR CABLE 15FT - XLR15-104656 | WACOM CINTIQ PEN - WACOM CINTIQ PEN-104657 | DELL XPS LAPTOP CHARGER - DELL XPS CHRG-104658 | INSTA360 X4 CAMERA - INSTA X4-104659 | PANASONIC S5 II BODY - PANA S5II-104660 | ZOOM H5 RECORDER CASE - ZOOM H5 CASE-104661 | XLR CABLE 15FT - XLR15-104662 | SANDISK 64GB SD CARD - SANDISK 64SD-104663 | SANDISK 128GB SD CARD - SANDISK 128SD-104664 | 
6472441,STDA,@inside.fixture.edu,0,12/06/2024 1:51 PM,12/16/2024 11:00 AM,12/16/2024 9:08 AM,847020,17,Returned: FUJIFILM 18-55mm LENS - FUJI 1855 LENS-104665 | INSTA360 X4 CASE - INSTA X4 CASE-104666 | FUJIFILM 18-55mm LENS - FUJI 1855 LENS-104667 | FUJIFILM 18-55mm LENS - FUJI 1855 LENS-104668 | OLYMPUS OM-D E-M1 BODY - OLY EM1-104669 | HDMI CABLE 10FT - HDMI10-104670 | EPSON PROJECTOR - EPSON PROJ-104671 | USB-C TO HDMI ADAPTER - USBC HDMI-104672 | NIKON Z6 III BATTERY CHARGER - NIKON Z6III CHRG-104673 | ZOOM H5 RECORDER - ZOOM H5-104674 | FUJIFILM 18-55mm LENS - FUJI 1855 LENS-104675 | MANFROTTO TRIPOD CASE - MANFRO CASE-104676 | WACOM ONE TABLET - WACOM ONE-104677 | RODE MIC BATTERY - RODE MIC BATT-104678 | INSTA360 X4 BATTERY - INSTA X4 BATT-104679 | DELL XPS LAPTOP CHARGER - DELL XPS CHRG-104680 | USB-C TO HDMI ADAPTER - USBC HDMI-104681 | 
7751158,VIZD,@inside.fixture.edu,0,12/06/2024 2:48 PM,12/06/2024 9:30 PM,12/06/2024 5:49 PM,10860,9,Returned: MANFROTTO TRIPOD CASE - MANFRO CASE-104682 | CARD READER - CARDRDR-104683 | PANASONIC S5 II BATTERY CHARGER - PANA S5II CHRG-104684 | NIKON Z6 III CAMERA CASE - NIKON Z6III CASE-104685 | USB KEYBOARD - USB KYBD-104686 | MACBOOK AIR M3 CHARGER - MBA M3 CHRG-104687 | GODOX POWER SUPPLY - GODOX PSU-104688 | PANASONIC S5 II BODY - PANA S5II-104689 | INSTA360 X4 CASE - INSTA X4 CASE-104690 | 
5960271,ANIM,@inside.fixture.edu,0,12/06/2024 4:36 PM,12/09/2024 9:30 PM,12/09/2024 9:25 PM,276540,10,Returned: MACBOOK AIR CHARGING CABLE - MBA CABLE-104691 | FUJIFILM X-T5 BATTERY - FUJI XT5 BATT-104692 | DELL XPS LAPTOP CHARGER - DELL XPS CHRG-104693 | GODOX LIGHT STAND - GODOX STAND-104694 | FUJIFILM X-T5 BODY - FUJI XT5-104695 | OLYMPUS OM-D E-M1 BODY - OLY EM1-104696 | AUDIO-TECHNICA HEADPHONES - AT HEADPHONES-104697 | WACOM CINTIQ PEN - WACOM CINTIQ PEN-104698 | FUJIFILM X-T5 BATTERY - FUJI XT5 BATT-104699 | META QUEST CONTROLLER - MQUEST CTRL-104700 | 
3135534,MDIA,@inside.fixture.edu,0,12/06/2024 6:20 PM,12/10/2024 9:30 PM,12/10/2024 1:24 PM,327840,1,Returned: INSTA360 X4 BATTERY - INSTA X4 BATT-104701 | 
4218542,SPAC,@inside.fixture.edu,0,12/06/2024 7:42 PM,12/10/2024 9:30 PM,12/16/2024 10:43 AM,831660,8,Returned: NIKON Z6 III CAMERA CASE - NIKON Z6III CASE-104702 | INSTA360 X4 BATTERY - INSTA X4 BATT-104703 | ZOOM H5 RECORDER - ZOOM H5-104704 | WACOM CINTIQ PEN - WACOM CINTIQ PEN-104705 | INSTA360 X4 CASE - INSTA X4 CASE-104706 | FUJIFILM 18-55mm LENS - FUJI 1855 LENS-104707 | USB KEYBOARD - USB KYBD-104708 | EPSON PROJECTOR HDMI CABLE - EPSON PROJ HDMI-104709 | 
8053918,DRAW,@inside.fixture.edu,0,12/07/2024 9:51 AM,12/07/2024 9:30 PM,12/07/2024 2:10 PM,15540,1,Returned: MANFROTTO TRIPOD CASE - MANFRO CASE-104710 | 
7361002,,@inside.fixture.edu,1,12/07/2024 3:42 PM,12/13/2024 2:30 PM,12/13/2024 2:25 PM,513780,5,Returned: EPSON PROJECTOR HDMI CABLE - EPSON PROJ HDMI-104711 | WACOM CINTIQ PEN - WACOM CINTIQ PEN-104712 | MANFROTTO TRIPOD CASE - MANFRO CASE-104713 | POWER STRIP - PWRSTRIP-104714 | GODOX LED LIGHT PANEL - GODOX LED-104715 | 
3919694,MDIA,@inside.fixture.edu,0,12/09/2024 12:19 PM,12/11/2024 9:30 PM,12/11/2024 3:12 PM,183180,4,Returned: AUDIO-TECHNICA HEADPHONES - AT HEADPHONES-104716 | MACBOOK AIR M3 CHARGER - MBA M3 CHRG-104717 | WACOM ONE TABLET - WACOM ONE-104718 | AUDIO-TECHNICA HEADPHONES - AT HEADPHONES-104719 | 
6049101,,@gmail.com,0,12/09/2024 12:58 PM,12/12/2024 9:30 PM,12/17/2024 8:31 AM,675180,8,Returned: MACBOOK AIR M3 CHARGER - MBA M3 CHRG-104720 | MANFROTTO TRIPOD CASE - MANFRO CASE-104721 | EXTENSION CORD 10FT - EXTCORD10-104722 | FUJIFILM X-T5 BATTERY - FUJI XT5 BATT-104723 | LEXAR 128GB CF CARD - LEXAR CF128-104724 | MACBOOK AIR CHARGING CABLE - MBA CABLE-104725 | HUION DRAWING TABLET - HUION TABLET-104726 | OLYMPUS OM-D E-M1 BODY - OLY EM1-104727 | 
7812810,,@inside.fixture.edu,3,12/10/2024 9:48 AM,04/25/2025 6:30 PM,05/27/2025 8:10 AM,14509320,9,Returned: FUJIFILM X-T5 BATTERY - FUJI XT5 BATT-104728 | NIKON Z6 III BATTERY CHARGER - NIKON Z6III CHRG-104729 | NIKON Z6 III CAMERA CASE - NIKON Z6III CASE-104730 | GODOX POWER SUPPLY - GODOX PSU-104731 | INSTA360 X4 BATTERY - INSTA X4 BATT-104732 | XLR CABLE 25FT - XLR25-104733 | GODOX POWER SUPPLY - GODOX PSU-104734 | OLYMPUS 12-40mm LENS - OLY 1240 LENS-104735 | HUION DRAWING TABLET - HUION TABLET-104736 | 
1006810,,@inside.fixture.edu,1,12/09/2024 9:24 PM,12/13/2024 9:30 PM,12/16/2024 8:16 AM,557520,1,Returned: FUJIFILM X-T5 BATTERY - FUJI XT5 BATT-104737 | 
6098175,,@inside.fixture.edu,0,12/10/2024 9:23 AM,12/10/2024 9:30 PM,12/10/2024 2:49 PM,19560,2,Returned: FUJIFILM X-T5 BODY - FUJI XT5-104738 | HDMI CABLE 10FT - HDMI10-104739 | 
5813613,,@fixture.edu,0,12/10/2024 9:44 AM,12/10/2024 9:30 PM,12/10/2024 2:34 PM,17400,1,Returned: EXTENSION CORD 10FT - EXTCORD10-104740 | 
4526280,,@inside.fixture.edu,0,12/10/2024 10:54 AM,12/10/2024 9:30 PM,12/10/2024 1:30 PM,9360,1,Returned: POWER STRIP - PWRSTRIP-104741 | 
8212326,STDA,@inside.fixture.edu,0,12/13/2024 9:47 AM,12/13/2024 9:30 PM,12/16/2024 9:21 AM,257640,19,Returned: SANDISK 64GB SD CARD - SANDISK 64SD-104742 | GODOX LIGHT STAND - GODOX STAND-104743 | MACBOOK AIR M3 CHARGER - MBA M3 CHRG-104744 | MANFROTTO TRIPOD - MANFRO TRIPOD-104745 | ZOOM H5 RECORDER - ZOOM H5-104746 | CARD READER - CARDRDR-104747 | USB-C TO HDMI ADAPTER - USBC HDMI-104748 | INSTA360 X4 CAMERA - INSTA X4-104749 | NIKON Z6 III BATTERY - NIKON Z6III BATT-104750 | DELL XPS LAPTOP - DELL XPS-104751 | META QUEST CONTROLLER - MQUEST CTRL-104752 | XLR CABLE 25FT - XLR25-104753 | RODE MIC BATTERY - RODE MIC BATT-104754 | XLR CABLE 15FT - XLR15-104755 | MACBOOK AIR M3 LAPTOP - MBA M3-104756 | NIKON Z6 III BATTERY - NIKON Z6III BATT-104757 | USB-C TO HDMI ADAPTER - USBC HDMI-104758 | CARD READER - CARDRDR-104759 | RODE WIRELESS MIC - RODE WIRELESS-104760 | 
6406444,,@inside.fixture.edu,1,12/10/2024 2:27 PM,12/12/2024 9:30 PM,12/12/2024 3:29 PM,176520,1,Returned: EPSON PROJECTOR - EPSON PROJ-104761 | 
8801207,STDA,@inside.fixture.edu,0,12/10/2024 2:49 PM,12/13/2024 9:30 PM,12/16/2024 9:20 AM,498660,24,Returned: MACBOOK AIR CHARGING CABLE - MBA CABLE-104762 | OLYMPUS OM-D E-M1 BODY - OLY EM1-104763 | EPSON PROJECTOR HDMI CABLE - EPSON PROJ HDMI-104764 | MACBOOK AIR M3 CHARGER - MBA M3 CHRG-104765 | FUJIFILM 18-55mm LENS - FUJI 1855 LENS-104766 | GODOX POWER SUPPLY - GODOX PSU-104767 | GODOX LIGHT STAND - GODOX STAND-104768 | GODOX POWER SUPPLY - GODOX PSU-104769 | WACOM CINTIQ TABLET - WACOM CINTIQ-104770 | MACBOOK AIR M3 CHARGER - MBA M3 CHRG-104771 | USB KEYBOARD - USB KYBD-104772 | MACBOOK AIR CHARGING CABLE - MBA CABLE-104773 | XLR CABLE 25FT - XLR25-104774 | MACBOOK AIR CHARGING CABLE - MBA CABLE-104775 | INSTA360 X4 BATTERY - INSTA X4 BATT-104776 | WACOM ONE TABLET - WACOM ONE-104777 | ZOOM H5 RECORDER CASE - ZOOM H5 CASE-104778 | INSTA360 X4 BATTERY - INSTA X4 BATT-104779 | RODE MIC BATTERY - RODE MIC BATT-104780 | NIKON Z6 III BATTERY - NIKON Z6III BATT-104781 | NIKON Z6 III BATTERY CHARGER - NIKON Z6III CHRG-104782 | USB KEYBOARD - USB KYBD-104783 | ZOOM H5 RECORDER CASE - ZOOM H5 CASE-104784 | BENQ DATA PROJECTOR - BENQ PROJ-104785 | 
8411939,,@alumni.fixture.edu,0,12/10/2024 8:39 PM,12/10/2024 9:30 PM,12/11/2024 1:34 PM,60900,2,Returned: NIKON Z6 III BATTERY - NIKON Z6III BATT-104786 | META QUEST HEADSET - MQUEST HS-104787 | 
8418210,,@fixture.edu,0,02/03/2025 12:14 PM,02/04/2025 7:00 PM,02/05/2025 8:04 AM,157800,7,Returned: ZOOM H5 RECORDER - ZOOM H5-104788 | FUJIFILM X-T5 BATTERY - FUJI XT5 BATT-104789 | ZOOM H5 RECORDER - ZOOM H5-104790 | ZOOM H5 RECORDER CASE - ZOOM H5 CASE-104791 | ZOOM H5 RECORDER CASE - ZOOM H5 CASE-104792 | GODOX LIGHT STAND - GODOX STAND-104793 | LEXAR 128GB CF CARD - LEXAR CF128-104794 | 
4585314,,@fixture.edu,0,02/10/2025 7:56 AM,02/11/2025 7:00 PM,02/12/2025 8:03 AM,173220,7,Returned: GODOX LED LIGHT PANEL - GODOX LED-104795 | WACOM CINTIQ PEN - WACOM CINTIQ PEN-104796 | META QUEST CONTROLLER - MQUEST CTRL-104797 | NIKON Z6 III CAMERA CASE - NIKON Z6III CASE-104798 | RODE WIRELESS MIC - RODE WIRELESS-104799 | ZOOM H5 RECORDER - ZOOM H5-104800 | NIKON Z6 III BATTERY - NIKON Z6III BATT-104801 | 
9576076,,@fixture.edu,0,02/17/2025 7:52 AM,02/18/2025 7:00 PM,02/19/2025 8:16 AM,174240,7,Returned: RODE MIC BATTERY - RODE MIC BATT-104802 | MACBOOK AIR M3 LAPTOP - MBA M3-104803 | CARD READER - CARDRDR-104804 | WACOM CINTIQ TABLET - WACOM CINTIQ-104805 | META QUEST HEADSET - MQUEST HS-104806 | MANFROTTO TRIPOD - MANFRO TRIPOD-104807 | EPSON PROJECTOR - EPSON PROJ-104808 | 
8938746,,@fixture.edu,0,02/24/2025 7:55 AM,02/25/2025 7:00 PM,02/26/2025 7:49 AM,172440,7,Returned: WACOM CINTIQ PEN - WACOM CINTIQ PEN-104809 | INSTA360 X4 CASE - INSTA X4 CASE-104810 | XLR CABLE 15FT - XLR15-104811 | XLR CABLE 25FT - XLR25-104812 | WACOM CINTIQ TABLET - WACOM CINTIQ-104813 | LOGITECH WEBCAM - LOGI WEBCAM-104814 | FUJIFILM X-T5 BATTERY - FUJI XT5 BATT-104815 | 
3846949,,@fixture.edu,0,03/03/2025 7:59 AM,03/04/2025 7:00 PM,03/04/2025 7:57 AM,86280,7,Returned: GODOX POWER SUPPLY - GODOX PSU-104816 | ZOOM H5 RECORDER - ZOOM H5-104817 | MACBOOK AIR CHARGING CABLE - MBA CABLE-104818 | EXTENSION CORD 10FT - EXTCORD10-104819 | ZOOM H5 RECORDER - ZOOM H5-104820 | WACOM ONE TABLET - WACOM ONE-104821 | ZOOM H5 RECORDER CASE - ZOOM H5 CASE-104822 | 
2422633,,@fixture.edu,0,03/24/2025 8:01 AM,03/25/2025 7:00 PM,03/26/2025 7:54 AM,172380,7,Returned: DELL XPS LAPTOP - DELL XPS-104823 | MACBOOK AIR CHARGING CABLE - MBA CABLE-104824 | USB KEYBOARD - USB KYBD-104825 | POWER STRIP - PWRSTRIP-104826 | USB KEYBOARD - USB KYBD-104827 | USB-C MULTIPORT HUB - USBC HUB-104828 | MANFROTTO TRIPOD CASE - MANFRO CASE-104829 | 
5761145,,@fixture.edu,0,03/10/2025 8:50 AM,03/10/2025 6:00 PM,03/12/2025 7:52 AM,169320,8,Returned: NIKON Z6 III BATTERY CHARGER - NIKON Z6III CHRG-104830 | INSTA360 X4 CASE - INSTA X4 CASE-104831 | AUDIO-TECHNICA HEADPHONES - AT HEADPHONES-104832 | SANDISK 128GB SD CARD - SANDISK 128SD-104833 | BENQ DATA PROJECTOR - BENQ PROJ-104834 | FUJIFILM X-T5 BATTERY - FUJI XT5 BATT-104835 | USB KEYBOARD - USB KYBD-104836 | FUJIFILM X-T5 BATTERY - FUJI XT5 BATT-104837 | 
9647849,,@fixture.edu,0,03/17/2025 8:04 AM,03/18/2025 7:00 PM,03/19/2025 7:53 AM,172140,7,Returned: ZOOM H5 RECORDER - ZOOM H5-104838 | NIKON Z6 III CAMERA CASE - NIKON Z6III CASE-104839 | LOGITECH WEBCAM - LOGI WEBCAM-104840 | MACBOOK AIR M3 CHARGER - MBA M3 CHRG-104841 | SANDISK 64GB SD CARD - SANDISK 64SD-104842 | POWER STRIP - PWRSTRIP-104843 | GODOX LED LIGHT PANEL - GODOX LED-104844 | 
6623525,,@fixture.edu,0,03/31/2025 8:08 AM,04/01/2025 7:00 PM,04/01/2025 7:51 AM,85380,7,Returned: RODE WIRELESS MIC - RODE WIRELESS-104845 | LOGITECH WEBCAM - LOGI WEBCAM-104846 | DELL XPS LAPTOP - DELL XPS-104847 | USB-C MULTIPORT HUB - USBC HUB-104848 | SANDISK 64GB SD CARD - SANDISK 64SD-104849 | AUDIO-TECHNICA HEADPHONES - AT HEADPHONES-104850 | HUION DRAWING TABLET - HUION TABLET-104851 | 
2566777,,@fixture.edu,0,04/07/2025 7:59 AM,04/08/2025 7:00 PM,04/11/2025 8:14 AM,346500,7,Returned: DELL XPS LAPTOP CHARGER - DELL XPS CHRG-104852 | HDMI CABLE 10FT - HDMI10-104853 | PANASONIC S5 II BODY - PANA S5II-104854 | NIKON Z6 III BATTERY - NIKON Z6III BATT-104855 | EPSON PROJECTOR - EPSON PROJ-104856 | CARD READER - CARDRDR-104857 | WACOM CINTIQ TABLET - WACOM CINTIQ-104858 | 
4940441,,@fixture.edu,0,04/14/2025 8:04 AM,04/15/2025 7:00 PM,04/16/2025 7:59 AM,172500,7,Returned: SANDISK 64GB SD CARD - SANDISK 64SD-104859 | INSTA360 X4 CAMERA - INSTA X4-104860 | BENQ DATA PROJECTOR - BENQ PROJ-104861 | MACBOOK AIR M3 LAPTOP - MBA M3-104862 | META QUEST CHARGING CABLE - MQUEST CABLE-104863 | USB-C MULTIPORT HUB - USBC HUB-104864 | WACOM ONE TABLET - WACOM ONE-104865 | 
6207974,,@fixture.edu,0,04/21/2025 8:33 AM,04/22/2025 7:00 PM,04/21/2025 4:07 PM,27240,7,Returned: EXTENSION CORD 10FT - EXTCORD10-104866 | DELL XPS LAPTOP - DELL XPS-104867 | WACOM CINTIQ TABLET - WACOM CINTIQ-104868 | HUION DRAWING TABLET - HUION TABLET-104869 | LAPTOP SLEEVE CASE - LAPTOP SLEEVE-104870 | XLR CABLE 15FT - XLR15-104871 | OLYMPUS 12-40mm LENS - OLY 1240 LENS-104872 | 
4768844,,@fixture.edu,6,12/11/2024 10:38 AM,05/30/2025 6:30 PM,05/27/2025 10:08 AM,14427000,4,Returned: OLYMPUS 12-40mm LENS - OLY 1240 LENS-104873 | GODOX POWER SUPPLY - GODOX PSU-104874 | RODE WIRELESS MIC - RODE WIRELESS-104875 | DELL XPS LAPTOP - DELL XPS-104876 | 
4340845,VIZD,@inside.fixture.edu,1,12/11/2024 12:26 PM,12/12/2024 9:30 PM,12/11/2024 2:35 PM,7740,10,Returned: RODE MIC BATTERY - RODE MIC BATT-104877 | LOGITECH WIRELESS MOUSE - LOGI MOUSE-104878 | NIKON Z6 III CAMERA CASE - NIKON Z6III CASE-104879 | SANDISK 64GB SD CARD - SANDISK 64SD-104880 | AUDIO-TECHNICA HEADPHONES - AT HEADPHONES-104881 | LOGITECH WIRELESS MOUSE - LOGI MOUSE-104882 | GODOX LED LIGHT PANEL - GODOX LED-104883 | MANFROTTO TRIPOD - MANFRO TRIPOD-104884 | WACOM ONE TABLET - WACOM ONE-104885 | AUDIO-TECHNICA HEADPHONES - AT HEADPHONES-104886 | 
3472189,GNRL,@inside.fixture.edu,0,12/11/2024 1:02 PM,12/13/2024 9:30 PM,12/11/2024 7:31 PM,23340,5,Returned: FUJIFILM 18-55mm LENS - FUJI 1855 LENS-104887 | PANASONIC S5 II BATTERY CHARGER - PANA S5II CHRG-104888 | LEXAR 128GB CF CARD - LEXAR CF128-104889 | LOGITECH WIRELESS MOUSE - LOGI MOUSE-104890 | MACBOOK AIR M3 LAPTOP - MBA M3-104891 | 
1409790,INDD,@inside.fixture.edu,0,12/11/2024 1:53 PM,12/13/2024 2:30 PM,12/13/2024 1:25 PM,171120,3,Returned: USB-C TO HDMI ADAPTER - USBC HDMI-104892 | DELL XPS LAPTOP - DELL XPS-104893 | GODOX LED LIGHT PANEL - GODOX LED-104894 | 
1775337,,@inside.fixture.edu,3,12/12/2024 8:25 AM,03/31/2025 6:30 PM,04/23/2025 2:09 PM,11425440,95,Returned: NIKON Z6 III BATTERY CHARGER - NIKON Z6III CHRG-104895 | OLYMPUS 12-40mm LENS - OLY 1240 LENS-104896 | OLYMPUS OM-D E-M1 BODY - OLY EM1-104897 | MANFROTTO TRIPOD - MANFRO TRIPOD-104898 | LOGITECH WEBCAM - LOGI WEBCAM-104899 | GODOX LIGHT STAND - GODOX STAND-104900 | PANASONIC S5 II BODY - PANA S5II-104901 | USB KEYBOARD - USB KYBD-104902 | INSTA360 X4 BATTERY - INSTA X4 BATT-104903 | MACBOOK AIR M3 CHARGER - MBA M3 CHRG-104904 | NIKON Z6 III BATTERY - NIKON Z6III BATT-104905 | CARD READER - CARDRDR-104906 | FUJIFILM X-T5 BODY - FUJI XT5-104907 | WACOM ONE TABLET - WACOM ONE-104908 | CARD READER - CARDRDR-104909 | META QUEST HEADSET - MQUEST HS-104910 | AUDIO-TECHNICA HEADPHONES - AT HEADPHONES-104911 | ZOOM H5 RECORDER CASE - ZOOM H5 CASE-104912 | GODOX LIGHT STAND - GODOX STAND-104913 | FUJIFILM X-T5 BODY - FUJI XT5-104914 | META QUEST CHARGING CABLE - MQUEST CABLE-104915 | EPSON PROJECTOR HDMI CABLE - EPSON PROJ HDMI-104916 | OLYMPUS OM-D E-M1 BODY - OLY EM1-104917 | FUJIFILM 18-55mm LENS - FUJI 1855 LENS-104918 | BENQ DATA PROJECTOR - BENQ PROJ-104919 | META QUEST CHARGING CABLE - MQUEST CABLE-104920 | LAPTOP SLEEVE CASE - LAPTOP SLEEVE-104921 | LOGITECH WIRELESS MOUSE - LOGI MOUSE-104922 | INSTA360 X4 CAMERA - INSTA X4-104923 | META QUEST CHARGING CABLE - MQUEST CABLE-104924 | LEXAR 128GB CF CARD - LEXAR CF128-104925 | EQUIPMENT CRATE 12x12 - CRATE12-104926 | LEXAR 128GB CF CARD - LEXAR CF128-104927 | FUJIFILM 18-55mm LENS - FUJI 1855 LENS-104928 | LOGITECH WEBCAM - LOGI WEBCAM-104929 | ZOOM H5 RECORDER - ZOOM H5-104930 | WACOM CINTIQ PEN - WACOM CINTIQ PEN-104931 | XLR CABLE 25FT - XLR25-104932 | HDMI CABLE 10FT - HDMI10-104933 | SANDISK 128GB SD CARD - SANDISK 128SD-104934 | DELL XPS LAPTOP - DELL XPS-104935 | OLYMPUS OM-D E-M1 BODY - OLY EM1-104936 | PANASONIC S5 II BODY - PANA S5II-104937 | INSTA360 X4 BATTERY - INSTA X4 BATT-104938 | DELL XPS LAPTOP CHARGER - DELL XPS CHRG-104939 | LEXAR 128GB CF CARD - LEXAR CF128-104940 | WACOM CINTIQ PEN - WACOM CINTIQ PEN-104941 | MACBOOK AIR M3 CHARGER - MBA M3 CHRG-104942 | XLR CABLE 15FT - XLR15-104943 | INSTA360 X4 CAMERA - INSTA X4-104944 | RODE MIC BATTERY - RODE MIC BATT-104945 | DELL XPS LAPTOP - DELL XPS-104946 | GODOX POWER SUPPLY - GODOX PSU-104947 | INSTA360 X4 CAMERA - INSTA X4-104948 | EQUIPMENT CRATE 12x12 - CRATE12-104949 | META QUEST CHARGING CABLE - MQUEST CABLE-104950 | ZOOM H5 RECORDER CASE - ZOOM H5 CASE-104951 | EPSON PROJECTOR HDMI CABLE - EPSON PROJ HDMI-104952 | LOGITECH WIRELESS MOUSE - LOGI MOUSE-104953 | NIKON Z6 III BATTERY - NIKON Z6III BATT-104954 | INSTA360 X4 BATTERY - INSTA X4 BATT-104955 | WACOM ONE TABLET - WACOM ONE-104956 | USB KEYBOARD - USB KYBD-104957 | GODOX LIGHT STAND - GODOX STAND-104958 | META QUEST CHARGING CABLE - MQUEST CABLE-104959 | GODOX POWER SUPPLY - GODOX PSU-104960 | POWER STRIP - PWRSTRIP-104961 | LEXAR 128GB CF CARD - LEXAR CF128-104962 | USB-C TO HDMI ADAPTER - USBC HDMI-104963 | RODE MIC BATTERY - RODE MIC BATT-104964 | INSTA360 X4 CAMERA - INSTA X4-104965 | ZOOM H5 RECORDER CASE - ZOOM H5 CASE-104966 | LOGITECH WEBCAM - LOGI WEBCAM-104967 | FUJIFILM 18-55mm LENS - FUJI 1855 LENS-104968 | CARD READER - CARDRDR-104969 | CARD READER - CARDRDR-104970 | XLR CABLE 25FT - XLR25-104971 | META QUEST CONTROLLER - MQUEST CTRL-104972 | XLR CABLE 25FT - XLR25-104973 | INSTA360 X4 BATTERY - INSTA X4 BATT-104974 | MANFROTTO TRIPOD - MANFRO TRIPOD-104975 | FUJIFILM X-T5 BODY - FUJI XT5-104976 | LOGITECH WIRELESS MOUSE - LOGI MOUSE-104977 | SANDISK 128GB SD CARD - SANDISK 128SD-104978 | SANDISK 64GB SD CARD - SANDISK 64SD-104979 | EQUIPMENT CRATE 12x12 - CRATE12-104980 | META QUEST CONTROLLER - MQUEST CTRL-104981 | HUION DRAWING TABLET - HUION TABLET-104982 | EQUIPMENT CRATE 12x12 - CRATE12-104983 | EXTENSION CORD 10FT - EXTCORD10-104984 | AUDIO-TECHNICA HEADPHONES - AT HEADPHONES-104985 | NIKON Z6 III BATTERY - NIKON Z6III BATT-104986 | CARD READER - CARDRDR-104987 | LOGITECH WIRELESS MOUSE - LOGI MOUSE-104988 | META QUEST CHARGING CABLE - MQUEST CABLE-104989 | 
5107776,,@inside.fixture.edu,0,12/11/2024 2:50 PM,12/11/2024 9:30 PM,12/11/2024 6:04 PM,11640,2,Returned: MACBOOK AIR M3 LAPTOP - MBA M3-104990 | AUDIO-TECHNICA HEADPHONES - AT HEADPHONES-104991 | 
8971465,,@fixture.edu,0,12/11/2024 3:05 PM,12/12/2024 9:30 PM,01/06/2025 9:33 AM,2226480,2,Returned: USB KEYBOARD - USB KYBD-104992 | EPSON PROJECTOR HDMI CABLE - EPSON PROJ HDMI-104993 | 
2221854,VIZD,@inside.fixture.edu,0,12/11/2024 4:00 PM,12/12/2024 9:30 PM,12/11/2024 6:54 PM,10440,1,Returned: EQUIPMENT CRATE 12x12 - CRATE12-104994 | 
8640615,,@fixture.edu,0,12/12/2024 7:58 AM,12/12/2024 9:30 PM,12/12/2024 1:18 PM,19200,5,Returned: LOGITECH WIRELESS MOUSE - LOGI MOUSE-104995 | LOGITECH WIRELESS MOUSE - LOGI MOUSE-104996 | EPSON PROJECTOR - EPSON PROJ-104997 | MACBOOK AIR CHARGING CABLE - MBA CABLE-104998 | ZOOM H5 RECORDER CASE - ZOOM H5 CASE-104999 | 
7953166,,@inside.fixture.edu,0,12/11/2024 4:41 PM,12/13/2024 9:30 PM,12/11/2024 7:47 PM,11160,2,Returned: WACOM ONE TABLET - WACOM ONE-105000 | LOGITECH WEBCAM - LOGI WEBCAM-105001 | 
4262081,GNRL,@inside.fixture.edu,1,12/11/2024 5:16 PM,12/12/2024 9:30 PM,12/16/2024 8:16 AM,399600,1,Returned: BENQ DATA PROJECTOR - BENQ PROJ-105002 | 
7442089,,@inside.fixture.edu,1,12/11/2024 7:08 PM,12/13/2024 9:30 PM,12/12/2024 4:41 PM,77580,2,Returned: DELL XPS LAPTOP CHARGER - DELL XPS CHRG-105003 | NIKON Z6 III BATTERY - NIKON Z6III BATT-105004 | 
9294272,,@fixture.edu,0,12/12/2024 9:24 AM,12/12/2024 9:30 PM,12/12/2024 11:51 AM,8820,2,Returned: NIKON Z6 III BATTERY CHARGER - NIKON Z6III CHRG-105005 | GODOX LED LIGHT PANEL - GODOX LED-105006 | 
7705062,,@inside.fixture.edu,0,12/12/2024 11:04 AM,12/13/2024 2:30 PM,12/13/2024 1:45 PM,96060,1,Returned: HUION DRAWING TABLET - HUION TABLET-105007 | 
5093379,STDA,@inside.fixture.edu,0,12/12/2024 1:14 PM,12/12/2024 9:30 PM,12/12/2024 5:26 PM,15120,3,Returned: POWER STRIP - PWRSTRIP-105008 | OLYMPUS OM-D E-M1 BODY - OLY EM1-105009 | AUDIO-TECHNICA HEADPHONES - AT HEADPHONES-105010 | 
3475836,SPAC,@inside.fixture.edu,0,12/12/2024 1:25 PM,12/12/2024 9:30 PM,12/12/2024 5:27 PM,14520,1,Returned: HUION DRAWING TABLET - HUION TABLET-105011 | 
1093026,,@fixture.edu,0,12/12/2024 2:03 PM,12/12/2024 9:30 PM,12/12/2024 5:58 PM,14100,2,Returned: RODE MIC BATTERY - RODE MIC BATT-105012 | FUJIFILM X-T5 BODY - FUJI XT5-105013 | 
2788238,,@inside.fixture.edu,0,12/12/2024 2:18 PM,12/13/2024 9:30 PM,12/12/2024 4:28 PM,7800,1,Returned: OLYMPUS 12-40mm LENS - OLY 1240 LENS-105014 | 
8132769,VIZD,@inside.fixture.edu,0,12/12/2024 3:25 PM,12/12/2024 9:30 PM,12/12/2024 9:28 PM,21780,2,Returned: LAPTOP SLEEVE CASE - LAPTOP SLEEVE-105015 | INSTA360 X4 BATTERY - INSTA X4 BATT-105016 | 
4671545,,@inside.fixture.edu,0,12/12/2024 3:56 PM,12/12/2024 9:30 PM,12/16/2024 8:16 AM,318000,1,Returned: LOGITECH WIRELESS MOUSE - LOGI MOUSE-105017 | 
3950888,STDA,@inside.fixture.edu,0,12/12/2024 6:56 PM,12/14/2024 3:00 PM,12/16/2024 9:03 AM,310020,1,Returned: HDMI CABLE 10FT - HDMI10-105018 | 
9689889,ANIM,@inside.fixture.edu,0,12/13/2024 8:52 AM,12/13/2024 2:30 PM,12/13/2024 1:49 PM,17820,3,Returned: USB KEYBOARD - USB KYBD-105019 | GODOX POWER SUPPLY - GODOX PSU-105020 | POWER STRIP - PWRSTRIP-105021 | 
8793853,GNRL,@inside.fixture.edu,0,12/13/2024 12:59 PM,12/13/2024 9:30 PM,12/16/2024 8:47 AM,244080,2,Returned: RODE MIC BATTERY - RODE MIC BATT-105022 | MACBOOK AIR M3 CHARGER - MBA M3 CHRG-105023 | 
1842524,ANIM,@inside.fixture.edu,0,12/13/2024 2:17 PM,12/13/2024 9:30 PM,12/13/2024 2:30 PM,780,2,Returned: BENQ DATA PROJECTOR - BENQ PROJ-105024 | MANFROTTO TRIPOD - MANFRO TRIPOD-105025 | 
5180853,MDSV,@fixture.edu,0,12/17/2024 8:29 AM,12/18/2024 2:30 PM,06/18/2025 11:48 AM,15823140,8,Returned: GODOX POWER SUPPLY - GODOX PSU-105026 | LOGITECH WIRELESS MOUSE - LOGI MOUSE-105027 | POWER STRIP - PWRSTRIP-105028 | PANASONIC S5 II BATTERY CHARGER - PANA S5II CHRG-105029 | AUDIO-TECHNICA HEADPHONES - AT HEADPHONES-105030 | PANASONIC S5 II BATTERY CHARGER - PANA S5II CHRG-105031 | EQUIPMENT CRATE 12x12 - CRATE12-105032 | META QUEST CHARGING CABLE - MQUEST CABLE-105033 | 
3036059,,@fixture.edu,5,01/02/2025 5:43 PM,03/22/2025 9:30 PM,03/16/2025 1:34 PM,6292260,26,Returned: EQUIPMENT CRATE 12x12 - CRATE12-105034 | SANDISK 128GB SD CARD - SANDISK 128SD-105035 | INSTA360 X4 CAMERA - INSTA X4-105036 | META QUEST CONTROLLER - MQUEST CTRL-105037 | GODOX LED LIGHT PANEL - GODOX LED-105038 | HUION DRAWING TABLET - HUION TABLET-105039 | META QUEST HEADSET - MQUEST HS-105040 | INSTA360 X4 BATTERY - INSTA X4 BATT-105041 | PANASONIC S5 II BATTERY CHARGER - PANA S5II CHRG-105042 | EPSON PROJECTOR - EPSON PROJ-105043 | PANASONIC S5 II BODY - PANA S5II-105044 | AUDIO-TECHNICA HEADPHONES - AT HEADPHONES-105045 | DELL XPS LAPTOP - DELL XPS-105046 | MANFROTTO TRIPOD - MANFRO TRIPOD-105047 | FUJIFILM X-T5 BODY - FUJI XT5-105048 | XLR CABLE 15FT - XLR15-105049 | INSTA360 X4 CAMERA - INSTA X4-105050 | FUJIFILM 18-55mm LENS - FUJI 1855 LENS-105051 | EPSON PROJECTOR HDMI CABLE - EPSON PROJ HDMI-105052 | DELL XPS LAPTOP - DELL XPS-105053 | META QUEST CONTROLLER - MQUEST CTRL-105054 | DELL XPS LAPTOP CHARGER - DELL XPS CHRG-105055 | GODOX POWER SUPPLY - GODOX PSU-105056 | FUJIFILM 18-55mm LENS - FUJI 1855 LENS-105057 | EPSON PROJECTOR HDMI CABLE - EPSON PROJ HDMI-105058 | PANASONIC S5 II BATTERY CHARGER - PANA S5II CHRG-105059 | 
8658158,,@fixture.edu,0,01/07/2025 11:40 AM,01/10/2025 2:30 PM,01/17/2025 11:30 AM,863400,7,Returned: CARD READER - CARDRDR-105060 | POWER STRIP - PWRSTRIP-105061 | MANFROTTO TRIPOD CASE - MANFRO CASE-105062 | MACBOOK AIR CHARGING CABLE - MBA CABLE-105063 | OLYMPUS OM-D E-M1 BODY - OLY EM1-105064 | CARD READER - CARDRDR-105065 | WACOM ONE TABLET - WACOM ONE-105066 | 
3237058,,@fixture.edu,2,01/14/2025 3:13 PM,02/24/2025 9:30 PM,02/23/2025 11:40 AM,3443220,13,Returned: INSTA360 X4 CASE - INSTA X4 CASE-105067 | MANFROTTO TRIPOD CASE - MANFRO CASE-105068 | GODOX POWER SUPPLY - GODOX PSU-105069 | DELL XPS LAPTOP - DELL XPS-105070 | AUDIO-TECHNICA HEADPHONES - AT HEADPHONES-105071 | OLYMPUS 12-40mm LENS - OLY 1240 LENS-105072 | MANFROTTO TRIPOD CASE - MANFRO CASE-105073 | MANFROTTO TRIPOD - MANFRO TRIPOD-105074 | WACOM ONE TABLET - WACOM ONE-105075 | META QUEST HEADSET - MQUEST HS-105076 | XLR CABLE 15FT - XLR15-105077 | GODOX POWER SUPPLY - GODOX PSU-105078 | MACBOOK AIR M3 LAPTOP - MBA M3-105079 | 
8795419,,@fixture.edu,0,01/17/2025 9:41 AM,02/03/2025 6:30 PM,02/03/2025 12:52 PM,1480260,2,Returned: NIKON Z6 III MIRRORLESS BODY - NIKON Z6III-105080 | OLYMPUS OM-D E-M1 BODY - OLY EM1-105081 | 
9910914,,@fixture.edu,0,01/17/2025 11:36 AM,02/03/2025 6:30 PM,02/07/2025 4:01 PM,1830300,18,Returned: RODE MIC BATTERY - RODE MIC BATT-105082 | EPSON PROJECTOR - EPSON PROJ-105083 | GODOX POWER SUPPLY - GODOX PSU-105084 | EPSON PROJECTOR HDMI CABLE - EPSON PROJ HDMI-105085 | EPSON PROJECTOR - EPSON PROJ-105086 | BENQ DATA PROJECTOR - BENQ PROJ-105087 | MANFROTTO TRIPOD - MANFRO TRIPOD-105088 | FUJIFILM X-T5 BATTERY - FUJI XT5 BATT-105089 | NIKON Z6 III CAMERA CASE - NIKON Z6III CASE-105090 | ZOOM H5 RECORDER - ZOOM H5-105091 | SANDISK 128GB SD CARD - SANDISK 128SD-105092 | META QUEST HEADSET - MQUEST HS-105093 | INSTA360 X4 CASE - INSTA X4 CASE-105094 | META QUEST CHARGING CABLE - MQUEST CABLE-105095 | INSTA360 X4 BATTERY - INSTA X4 BATT-105096 | WACOM CINTIQ PEN - WACOM CINTIQ PEN-105097 | HDMI CABLE 10FT - HDMI10-105098 | NIKON Z6 III BATTERY CHARGER - NIKON Z6III CHRG-105099 | 
6323376,,@fixture.edu,0,01/17/2025 11:38 AM,02/03/2025 6:30 PM,02/03/2025 1:46 PM,1476480,8,Returned: LEXAR 128GB CF CARD - LEXAR CF128-105100 | HUION DRAWING TABLET - HUION TABLET-105101 | RODE WIRELESS MIC - RODE WIRELESS-105102 | XLR CABLE 25FT - XLR25-105103 | XLR CABLE 15FT - XLR15-105104 | INSTA360 X4 BATTERY - INSTA X4 BATT-105105 | USB-C TO HDMI ADAPTER - USBC HDMI-105106 | WACOM CINTIQ TABLET - WACOM CINTIQ-105107 | 
8425149,,@fixture.edu,2,01/17/2025 2:34 PM,08/22/2025 6:30 PM,05/27/2025 3:03 PM,11233740,3,Returned: MANFROTTO TRIPOD - MANFRO TRIPOD-105108 | MACBOOK AIR CHARGING CABLE - MBA CABLE-105109 | META QUEST CHARGING CABLE - MQUEST CABLE-105110 | 
9468772,,@fixture.edu,0,02/07/2025 7:46 AM,02/07/2025 6:50 PM,02/07/2025 6:55 PM,40140,50,Returned: EQUIPMENT CRATE 12x12 - CRATE12-105111 | OLYMPUS OM-D E-M1 BODY - OLY EM1-105112 | RODE MIC BATTERY - RODE MIC BATT-105113 | USB-C MULTIPORT HUB - USBC HUB-105114 | OLYMPUS OM-D E-M1 BODY - OLY EM1-105115 | FUJIFILM 18-55mm LENS - FUJI 1855 LENS-105116 | NIKON Z6 III BATTERY CHARGER - NIKON Z6III CHRG-105117 | OLYMPUS OM-D E-M1 BODY - OLY EM1-105118 | CARD READER - CARDRDR-105119 | LOGITECH WIRELESS MOUSE - LOGI MOUSE-105120 | HDMI CABLE 10FT - HDMI10-105121 | META QUEST CONTROLLER - MQUEST CTRL-105122 | MANFROTTO TRIPOD CASE - MANFRO CASE-105123 | EQUIPMENT CRATE 12x12 - CRATE12-105124 | WACOM ONE TABLET - WACOM ONE-105125 | HDMI CABLE 10FT - HDMI10-105126 | MANFROTTO TRIPOD - MANFRO TRIPOD-105127 | RODE MIC BATTERY - RODE MIC BATT-105128 | META QUEST HEADSET - MQUEST HS-105129 | RODE MIC BATTERY - RODE MIC BATT-105130 | INSTA360 X4 CASE - INSTA X4 CASE-105131 | EXTENSION CORD 10FT - EXTCORD10-105132 | OLYMPUS 12-40mm LENS - OLY 1240 LENS-105133 | USB KEYBOARD - USB KYBD-105134 | GODOX LIGHT STAND - GODOX STAND-105135 | POWER STRIP - PWRSTRIP-105136 | NIKON Z6 III BATTERY CHARGER - NIKON Z6III CHRG-105137 | OLYMPUS 12-40mm LENS - OLY 1240 LENS-105138 | SANDISK 128GB SD CARD - SANDISK 128SD-105139 | NIKON Z6 III BATTERY - NIKON Z6III BATT-105140 | MANFROTTO TRIPOD - MANFRO TRIPOD-105141 | EPSON PROJECTOR - EPSON PROJ-105142 | DELL XPS LAPTOP CHARGER - DELL XPS CHRG-105143 | INSTA360 X4 CASE - INSTA X4 CASE-105144 | META QUEST CONTROLLER - MQUEST CTRL-105145 | NIKON Z6 III BATTERY CHARGER - NIKON Z6III CHRG-105146 | ZOOM H5 RECORDER CASE - ZOOM H5 CASE-105147 | EPSON PROJECTOR - EPSON PROJ-105148 | MACBOOK AIR M3 CHARGER - MBA M3 CHRG-105149 | MACBOOK AIR CHARGING CABLE - MBA CABLE-105150 | USB KEYBOARD - USB KYBD-105151 | CARD READER - CARDRDR-105152 | FUJIFILM 18-55mm LENS - FUJI 1855 LENS-105153 | FUJIFILM X-T5 BATTERY - FUJI XT5 BATT-105154 | CARD READER - CARDRDR-105155 | PANASONIC S5 II BODY - PANA S5II-105156 | PANASONIC S5 II BODY - PANA S5II-105157 | MACBOOK AIR CHARGING CABLE - MBA CABLE-105158 | MANFROTTO TRIPOD CASE - MANFRO CASE-105159 | EQUIPMENT CRATE 12x12 - CRATE12-105160 | 
8159521,,@fixture.edu,0,02/14/2025 7:47 AM,02/14/2025 6:50 PM,02/14/2025 7:01 PM,40440,50,Returned: WACOM CINTIQ PEN - WACOM CINTIQ PEN-105161 | WACOM CINTIQ PEN - WACOM CINTIQ PEN-105162 | INSTA360 X4 BATTERY - INSTA X4 BATT-105163 | LAPTOP SLEEVE CASE - LAPTOP SLEEVE-105164 | WACOM CINTIQ TABLET - WACOM CINTIQ-105165 | AUDIO-TECHNICA HEADPHONES - AT HEADPHONES-105166 | FUJIFILM X-T5 BODY - FUJI XT5-105167 | EXTENSION CORD 10FT - EXTCORD10-105168 | GODOX POWER SUPPLY - GODOX PSU-105169 | EQUIPMENT CRATE 12x12 - CRATE12-105170 | NIKON Z6 III BATTERY - NIKON Z6III BATT-105171 | GODOX POWER SUPPLY - GODOX PSU-105172 | GODOX POWER SUPPLY - GODOX PSU-105173 | XLR CABLE 25FT - XLR25-105174 | WACOM CINTIQ PEN - WACOM CINTIQ PEN-105175 | INSTA360 X4 CAMERA - INSTA X4-105176 | USB KEYBOARD - USB KYBD-105177 | OLYMPUS 12-40mm LENS - OLY 1240 LENS-105178 | FUJIFILM X-T5 BODY - FUJI XT5-105179 | LOGITECH WIRELESS MOUSE - LOGI MOUSE-105180 | GODOX LIGHT STAND - GODOX STAND-105181 | DELL XPS LAPTOP CHARGER - DELL XPS CHRG-105182 | INSTA360 X4 CAMERA - INSTA X4-105183 | WACOM CINTIQ PEN - WACOM CINTIQ PEN-105184 | NIKON Z6 III MIRRORLESS BODY - NIKON Z6III-105185 | INSTA360 X4 BATTERY - INSTA X4 BATT-105186 | GODOX LIGHT STAND - GODOX STAND-105187 | INSTA360 X4 CAMERA - INSTA X4-105188 | RODE MIC BATTERY - RODE MIC BATT-105189 | BENQ DATA PROJECTOR - BENQ PROJ-105190 | BENQ DATA PROJECTOR - BENQ PROJ-105191 | INSTA360 X4 CAMERA - INSTA X4-105192 | WACOM CINTIQ TABLET - WACOM CINTIQ-105193 | SANDISK 64GB SD CARD - SANDISK 64SD-105194 | NIKON Z6 III BATTERY CHARGER - NIKON Z6III CHRG-105195 | GODOX LED LIGHT PANEL - GODOX LED-105196 | RODE MIC BATTERY - RODE MIC BATT-105197 | NIKON Z6 III CAMERA CASE - NIKON Z6III CASE-105198 | NIKON Z6 III CAMERA CASE - NIKON Z6III CASE-105199 | INSTA360 X4 CAMERA - INSTA X4-105200 | XLR CABLE 15FT - XLR15-105201 | XLR CABLE 25FT - XLR25-105202 | PANASONIC S5 II BODY - PANA S5II-105203 | INSTA360 X4 BATTERY - INSTA X4 BATT-105204 | CARD READER - CARDRDR-105205 | FUJIFILM X-T5 BODY - FUJI XT5-105206 | USB KEYBOARD - USB KYBD-105207 | OLYMPUS 12-40mm LENS - OLY 1240 LENS-105208 | EXTENSION CORD 10FT - EXTCORD10-105209 | MANFROTTO TRIPOD CASE - MANFRO CASE-105210 | 
8481188,,@fixture.edu,0,02/28/2025 7:48 AM,02/28/2025 6:50 PM,02/28/2025 6:58 PM,40200,50,Returned: HDMI CABLE 10FT - HDMI10-105211 | GODOX LED LIGHT PANEL - GODOX LED-105212 | FUJIFILM 18-55mm LENS - FUJI 1855 LENS-105213 | MACBOOK AIR M3 CHARGER - MBA M3 CHRG-105214 | DELL XPS LAPTOP - DELL XPS-105215 | LOGITECH WEBCAM - LOGI WEBCAM-105216 | RODE MIC BATTERY - RODE MIC BATT-105217 | GODOX POWER SUPPLY - GODOX PSU-105218 | OLYMPUS OM-D E-M1 BODY - OLY EM1-105219 | GODOX LIGHT STAND - GODOX STAND-105220 | LOGITECH WIRELESS MOUSE - LOGI MOUSE-105221 | LAPTOP SLEEVE CASE - LAPTOP SLEEVE-105222 | MACBOOK AIR M3 CHARGER - MBA M3 CHRG-105223 | EQUIPMENT CRATE 12x12 - CRATE12-105224 | MACBOOK AIR M3 CHARGER - MBA M3 CHRG-105225 | USB-C TO HDMI ADAPTER - USBC HDMI-105226 | DELL XPS LAPTOP - DELL XPS-105227 | HDMI CABLE 10FT - HDMI10-105228 | LOGITECH WEBCAM - LOGI WEBCAM-105229 | WACOM ONE TABLET - WACOM ONE-105230 | DELL XPS LAPTOP - DELL XPS-105231 | DELL XPS LAPTOP - DELL XPS-105232 | NIKON Z6 III BATTERY CHARGER - NIKON Z6III CHRG-105233 | ZOOM H5 RECORDER - ZOOM H5-105234 | MACBOOK AIR M3 LAPTOP - MBA M3-105235 | SANDISK 128GB SD CARD - SANDISK 128SD-105236 | GODOX POWER SUPPLY - GODOX PSU-105237 | OLYMPUS 12-40mm LENS - OLY 1240 LENS-105238 | MACBOOK AIR CHARGING CABLE - MBA CABLE-105239 | HUION DRAWING TABLET - HUION TABLET-105240 | LAPTOP SLEEVE CASE - LAPTOP SLEEVE-105241 | MANFROTTO TRIPOD CASE - MANFRO CASE-105242 | DELL XPS LAPTOP CHARGER - DELL XPS CHRG-105243 | META QUEST HEADSET - MQUEST HS-105244 | MACBOOK AIR M3 CHARGER - MBA M3 CHRG-105245 | OLYMPUS 12-40mm LENS - OLY 1240 LENS-105246 | OLYMPUS OM-D E-M1 BODY - OLY EM1-105247 | META QUEST HEADSET - MQUEST HS-105248 | USB KEYBOARD - USB KYBD-105249 | LAPTOP SLEEVE CASE - LAPTOP SLEEVE-105250 | RODE WIRELESS MIC - RODE WIRELESS-105251 | NIKON Z6 III BATTERY CHARGER - NIKON Z6III CHRG-105252 | FUJIFILM X-T5 BODY - FUJI XT5-105253 | NIKON Z6 III BATTERY CHARGER - NIKON Z6III CHRG-105254 | FUJIFILM X-T5 BATTERY - FUJI XT5 BATT-105255 | DELL XPS LAPTOP - DELL XPS-105256 | FUJIFILM X-T5 BATTERY - FUJI XT5 BATT-105257 | GODOX LIGHT STAND - GODOX STAND-105258 | WACOM CINTIQ TABLET - WACOM CINTIQ-105259 | LEXAR 128GB CF CARD - LEXAR CF128-105260 | 
3670226,,@fixture.edu,0,03/07/2025 7:51 AM,03/07/2025 6:50 PM,03/07/2025 6:57 PM,39960,50,Returned: MANFROTTO TRIPOD - MANFRO TRIPOD-105261 | FUJIFILM X-T5 BODY - FUJI XT5-105262 | MACBOOK AIR CHARGING CABLE - MBA CABLE-105263 | FUJIFILM 18-55mm LENS - FUJI 1855 LENS-105264 | GODOX LIGHT STAND - GODOX STAND-105265 | PANASONIC S5 II BODY - PANA S5II-105266 | PANASONIC S5 II BATTERY CHARGER - PANA S5II CHRG-105267 | XLR CABLE 25FT - XLR25-105268 | FUJIFILM X-T5 BODY - FUJI XT5-105269 | EQUIPMENT CRATE 12x12 - CRATE12-105270 | RODE WIRELESS MIC - RODE WIRELESS-105271 | WACOM CINTIQ PEN - WACOM CINTIQ PEN-105272 | MACBOOK AIR M3 LAPTOP - MBA M3-105273 | GODOX LIGHT STAND - GODOX STAND-105274 | HUION DRAWING TABLET - HUION TABLET-105275 | MANFROTTO TRIPOD - MANFRO TRIPOD-105276 | INSTA360 X4 BATTERY - INSTA X4 BATT-105277 | CARD READER - CARDRDR-105278 | PANASONIC S5 II BATTERY CHARGER - PANA S5II CHRG-105279 | PANASONIC S5 II BATTERY CHARGER - PANA S5II CHRG-105280 | HDMI CABLE 10FT - HDMI10-105281 | WACOM ONE TABLET - WACOM ONE-105282 | CARD READER - CARDRDR-105283 | FUJIFILM X-T5 BATTERY - FUJI XT5 BATT-105284 | USB-C MULTIPORT HUB - USBC HUB-105285 | NIKON Z6 III MIRRORLESS BODY - NIKON Z6III-105286 | FUJIFILM 18-55mm LENS - FUJI 1855 LENS-105287 | PANASONIC S5 II BODY - PANA S5II-105288 | MACBOOK AIR M3 CHARGER - MBA M3 CHRG-105289 | EPSON PROJECTOR - EPSON PROJ-105290 | CARD READER - CARDRDR-105291 | INSTA360 X4 BATTERY - INSTA X4 BATT-105292 | WACOM ONE TABLET - WACOM ONE-105293 | MACBOOK AIR M3 CHARGER - MBA M3 CHRG-105294 | HUION DRAWING TABLET - HUION TABLET-105295 | INSTA360 X4 BATTERY - INSTA X4 BATT-105296 | ZOOM H5 RECORDER CASE - ZOOM H5 CASE-105297 | GODOX POWER SUPPLY - GODOX PSU-105298 | GODOX POWER SUPPLY - GODOX PSU-105299 | XLR CABLE 25FT - XLR25-105300 | RODE WIRELESS MIC - RODE WIRELESS-105301 | FUJIFILM 18-55mm LENS - FUJI 1855 LENS-105302 | NIKON Z6 III MIRRORLESS BODY - NIKON Z6III-105303 | FUJIFILM 18-55mm LENS - FUJI 1855 LENS-105304 | NIKON Z6 III MIRRORLESS BODY - NIKON Z6III-105305 | INSTA360 X4 BATTERY - INSTA X4 BATT-105306 | CARD READER - CARDRDR-105307 | SANDISK 64GB SD CARD - SANDISK 64SD-105308 | GODOX LED LIGHT PANEL - GODOX LED-105309 | GODOX LED LIGHT PANEL - GODOX LED-105310 | 
8963715,,@fixture.edu,0,03/14/2025 7:49 AM,03/14/2025 6:50 PM,03/14/2025 7:03 PM,40440,50,Returned: DELL XPS LAPTOP - DELL XPS-105311 | HUION DRAWING TABLET - HUION TABLET-105312 | POWER STRIP - PWRSTRIP-105313 | PANASONIC S5 II BATTERY CHARGER - PANA S5II CHRG-105314 | RODE WIRELESS MIC - RODE WIRELESS-105315 | MACBOOK AIR M3 LAPTOP - MBA M3-105316 | MACBOOK AIR M3 CHARGER - MBA M3 CHRG-105317 | NIKON Z6 III BATTERY - NIKON Z6III BATT-105318 | PANASONIC S5 II BODY - PANA S5II-105319 | OLYMPUS 12-40mm LENS - OLY 1240 LENS-105320 | EPSON PROJECTOR - EPSON PROJ-105321 | INSTA360 X4 BATTERY - INSTA X4 BATT-105322 | MACBOOK AIR M3 LAPTOP - MBA M3-105323 | CARD READER - CARDRDR-105324 | WACOM CINTIQ PEN - WACOM CINTIQ PEN-105325 | SANDISK 64GB SD CARD - SANDISK 64SD-105326 | WACOM CINTIQ TABLET - WACOM CINTIQ-105327 | LOGITECH WIRELESS MOUSE - LOGI MOUSE-105328 | NIKON Z6 III BATTERY CHARGER - NIKON Z6III CHRG-105329 | NIKON Z6 III MIRRORLESS BODY - NIKON Z6III-105330 | HUION DRAWING TABLET - HUION TABLET-105331 | EPSON PROJECTOR HDMI CABLE - EPSON PROJ HDMI-105332 | INSTA360 X4 BATTERY - INSTA X4 BATT-105333 | USB KEYBOARD - USB KYBD-105334 | BENQ DATA PROJECTOR - BENQ PROJ-105335 | WACOM CINTIQ PEN - WACOM CINTIQ PEN-105336 | USB-C TO HDMI ADAPTER - USBC HDMI-105337 | MANFROTTO TRIPOD CASE - MANFRO CASE-105338 | MACBOOK AIR M3 CHARGER - MBA M3 CHRG-105339 | MACBOOK AIR M3 CHARGER - MBA M3 CHRG-105340 | WACOM CINTIQ PEN - WACOM CINTIQ PEN-105341 | WACOM ONE TABLET - WACOM ONE-105342 | GODOX POWER SUPPLY - GODOX PSU-105343 | LOGITECH WEBCAM - LOGI WEBCAM-105344 | MACBOOK AIR M3 CHARGER - MBA M3 CHRG-105345 | EPSON PROJECTOR HDMI CABLE - EPSON PROJ HDMI-105346 | USB-C MULTIPORT HUB - USBC HUB-105347 | DELL XPS LAPTOP - DELL XPS-105348 | RODE MIC BATTERY - RODE MIC BATT-105349 | NIKON Z6 III CAMERA CASE - NIKON Z6III CASE-105350 | META QUEST HEADSET - MQUEST HS-105351 | AUDIO-TECHNICA HEADPHONES - AT HEADPHONES-105352 | MACBOOK AIR M3 CHARGER - MBA M3 CHRG-105353 | MACBOOK AIR CHARGING CABLE - MBA CABLE-105354 | META QUEST CHARGING CABLE - MQUEST CABLE-105355 | ZOOM H5 RECORDER CASE - ZOOM H5 CASE-105356 | EPSON PROJECTOR - EPSON PROJ-105357 | NIKON Z6 III BATTERY - NIKON Z6III BATT-105358 | MANFROTTO TRIPOD CASE - MANFRO CASE-105359 | PANASONIC S5 II BATTERY CHARGER - PANA S5II CHRG-105360 | 
8550917,,@fixture.edu,0,03/21/2025 7:53 AM,03/21/2025 6:50 PM,03/21/2025 6:57 PM,39840,50,Returned: ZOOM H5 RECORDER - ZOOM H5-105361 | SANDISK 128GB SD CARD - SANDISK 128SD-105362 | SANDISK 128GB SD CARD - SANDISK 128SD-105363 | META QUEST HEADSET - MQUEST HS-105364 | ZOOM H5 RECORDER - ZOOM H5-105365 | WACOM ONE TABLET - WACOM ONE-105366 | USB KEYBOARD - USB KYBD-105367 | GODOX LIGHT STAND - GODOX STAND-105368 | OLYMPUS OM-D E-M1 BODY - OLY EM1-105369 | RODE WIRELESS MIC - RODE WIRELESS-105370 | EPSON PROJECTOR HDMI CABLE - EPSON PROJ HDMI-105371 | INSTA360 X4 CAMERA - INSTA X4-105372 | LOGITECH WIRELESS MOUSE - LOGI MOUSE-105373 | GODOX POWER SUPPLY - GODOX PSU-105374 | BENQ DATA PROJECTOR - BENQ PROJ-105375 | POWER STRIP - PWRSTRIP-105376 | POWER STRIP - PWRSTRIP-105377 | USB KEYBOARD - USB KYBD-105378 | HUION DRAWING TABLET - HUION TABLET-105379 | MANFROTTO TRIPOD CASE - MANFRO CASE-105380 | HDMI CABLE 10FT - HDMI10-105381 | GODOX LIGHT STAND - GODOX STAND-105382 | OLYMPUS OM-D E-M1 BODY - OLY EM1-105383 | PANASONIC S5 II BATTERY CHARGER - PANA S5II CHRG-105384 | WACOM ONE TABLET - WACOM ONE-105385 | FUJIFILM X-T5 BATTERY - FUJI XT5 BATT-105386 | AUDIO-TECHNICA HEADPHONES - AT HEADPHONES-105387 | INSTA360 X4 CASE - INSTA X4 CASE-105388 | RODE WIRELESS MIC - RODE WIRELESS-105389 | SANDISK 64GB SD CARD - SANDISK 64SD-105390 | NIKON Z6 III BATTERY CHARGER - NIKON Z6III CHRG-105391 | NIKON Z6 III MIRRORLESS BODY - NIKON Z6III-105392 | EQUIPMENT CRATE 12x12 - CRATE12-105393 | ZOOM H5 RECORDER CASE - ZOOM H5 CASE-105394 | OLYMPUS 12-40mm LENS - OLY 1240 LENS-105395 | LOGITECH WIRELESS MOUSE - LOGI MOUSE-105396 | META QUEST HEADSET - MQUEST HS-105397 | NIKON Z6 III BATTERY - NIKON Z6III BATT-105398 | NIKON Z6 III CAMERA CASE - NIKON Z6III CASE-105399 | DELL XPS LAPTOP - DELL XPS-105400 | WACOM ONE TABLET - WACOM ONE-105401 | FUJIFILM 18-55mm LENS - FUJI 1855 LENS-105402 | SANDISK 128GB SD CARD - SANDISK 128SD-105403 | MANFROTTO TRIPOD - MANFRO TRIPOD-105404 | ZOOM H5 RECORDER - ZOOM H5-105405 | ZOOM H5 RECORDER CASE - ZOOM H5 CASE-105406 | NIKON Z6 III BATTERY CHARGER - NIKON Z6III CHRG-105407 | EQUIPMENT CRATE 12x12 - CRATE12-105408 | MANFROTTO TRIPOD - MANFRO TRIPOD-105409 | OLYMPUS 12-40mm LENS - OLY 1240 LENS-105410 | 
5348512,,@fixture.edu,0,03/28/2025 7:51 AM,03/28/2025 6:50 PM,03/28/2025 7:23 PM,41520,50,Returned: GODOX POWER SUPPLY - GODOX PSU-105411 | LAPTOP SLEEVE CASE - LAPTOP SLEEVE-105412 | GODOX LIGHT STAND - GODOX STAND-105413 | EPSON PROJECTOR - EPSON PROJ-105414 | META QUEST CONTROLLER - MQUEST CTRL-105415 | DELL XPS LAPTOP CHARGER - DELL XPS CHRG-105416 | MACBOOK AIR M3 LAPTOP - MBA M3-105417 | USB KEYBOARD - USB KYBD-105418 | FUJIFILM 18-55mm LENS - FUJI 1855 LENS-105419 | FUJIFILM X-T5 BATTERY - FUJI XT5 BATT-105420 | WACOM ONE TABLET - WACOM ONE-105421 | POWER STRIP - PWRSTRIP-105422 | INSTA360 X4 CAMERA - INSTA X4-105423 | LOGITECH WIRELESS MOUSE - LOGI MOUSE-105424 | NIKON Z6 III BATTERY CHARGER - NIKON Z6III CHRG-105425 | FUJIFILM X-T5 BATTERY - FUJI XT5 BATT-105426 | HUION DRAWING TABLET - HUION TABLET-105427 | CARD READER - CARDRDR-105428 | META QUEST CONTROLLER - MQUEST CTRL-105429 | OLYMPUS 12-40mm LENS - OLY 1240 LENS-105430 | RODE WIRELESS MIC - RODE WIRELESS-105431 | DELL XPS LAPTOP CHARGER - DELL XPS CHRG-105432 | MACBOOK AIR CHARGING CABLE - MBA CABLE-105433 | BENQ DATA PROJECTOR - BENQ PROJ-105434 | FUJIFILM X-T5 BATTERY - FUJI XT5 BATT-105435 | GODOX LED LIGHT PANEL - GODOX LED-105436 | ZOOM H5 RECORDER - ZOOM H5-105437 | OLYMPUS OM-D E-M1 BODY - OLY EM1-105438 | USB KEYBOARD - USB KYBD-105439 | DELL XPS LAPTOP CHARGER - DELL XPS CHRG-105440 | AUDIO-TECHNICA HEADPHONES - AT HEADPHONES-105441 | EXTENSION CORD 10FT - EXTCORD10-105442 | LEXAR 128GB CF CARD - LEXAR CF128-105443 | LOGITECH WEBCAM - LOGI WEBCAM-105444 | ZOOM H5 RECORDER - ZOOM H5-105445 | MACBOOK AIR CHARGING CABLE - MBA CABLE-105446 | FUJIFILM X-T5 BODY - FUJI XT5-105447 | XLR CABLE 15FT - XLR15-105448 | HDMI CABLE 10FT - HDMI10-105449 | ZOOM H5 RECORDER CASE - ZOOM H5 CASE-105450 | GODOX LIGHT STAND - GODOX STAND-105451 | OLYMPUS 12-40mm LENS - OLY 1240 LENS-105452 | HDMI CABLE 10FT - HDMI10-105453 | DELL XPS LAPTOP - DELL XPS-105454 | SANDISK 128GB SD CARD - SANDISK 128SD-105455 | LOGITECH WEBCAM - LOGI WEBCAM-105456 | AUDIO-TECHNICA HEADPHONES - AT HEADPHONES-105457 | AUDIO-TECHNICA HEADPHONES - AT HEADPHONES-105458 | MACBOOK AIR M3 LAPTOP - MBA M3-105459 | USB KEYBOARD - USB KYBD-105460 | 
5147994,,@fixture.edu,0,04/04/2025 7:49 AM,04/04/2025 6:50 PM,04/04/2025 6:56 PM,40020,50,Returned: POWER STRIP - PWRSTRIP-105461 | ZOOM H5 RECORDER CASE - ZOOM H5 CASE-105462 | NIKON Z6 III BATTERY - NIKON Z6III BATT-105463 | OLYMPUS 12-40mm LENS - OLY 1240 LENS-105464 | NIKON Z6 III MIRRORLESS BODY - NIKON Z6III-105465 | LOGITECH WEBCAM - LOGI WEBCAM-105466 | META QUEST CHARGING CABLE - MQUEST CABLE-105467 | FUJIFILM X-T5 BODY - FUJI XT5-105468 | RODE MIC BATTERY - RODE MIC BATT-105469 | INSTA360 X4 CASE - INSTA X4 CASE-105470 | PANASONIC S5 II BODY - PANA S5II-105471 | NIKON Z6 III CAMERA CASE - NIKON Z6III CASE-105472 | HDMI CABLE 10FT - HDMI10-105473 | GODOX LIGHT STAND - GODOX STAND-105474 | GODOX LED LIGHT PANEL - GODOX LED-105475 | META QUEST HEADSET - MQUEST HS-105476 | NIKON Z6 III CAMERA CASE - NIKON Z6III CASE-105477 | HUION DRAWING TABLET - HUION TABLET-105478 | EPSON PROJECTOR HDMI CABLE - EPSON PROJ HDMI-105479 | GODOX LIGHT STAND - GODOX STAND-105480 | LAPTOP SLEEVE CASE - LAPTOP SLEEVE-105481 | RODE WIRELESS MIC - RODE WIRELESS-105482 | AUDIO-TECHNICA HEADPHONES - AT HEADPHONES-105483 | GODOX POWER SUPPLY - GODOX PSU-105484 | USB-C TO HDMI ADAPTER - USBC HDMI-105485 | RODE WIRELESS MIC - RODE WIRELESS-105486 | BENQ DATA PROJECTOR - BENQ PROJ-105487 | META QUEST CONTROLLER - MQUEST CTRL-105488 | NIKON Z6 III MIRRORLESS BODY - NIKON Z6III-105489 | MANFROTTO TRIPOD CASE - MANFRO CASE-105490 | USB-C MULTIPORT HUB - USBC HUB-105491 | META QUEST CONTROLLER - MQUEST CTRL-105492 | EPSON PROJECTOR - EPSON PROJ-105493 | DELL XPS LAPTOP CHARGER - DELL XPS CHRG-105494 | SANDISK 64GB SD CARD - SANDISK 64SD-105495 | USB-C MULTIPORT HUB - USBC HUB-105496 | POWER STRIP - PWRSTRIP-105497 | GODOX LED LIGHT PANEL - GODOX LED-105498 | EPSON PROJECTOR - EPSON PROJ-105499 | EQUIPMENT CRATE 12x12 - CRATE12-105500 | EXTENSION CORD 10FT - EXTCORD10-105501 | AUDIO-TECHNICA HEADPHONES - AT HEADPHONES-105502 | PANASONIC S5 II BATTERY CHARGER - PANA S5II CHRG-105503 | RODE WIRELESS MIC - RODE WIRELESS-105504 | NIKON Z6 III BATTERY CHARGER - NIKON Z6III CHRG-105505 | ZOOM H5 RECORDER - ZOOM H5-105506 | EPSON PROJECTOR HDMI CABLE - EPSON PROJ HDMI-105507 | BENQ DATA PROJECTOR - BENQ PROJ-105508 | FUJIFILM 18-55mm LENS - FUJI 1855 LENS-105509 | INSTA360 X4 CASE - INSTA X4 CASE-105510 | 
5652512,,@fixture.edu,0,04/11/2025 7:50 AM,04/11/2025 6:50 PM,04/11/2025 7:04 PM,40440,50,Returned: MANFROTTO TRIPOD CASE - MANFRO CASE-105511 | FUJIFILM X-T5 BATTERY - FUJI XT5 BATT-105512 | USB-C TO HDMI ADAPTER - USBC HDMI-105513 | LAPTOP SLEEVE CASE - LAPTOP SLEEVE-105514 | HDMI CABLE 10FT - HDMI10-105515 | OLYMPUS 12-40mm LENS - OLY 1240 LENS-105516 | NIKON Z6 III BATTERY - NIKON Z6III BATT-105517 | POWER STRIP - PWRSTRIP-105518 | WACOM CINTIQ PEN - WACOM CINTIQ PEN-105519 | LEXAR 128GB CF CARD - LEXAR CF128-105520 | EXTENSION CORD 10FT - EXTCORD10-105521 | EPSON PROJECTOR HDMI CABLE - EPSON PROJ HDMI-105522 | INSTA360 X4 CASE - INSTA X4 CASE-105523 | FUJIFILM 18-55mm LENS - FUJI 1855 LENS-105524 | NIKON Z6 III CAMERA CASE - NIKON Z6III CASE-105525 | XLR CABLE 15FT - XLR15-105526 | HUION DRAWING TABLET - HUION TABLET-105527 | ZOOM H5 RECORDER CASE - ZOOM H5 CASE-105528 | NIKON Z6 III BATTERY CHARGER - NIKON Z6III CHRG-105529 | GODOX LED LIGHT PANEL - GODOX LED-105530 | FUJIFILM 18-55mm LENS - FUJI 1855 LENS-105531 | RODE WIRELESS MIC - RODE WIRELESS-105532 | BENQ DATA PROJECTOR - BENQ PROJ-105533 | DELL XPS LAPTOP CHARGER - DELL XPS CHRG-105534 | INSTA360 X4 CASE - INSTA X4 CASE-105535 | LOGITECH WEBCAM - LOGI WEBCAM-105536 | INSTA360 X4 CASE - INSTA X4 CASE-105537 | WACOM CINTIQ TABLET - WACOM CINTIQ-105538 | META QUEST HEADSET - MQUEST HS-105539 | HUION DRAWING TABLET - HUION TABLET-105540 | USB-C MULTIPORT HUB - USBC HUB-105541 | WACOM CINTIQ PEN - WACOM CINTIQ PEN-105542 | ZOOM H5 RECORDER CASE - ZOOM H5 CASE-105543 | MANFROTTO TRIPOD CASE - MANFRO CASE-105544 | POWER STRIP - PWRSTRIP-105545 | EPSON PROJECTOR HDMI CABLE - EPSON PROJ HDMI-105546 | GODOX LIGHT STAND - GODOX STAND-105547 | EPSON PROJECTOR HDMI CABLE - EPSON PROJ HDMI-105548 | LAPTOP SLEEVE CASE - LAPTOP SLEEVE-105549 | LEXAR 128GB CF CARD - LEXAR CF128-105550 | ZOOM H5 RECORDER - ZOOM H5-105551 | WACOM CINTIQ PEN - WACOM CINTIQ PEN-105552 | LOGITECH WIRELESS MOUSE - LOGI MOUSE-105553 | ZOOM H5 RECORDER CASE - ZOOM H5 CASE-105554 | FUJIFILM X-T5 BATTERY - FUJI XT5 BATT-105555 | EPSON PROJECTOR HDMI CABLE - EPSON PROJ HDMI-105556 | LOGITECH WIRELESS MOUSE - LOGI MOUSE-105557 | FUJIFILM X-T5 BODY - FUJI XT5-105558 | NIKON Z6 III CAMERA CASE - NIKON Z6III CASE-105559 | EQUIPMENT CRATE 12x12 - CRATE12-105560 | 
9745959,,@fixture.edu,0,04/18/2025 7:50 AM,04/18/2025 6:50 PM,04/18/2025 7:09 PM,40740,50,Returned: MACBOOK AIR M3 CHARGER - MBA M3 CHRG-105561 | DELL XPS LAPTOP CHARGER - DELL XPS CHRG-105562 | XLR CABLE 15FT - XLR15-105563 | LAPTOP SLEEVE CASE - LAPTOP SLEEVE-105564 | WACOM CINTIQ PEN - WACOM CINTIQ PEN-105565 | LAPTOP SLEEVE CASE - LAPTOP SLEEVE-105566 | XLR CABLE 25FT - XLR25-105567 | MANFROTTO TRIPOD - MANFRO TRIPOD-105568 | MACBOOK AIR CHARGING CABLE - MBA CABLE-105569 | DELL XPS LAPTOP - DELL XPS-105570 | DELL XPS LAPTOP CHARGER - DELL XPS CHRG-105571 | META QUEST CHARGING CABLE - MQUEST CABLE-105572 | MACBOOK AIR M3 CHARGER - MBA M3 CHRG-105573 | INSTA360 X4 BATTERY - INSTA X4 BATT-105574 | LOGITECH WIRELESS MOUSE - LOGI MOUSE-105575 | OLYMPUS OM-D E-M1 BODY - OLY EM1-105576 | FUJIFILM 18-55mm LENS - FUJI 1855 LENS-105577 | EPSON PROJECTOR HDMI CABLE - EPSON PROJ HDMI-105578 | OLYMPUS OM-D E-M1 BODY - OLY EM1-105579 | EPSON PROJECTOR - EPSON PROJ-105580 | CARD READER - CARDRDR-105581 | FUJIFILM 18-55mm LENS - FUJI 1855 LENS-105582 | SANDISK 64GB SD CARD - SANDISK 64SD-105583 | MACBOOK AIR M3 CHARGER - MBA M3 CHRG-105584 | HDMI CABLE 10FT - HDMI10-105585 | META QUEST CHARGING CABLE - MQUEST CABLE-105586 | XLR CABLE 15FT - XLR15-105587 | INSTA360 X4 CAMERA - INSTA X4-105588 | WACOM ONE TABLET - WACOM ONE-105589 | AUDIO-TECHNICA HEADPHONES - AT HEADPHONES-105590 | FUJIFILM 18-55mm LENS - FUJI 1855 LENS-105591 | WACOM CINTIQ TABLET - WACOM CINTIQ-105592 | NIKON Z6 III BATTERY CHARGER - NIKON Z6III CHRG-105593 | OLYMPUS 12-40mm LENS - OLY 1240 LENS-105594 | XLR CABLE 15FT - XLR15-105595 | INSTA360 X4 CASE - INSTA X4 CASE-105596 | RODE WIRELESS MIC - RODE WIRELESS-105597 | MACBOOK AIR M3 CHARGER - MBA M3 CHRG-105598 | POWER STRIP - PWRSTRIP-105599 | OLYMPUS OM-D E-M1 BODY - OLY EM1-105600 | WACOM CINTIQ PEN - WACOM CINTIQ PEN-105601 | NIKON Z6 III BATTERY CHARGER - NIKON Z6III CHRG-105602 | META QUEST HEADSET - MQUEST HS-105603 | EQUIPMENT CRATE 12x12 - CRATE12-105604 | SANDISK 64GB SD CARD - SANDISK 64SD-105605 | LOGITECH WIRELESS MOUSE - LOGI MOUSE-105606 | MACBOOK AIR M3 CHARGER - MBA M3 CHRG-105607 | FUJIFILM 18-55mm LENS - FUJI 1855 LENS-105608 | ZOOM H5 RECORDER CASE - ZOOM H5 CASE-105609 | CARD READER - CARDRDR-105610 | 
9130188,INDD,@inside.fixture.edu,0,01/21/2025 10:21 AM,04/25/2025 6:30 PM,05/01/2025 1:20 PM,8650740,5,Returned: AUDIO-TECHNICA HEADPHONES - AT HEADPHONES-105611 | WACOM CINTIQ TABLET - WACOM CINTIQ-105612 | WACOM CINTIQ TABLET - WACOM CINTIQ-105613 | META QUEST HEADSET - MQUEST HS-105614 | EXTENSION CORD 10FT - EXTCORD10-105615 | 
5013879,,@fixture.edu,0,01/21/2025 6:46 PM,02/03/2025 12:00 PM,02/04/2025 12:39 PM,1187580,8,Returned: MACBOOK AIR M3 CHARGER - MBA M3 CHRG-105616 | EPSON PROJECTOR HDMI CABLE - EPSON PROJ HDMI-105617 | WACOM ONE TABLET - WACOM ONE-105618 | HDMI CABLE 10FT - HDMI10-105619 | MACBOOK AIR CHARGING CABLE - MBA CABLE-105620 | MACBOOK AIR M3 LAPTOP - MBA M3-105621 | DELL XPS LAPTOP CHARGER - DELL XPS CHRG-105622 | DELL XPS LAPTOP CHARGER - DELL XPS CHRG-105623 | 
5606980,CRFT,@inside.fixture.edu,1,01/22/2025 2:20 PM,04/25/2025 6:30 PM,04/25/2025 12:23 PM,8028180,5,Returned: CARD READER - CARDRDR-105624 | RODE MIC BATTERY - RODE MIC BATT-105625 | POWER STRIP - PWRSTRIP-105626 | GODOX LIGHT STAND - GODOX STAND-105627 | AUDIO-TECHNICA HEADPHONES - AT HEADPHONES-105628 | 
8379837,CRFT,@inside.fixture.edu,0,01/22/2025 3:12 PM,04/26/2025 9:30 PM,03/03/2025 5:11 PM,3463140,5,Returned: SANDISK 128GB SD CARD - SANDISK 128SD-105629 | XLR CABLE 25FT - XLR25-105630 | USB-C MULTIPORT HUB - USBC HUB-105631 | INSTA360 X4 CAMERA - INSTA X4-105632 | EQUIPMENT CRATE 12x12 - CRATE12-105633 | 
2299954,,@fixture.edu,1,01/24/2025 12:44 PM,02/03/2025 6:30 PM,02/04/2025 11:34 AM,946200,4,Returned: BENQ DATA PROJECTOR - BENQ PROJ-105634 | GODOX LED LIGHT PANEL - GODOX LED-105635 | CARD READER - CARDRDR-105636 | EPSON PROJECTOR - EPSON PROJ-105637 | 
5793722,,@fixture.edu,0,01/28/2025 8:38 AM,01/28/2025 2:00 PM,01/28/2025 12:39 PM,14460,1,Returned: WACOM CINTIQ TABLET - WACOM CINTIQ-105638 | 
4934149,STDA,@inside.fixture.edu,0,02/03/2025 9:08 AM,02/17/2025 3:30 PM,02/17/2025 1:08 PM,1224000,2,Returned: POWER STRIP - PWRSTRIP-105639 | EPSON PROJECTOR - EPSON PROJ-105640 | 
5558623,STDA,@inside.fixture.edu,0,02/03/2025 9:11 AM,02/17/2025 3:30 PM,02/17/2025 12:54 PM,1222980,4,Returned: USB-C TO HDMI ADAPTER - USBC HDMI-105641 | FUJIFILM 18-55mm LENS - FUJI 1855 LENS-105642 | USB-C TO HDMI ADAPTER - USBC HDMI-105643 | PANASONIC S5 II BATTERY CHARGER - PANA S5II CHRG-105644 | 
6634586,ANIM,@inside.fixture.edu,1,02/03/2025 9:13 AM,02/17/2025 3:30 PM,02/17/2025 5:55 PM,1240920,5,Returned: HUION DRAWING TABLET - HUION TABLET-105645 | WACOM CINTIQ TABLET - WACOM CINTIQ-105646 | NIKON Z6 III BATTERY CHARGER - NIKON Z6III CHRG-105647 | WACOM CINTIQ TABLET - WACOM CINTIQ-105648 | PANASONIC S5 II BATTERY CHARGER - PANA S5II CHRG-105649 | 
6363836,ANIM,@inside.fixture.edu,1,02/03/2025 9:15 AM,02/17/2025 6:30 PM,03/06/2025 12:59 PM,2691840,7,Returned: MACBOOK AIR M3 CHARGER - MBA M3 CHRG-105650 | META QUEST HEADSET - MQUEST HS-105651 | FUJIFILM 18-55mm LENS - FUJI 1855 LENS-105652 | META QUEST CHARGING CABLE - MQUEST CABLE-105653 | PANASONIC S5 II BODY - PANA S5II-105654 | NIKON Z6 III BATTERY - NIKON Z6III BATT-105655 | POWER STRIP - PWRSTRIP-105656 | 
2351868,IMAG,@inside.fixture.edu,0,02/03/2025 9:18 AM,02/10/2025 3:30 PM,02/10/2025 1:04 PM,618360,7,Returned: LEXAR 128GB CF CARD - LEXAR CF128-105657 | EPSON PROJECTOR - EPSON PROJ-105658 | EQUIPMENT CRATE 12x12 - CRATE12-105659 | DELL XPS LAPTOP CHARGER - DELL XPS CHRG-105660 | LOGITECH WEBCAM - LOGI WEBCAM-105661 | WACOM ONE TABLET - WACOM ONE-105662 | AUDIO-TECHNICA HEADPHONES - AT HEADPHONES-105663 | 
3321531,,@fixture.edu,0,02/03/2025 10:07 AM,02/03/2025 3:30 PM,02/03/2025 1:19 PM,11520,1,Returned: NIKON Z6 III BATTERY CHARGER - NIKON Z6III CHRG-105664 | 
3530518,DRAW,@inside.fixture.edu,0,02/03/2025 10:11 AM,02/03/2025 3:30 PM,02/03/2025 12:19 PM,7680,1,Returned: CARD READER - CARDRDR-105665 | 
4879923,DRAW,@inside.fixture.edu,0,02/03/2025 10:11 AM,02/03/2025 3:30 PM,02/03/2025 12:19 PM,7680,1,Returned: NIKON Z6 III BATTERY - NIKON Z6III BATT-105666 | 
7426265,DRAW,@inside.fixture.edu,0,02/03/2025 10:12 AM,02/03/2025 3:30 PM,02/03/2025 12:28 PM,8160,1,Returned: DELL XPS LAPTOP CHARGER - DELL XPS CHRG-105667 | 
3563646,DRAW,@inside.fixture.edu,0,02/03/2025 10:12 AM,02/03/2025 3:30 PM,02/03/2025 12:07 PM,6900,1,Returned: AUDIO-TECHNICA HEADPHONES - AT HEADPHONES-105668 | 
4589533,DRAW,@inside.fixture.edu,0,02/03/2025 10:13 AM,02/03/2025 3:30 PM,02/03/2025 12:19 PM,7560,1,Returned: CARD READER - CARDRDR-105669 | 
2077581,,@alumni.fixture.edu,0,02/06/2025 8:04 AM,02/10/2025 6:30 PM,02/10/2025 2:15 PM,367860,7,Returned: RODE MIC BATTERY - RODE MIC BATT-105670 | MANFROTTO TRIPOD - MANFRO TRIPOD-105671 | FUJIFILM 18-55mm LENS - FUJI 1855 LENS-105672 | FUJIFILM X-T5 BATTERY - FUJI XT5 BATT-105673 | PANASONIC S5 II BODY - PANA S5II-105674 | OLYMPUS OM-D E-M1 BODY - OLY EM1-105675 | MANFROTTO TRIPOD - MANFRO TRIPOD-105676 | 
7960328,ANIM,@inside.fixture.edu,5,02/03/2025 4:38 PM,04/25/2025 6:30 PM,04/28/2025 3:42 PM,7254240,2,Returned: FUJIFILM X-T5 BODY - FUJI XT5-105677 | RODE WIRELESS MIC - RODE WIRELESS-105678 | 
7838382,,@alumni.fixture.edu,0,02/03/2025 4:42 PM,02/06/2025 6:30 PM,02/04/2025 10:25 AM,63780,4,Returned: AUDIO-TECHNICA HEADPHONES - AT HEADPHONES-105679 | PANASONIC S5 II BODY - PANA S5II-105680 | WACOM ONE TABLET - WACOM ONE-105681 | RODE MIC BATTERY - RODE MIC BATT-105682 | 
6551268,,@alumni.fixture.edu,0,02/03/2025 5:38 PM,02/03/2025 6:30 PM,02/04/2025 10:25 AM,60420,7,Returned: NIKON Z6 III BATTERY - NIKON Z6III BATT-105683 | NIKON Z6 III CAMERA CASE - NIKON Z6III CASE-105684 | XLR CABLE 25FT - XLR25-105685 | RODE MIC BATTERY - RODE MIC BATT-105686 | AUDIO-TECHNICA HEADPHONES - AT HEADPHONES-105687 | RODE MIC BATTERY - RODE MIC BATT-105688 | XLR CABLE 15FT - XLR15-105689 | 
8816912,,@fixture.edu,0,02/03/2025 5:57 PM,02/04/2025 6:30 PM,02/05/2025 3:03 PM,162360,6,Returned: LOGITECH WIRELESS MOUSE - LOGI MOUSE-105690 | FUJIFILM 18-55mm LENS - FUJI 1855 LENS-105691 | SANDISK 64GB SD CARD - SANDISK 64SD-105692 | HDMI CABLE 10FT - HDMI10-105693 | WACOM CINTIQ PEN - WACOM CINTIQ PEN-105694 | MACBOOK AIR CHARGING CABLE - MBA CABLE-105695 | 
7975534,,@fixture.edu,0,02/10/2025 7:59 AM,02/10/2025 7:00 PM,02/11/2025 7:57 AM,86280,5,Returned: HDMI CABLE 10FT - HDMI10-105696 | XLR CABLE 25FT - XLR25-105697 | FUJIFILM 18-55mm LENS - FUJI 1855 LENS-105698 | NIKON Z6 III CAMERA CASE - NIKON Z6III CASE-105699 | MACBOOK AIR M3 LAPTOP - MBA M3-105700 | 
2044645,,@fixture.edu,0,02/24/2025 7:55 AM,02/24/2025 7:00 PM,02/24/2025 10:59 AM,11040,5,Returned: AUDIO-TECHNICA HEADPHONES - AT HEADPHONES-105701 | MACBOOK AIR M3 CHARGER - MBA M3 CHRG-105702 | AUDIO-TECHNICA HEADPHONES - AT HEADPHONES-105703 | SANDISK 128GB SD CARD - SANDISK 128SD-105704 | EQUIPMENT CRATE 12x12 - CRATE12-105705 | 
4470105,,@fixture.edu,0,03/10/2025 8:59 AM,03/10/2025 6:00 PM,03/10/2025 10:45 AM,6360,5,Returned: MANFROTTO TRIPOD - MANFRO TRIPOD-105706 | INSTA360 X4 CAMERA - INSTA X4-105707 | GODOX POWER SUPPLY - GODOX PSU-105708 | LEXAR 128GB CF CARD - LEXAR CF128-105709 | USB-C TO HDMI ADAPTER - USBC HDMI-105710 | 
8048838,,@fixture.edu,0,03/17/2025 8:06 AM,03/17/2025 7:00 PM,03/18/2025 10:13 AM,94020,5,Returned: POWER STRIP - PWRSTRIP-105711 | RODE WIRELESS MIC - RODE WIRELESS-105712 | AUDIO-TECHNICA HEADPHONES - AT HEADPHONES-105713 | FUJIFILM X-T5 BODY - FUJI XT5-105714 | HUION DRAWING TABLET - HUION TABLET-105715 | 
7534336,,@fixture.edu,0,03/24/2025 8:02 AM,03/24/2025 7:00 PM,03/24/2025 9:51 AM,6540,5,Returned: SANDISK 64GB SD CARD - SANDISK 64SD-105716 | INSTA360 X4 BATTERY - INSTA X4 BATT-105717 | XLR CABLE 15FT - XLR15-105718 | INSTA360 X4 CASE - INSTA X4 CASE-105719 | POWER STRIP - PWRSTRIP-105720 | 
1327691,,@fixture.edu,0,03/31/2025 8:09 AM,03/31/2025 7:00 PM,03/31/2025 11:51 AM,13320,5,Returned: USB-C MULTIPORT HUB - USBC HUB-105721 | DELL XPS LAPTOP - DELL XPS-105722 | META QUEST CONTROLLER - MQUEST CTRL-105723 | DELL XPS LAPTOP CHARGER - DELL XPS CHRG-105724 | NIKON Z6 III MIRRORLESS BODY - NIKON Z6III-105725 | 
7381734,,@fixture.edu,0,04/07/2025 8:09 AM,04/07/2025 7:00 PM,04/07/2025 8:43 AM,2040,5,Returned: MACBOOK AIR M3 LAPTOP - MBA M3-105726 | LOGITECH WIRELESS MOUSE - LOGI MOUSE-105727 | MANFROTTO TRIPOD CASE - MANFRO CASE-105728 | INSTA360 X4 BATTERY - INSTA X4 BATT-105729 | NIKON Z6 III MIRRORLESS BODY - NIKON Z6III-105730 | 
9002392,,@fixture.edu,0,04/14/2025 8:04 AM,04/14/2025 7:00 PM,04/14/2025 11:04 AM,10800,5,Returned: META QUEST CHARGING CABLE - MQUEST CABLE-105731 | MACBOOK AIR M3 CHARGER - MBA M3 CHRG-105732 | WACOM CINTIQ PEN - WACOM CINTIQ PEN-105733 | USB KEYBOARD - USB KYBD-105734 | XLR CABLE 15FT - XLR15-105735 | 
1098919,STDA,@inside.fixture.edu,0,02/04/2025 2:29 PM,02/05/2025 6:30 PM,02/05/2025 3:58 PM,91740,3,Returned: ZOOM H5 RECORDER CASE - ZOOM H5 CASE-105736 | HUION DRAWING TABLET - HUION TABLET-105737 | WACOM CINTIQ PEN - WACOM CINTIQ PEN-105738 | 
6901533,STDA,@inside.fixture.edu,1,02/04/2025 3:04 PM,02/05/2025 6:30 PM,02/05/2025 1:05 PM,79260,20,Returned: LAPTOP SLEEVE CASE - LAPTOP SLEEVE-105739 | NIKON Z6 III BATTERY CHARGER - NIKON Z6III CHRG-105740 | BENQ DATA PROJECTOR - BENQ PROJ-105741 | USB-C TO HDMI ADAPTER - USBC HDMI-105742 | RODE WIRELESS MIC - RODE WIRELESS-105743 | XLR CABLE 25FT - XLR25-105744 | FUJIFILM 18-55mm LENS - FUJI 1855 LENS-105745 | OLYMPUS OM-D E-M1 BODY - OLY EM1-105746 | USB-C TO HDMI ADAPTER - USBC HDMI-105747 | MANFROTTO TRIPOD CASE - MANFRO CASE-105748 | DELL XPS LAPTOP - DELL XPS-105749 | WACOM ONE TABLET - WACOM ONE-105750 | INSTA360 X4 CAMERA - INSTA X4-105751 | RODE MIC BATTERY - RODE MIC BATT-105752 | GODOX POWER SUPPLY - GODOX PSU-105753 | ZOOM H5 RECORDER - ZOOM H5-105754 | MANFROTTO TRIPOD - MANFRO TRIPOD-105755 | HDMI CABLE 10FT - HDMI10-105756 | DELL XPS LAPTOP CHARGER - DELL XPS CHRG-105757 | LEXAR 128GB CF CARD - LEXAR CF128-105758 | 
6009888,VIZD,@inside.fixture.edu,0,02/06/2025 8:04 AM,02/11/2025 12:30 PM,02/11/2025 8:44 AM,434400,7,Returned: INSTA360 X4 CASE - INSTA X4 CASE-105759 | ZOOM H5 RECORDER - ZOOM H5-105760 | MACBOOK AIR M3 LAPTOP - MBA M3-105761 | WACOM CINTIQ PEN - WACOM CINTIQ PEN-105762 | NIKON Z6 III MIRRORLESS BODY - NIKON Z6III-105763 | EPSON PROJECTOR - EPSON PROJ-105764 | GODOX LED LIGHT PANEL - GODOX LED-105765 | 
7542890,ANIM,@inside.fixture.edu,1,02/05/2025 7:56 AM,02/11/2025 6:30 PM,02/13/2025 12:32 PM,707760,7,Returned: NIKON Z6 III MIRRORLESS BODY - NIKON Z6III-105766 | MACBOOK AIR M3 CHARGER - MBA M3 CHRG-105767 | META QUEST HEADSET - MQUEST HS-105768 | GODOX LIGHT STAND - GODOX STAND-105769 | AUDIO-TECHNICA HEADPHONES - AT HEADPHONES-105770 | META QUEST HEADSET - MQUEST HS-105771 | EPSON PROJECTOR - EPSON PROJ-105772 | 
8030010,DRAW,@inside.fixture.edu,0,02/04/2025 4:35 PM,02/05/2025 6:30 PM,02/05/2025 12:27 PM,71520,1,Returned: HDMI CABLE 10FT - HDMI10-105773 | 
4700025,,@fixture.edu,0,02/04/2025 4:46 PM,02/04/2025 6:30 PM,02/04/2025 4:57 PM,660,3,Returned: USB-C MULTIPORT HUB - USBC HUB-105774 | POWER STRIP - PWRSTRIP-105775 | GODOX LED LIGHT PANEL - GODOX LED-105776 | 
9191131,VIZD,@inside.fixture.edu,0,02/13/2025 9:54 AM,02/18/2025 1:00 PM,02/18/2025 8:55 AM,428460,7,Returned: FUJIFILM X-T5 BODY - FUJI XT5-105777 | NIKON Z6 III BATTERY - NIKON Z6III BATT-105778 | LOGITECH WIRELESS MOUSE - LOGI MOUSE-105779 | GODOX LIGHT STAND - GODOX STAND-105780 | GODOX LIGHT STAND - GODOX STAND-105781 | ZOOM H5 RECORDER CASE - ZOOM H5 CASE-105782 | LOGITECH WEBCAM - LOGI WEBCAM-105783 | 
4681284,,@fixture.edu,0,02/05/2025 9:46 AM,02/05/2025 6:30 PM,02/05/2025 6:42 PM,32160,2,Returned: LOGITECH WIRELESS MOUSE - LOGI MOUSE-105784 | ZOOM H5 RECORDER CASE - ZOOM H5 CASE-105785 | 
5579094,VIZD,@inside.fixture.edu,0,02/05/2025 9:54 AM,02/05/2025 6:30 PM,02/05/2025 12:38 PM,9840,1,Returned: PANASONIC S5 II BODY - PANA S5II-105786 | 
8312114,STDA,@inside.fixture.edu,0,02/11/2025 10:30 AM,02/12/2025 6:30 PM,02/12/2025 12:34 PM,93840,19,Returned: EXTENSION CORD 10FT - EXTCORD10-105787 | EPSON PROJECTOR - EPSON PROJ-105788 | NIKON Z6 III MIRRORLESS BODY - NIKON Z6III-105789 | MACBOOK AIR M3 LAPTOP - MBA M3-105790 | META QUEST CHARGING CABLE - MQUEST CABLE-105791 | DELL XPS LAPTOP CHARGER - DELL XPS CHRG-105792 | SANDISK 128GB SD CARD - SANDISK 128SD-105793 | NIKON Z6 III BATTERY - NIKON Z6III BATT-105794 | MANFROTTO TRIPOD CASE - MANFRO CASE-105795 | META QUEST CONTROLLER - MQUEST CTRL-105796 | ZOOM H5 RECORDER CASE - ZOOM H5 CASE-105797 | FUJIFILM X-T5 BODY - FUJI XT5-105798 | WACOM ONE TABLET - WACOM ONE-105799 | RODE WIRELESS MIC - RODE WIRELESS-105800 | EPSON PROJECTOR HDMI CABLE - EPSON PROJ HDMI-105801 | SANDISK 128GB SD CARD - SANDISK 128SD-105802 | MACBOOK AIR CHARGING CABLE - MBA CABLE-105803 | ZOOM H5 RECORDER CASE - ZOOM H5 CASE-105804 | MANFROTTO TRIPOD CASE - MANFRO CASE-105805 | 
9147720,,@fixture.edu,0,02/11/2025 7:54 AM,02/11/2025 6:30 PM,02/14/2025 3:26 PM,286320,5,Returned: META QUEST HEADSET - MQUEST HS-105806 | EPSON PROJECTOR - EPSON PROJ-105807 | SANDISK 64GB SD CARD - SANDISK 64SD-105808 | PANASONIC S5 II BATTERY CHARGER - PANA S5II CHRG-105809 | LOGITECH WIRELESS MOUSE - LOGI MOUSE-105810 | 
1486955,,@fixture.edu,0,02/18/2025 7:50 AM,02/18/2025 6:30 PM,02/21/2025 2:57 PM,284820,5,Returned: XLR CABLE 25FT - XLR25-105811 | CARD READER - CARDRDR-105812 | WACOM CINTIQ TABLET - WACOM CINTIQ-105813 | MACBOOK AIR CHARGING CABLE - MBA CABLE-105814 | USB-C TO HDMI ADAPTER - USBC HDMI-105815 | 
7523941,,@fixture.edu,0,02/25/2025 8:02 AM,02/25/2025 6:30 PM,03/07/2025 2:05 PM,885780,5,Returned: GODOX LIGHT STAND - GODOX STAND-105816 | WACOM CINTIQ TABLET - WACOM CINTIQ-105817 | GODOX POWER SUPPLY - GODOX PSU-105818 | WACOM CINTIQ TABLET - WACOM CINTIQ-105819 | NIKON Z6 III CAMERA CASE - NIKON Z6III CASE-105820 | 
6639317,,@fixture.edu,0,03/03/2025 6:29 PM,03/04/2025 6:30 PM,03/05/2025 7:57 AM,134880,5,Returned: OLYMPUS OM-D E-M1 BODY - OLY EM1-105821 | NIKON Z6 III CAMERA CASE - NIKON Z6III CASE-105822 | MANFROTTO TRIPOD - MANFRO TRIPOD-105823 | WACOM CINTIQ TABLET - WACOM CINTIQ-105824 | SANDISK 128GB SD CARD - SANDISK 128SD-105825 | 
7783308,,@fixture.edu,0,03/11/2025 11:42 AM,03/11/2025 6:30 PM,03/14/2025 6:18 PM,282960,5,Returned: LAPTOP SLEEVE CASE - LAPTOP SLEEVE-105826 | POWER STRIP - PWRSTRIP-105827 | PANASONIC S5 II BATTERY CHARGER - PANA S5II CHRG-105828 | GODOX POWER SUPPLY - GODOX PSU-105829 | INSTA360 X4 CASE - INSTA X4 CASE-105830 | 
3768991,,@fixture.edu,0,03/18/2025 8:07 AM,03/18/2025 6:30 PM,03/24/2025 7:56 AM,517740,5,Returned: EPSON PROJECTOR - EPSON PROJ-105831 | USB-C MULTIPORT HUB - USBC HUB-105832 | LEXAR 128GB CF CARD - LEXAR CF128-105833 | USB-C TO HDMI ADAPTER - USBC HDMI-105834 | DELL XPS LAPTOP CHARGER - DELL XPS CHRG-105835 | 
8841505,,@fixture.edu,0,04/01/2025 7:51 AM,04/01/2025 6:30 PM,04/07/2025 7:52 AM,518460,5,Returned: META QUEST CHARGING CABLE - MQUEST CABLE-105836 | GODOX LED LIGHT PANEL - GODOX LED-105837 | META QUEST CHARGING CABLE - MQUEST CABLE-105838 | NIKON Z6 III BATTERY CHARGER - NIKON Z6III CHRG-105839 | META QUEST CHARGING CABLE - MQUEST CABLE-105840 | 
3141239,,@fixture.edu,0,03/25/2025 7:50 AM,03/25/2025 6:30 PM,03/26/2025 4:14 PM,116640,5,Returned: DELL XPS LAPTOP - DELL XPS-105841 | INSTA360 X4 CASE - INSTA X4 CASE-105842 | MANFROTTO TRIPOD CASE - MANFRO CASE-105843 | GODOX POWER SUPPLY - GODOX PSU-105844 | MACBOOK AIR M3 LAPTOP - MBA M3-105845 | 
9961107,,@fixture.edu,0,04/08/2025 7:55 AM,04/08/2025 6:30 PM,04/18/2025 5:00 PM,896700,5,Returned: ZOOM H5 RECORDER CASE - ZOOM H5 CASE-105846 | HDMI CABLE 10FT - HDMI10-105847 | EQUIPMENT CRATE 12x12 - CRATE12-105848 | SANDISK 128GB SD CARD - SANDISK 128SD-105849 | MANFROTTO TRIPOD CASE - MANFRO CASE-105850 | 
1452421,,@fixture.edu,0,04/15/2025 8:29 AM,04/15/2025 6:30 PM,04/16/2025 7:59 AM,84600,5,Returned: DELL XPS LAPTOP - DELL XPS-105851 | DELL XPS LAPTOP CHARGER - DELL XPS CHRG-105852 | NIKON Z6 III MIRRORLESS BODY - NIKON Z6III-105853 | PANASONIC S5 II BATTERY CHARGER - PANA S5II CHRG-105854 | FUJIFILM X-T5 BODY - FUJI XT5-105855 | 
7610562,,@fixture.edu,0,04/22/2025 7:54 AM,04/22/2025 6:30 PM,04/23/2025 7:57 AM,86580,5,Returned: WACOM CINTIQ TABLET - WACOM CINTIQ-105856 | NIKON Z6 III BATTERY - NIKON Z6III BATT-105857 | BENQ DATA PROJECTOR - BENQ PROJ-105858 | INSTA360 X4 BATTERY - INSTA X4 BATT-105859 | DELL XPS LAPTOP - DELL XPS-105860 | 
1454696,,@fixture.edu,0,02/05/2025 12:00 PM,02/05/2025 6:30 PM,02/06/2025 7:54 AM,71640,9,Returned: FUJIFILM X-T5 BODY - FUJI XT5-105861 | LEXAR 128GB CF CARD - LEXAR CF128-105862 | PANASONIC S5 II BODY - PANA S5II-105863 | RODE MIC BATTERY - RODE MIC BATT-105864 | HUION DRAWING TABLET - HUION TABLET-105865 | FUJIFILM X-T5 BATTERY - FUJI XT5 BATT-105866 | MACBOOK AIR M3 CHARGER - MBA M3 CHRG-105867 | LOGITECH WEBCAM - LOGI WEBCAM-105868 | WACOM CINTIQ PEN - WACOM CINTIQ PEN-105869 | 
2408404,,@fixture.edu,1,02/11/2025 7:52 AM,02/14/2025 6:30 PM,02/18/2025 1:12 PM,624000,8,Returned: HUION DRAWING TABLET - HUION TABLET-105870 | ZOOM H5 RECORDER - ZOOM H5-105871 | LEXAR 128GB CF CARD - LEXAR CF128-105872 | FUJIFILM X-T5 BATTERY - FUJI XT5 BATT-105873 | LEXAR 128GB CF CARD - LEXAR CF128-105874 | ZOOM H5 RECORDER - ZOOM H5-105875 | NIKON Z6 III BATTERY CHARGER - NIKON Z6III CHRG-105876 | ZOOM H5 RECORDER - ZOOM H5-105877 | 
8190929,,@fixture.edu,0,02/18/2025 7:50 AM,02/18/2025 6:30 PM,02/18/2025 9:55 AM,7500,7,Returned: POWER STRIP - PWRSTRIP-105878 | META QUEST CHARGING CABLE - MQUEST CABLE-105879 | EXTENSION CORD 10FT - EXTCORD10-105880 | HUION DRAWING TABLET - HUION TABLET-105881 | EXTENSION CORD 10FT - EXTCORD10-105882 | HUION DRAWING TABLET - HUION TABLET-105883 | WACOM CINTIQ TABLET - WACOM CINTIQ-105884 | 
3276659,,@fixture.edu,0,02/25/2025 8:02 AM,02/25/2025 6:30 PM,02/25/2025 1:29 PM,19620,8,Returned: FUJIFILM X-T5 BODY - FUJI XT5-105885 | NIKON Z6 III CAMERA CASE - NIKON Z6III CASE-105886 | NIKON Z6 III BATTERY - NIKON Z6III BATT-105887 | RODE MIC BATTERY - RODE MIC BATT-105888 | USB KEYBOARD - USB KYBD-105889 | NIKON Z6 III CAMERA CASE - NIKON Z6III CASE-105890 | OLYMPUS OM-D E-M1 BODY - OLY EM1-105891 | META QUEST CONTROLLER - MQUEST CTRL-105892 | 
8746014,,@fixture.edu,0,03/03/2025 6:29 PM,03/04/2025 6:30 PM,03/04/2025 1:46 PM,69420,8,Returned: DELL XPS LAPTOP CHARGER - DELL XPS CHRG-105893 | RODE WIRELESS MIC - RODE WIRELESS-105894 | HUION DRAWING TABLET - HUION TABLET-105895 | NIKON Z6 III CAMERA CASE - NIKON Z6III CASE-105896 | GODOX POWER SUPPLY - GODOX PSU-105897 | USB-C TO HDMI ADAPTER - USBC HDMI-105898 | RODE WIRELESS MIC - RODE WIRELESS-105899 | XLR CABLE 15FT - XLR15-105900 | 
4048907,,@fixture.edu,0,03/11/2025 8:23 AM,03/11/2025 6:30 PM,03/11/2025 1:24 PM,18060,8,Returned: FUJIFILM X-T5 BATTERY - FUJI XT5 BATT-105901 | HDMI CABLE 10FT - HDMI10-105902 | SANDISK 128GB SD CARD - SANDISK 128SD-105903 | WACOM CINTIQ PEN - WACOM CINTIQ PEN-105904 | GODOX LIGHT STAND - GODOX STAND-105905 | NIKON Z6 III MIRRORLESS BODY - NIKON Z6III-105906 | XLR CABLE 25FT - XLR25-105907 | POWER STRIP - PWRSTRIP-105908 | 
1843636,,@fixture.edu,0,03/18/2025 7:49 AM,03/18/2025 6:30 PM,03/18/2025 12:41 PM,17520,8,Returned: EQUIPMENT CRATE 12x12 - CRATE12-105909 | HUION DRAWING TABLET - HUION TABLET-105910 | ZOOM H5 RECORDER - ZOOM H5-105911 | META QUEST CHARGING CABLE - MQUEST CABLE-105912 | POWER STRIP - PWRSTRIP-105913 | DELL XPS LAPTOP CHARGER - DELL XPS CHRG-105914 | ZOOM H5 RECORDER - ZOOM H5-105915 | PANASONIC S5 II BATTERY CHARGER - PANA S5II CHRG-105916 | 
5364698,,@fixture.edu,2,03/25/2025 7:49 AM,04/01/2025 6:30 PM,04/01/2025 1:04 PM,623700,8,Returned: FUJIFILM X-T5 BATTERY - FUJI XT5 BATT-105917 | WACOM CINTIQ PEN - WACOM CINTIQ PEN-105918 | NIKON Z6 III CAMERA CASE - NIKON Z6III CASE-105919 | POWER STRIP - PWRSTRIP-105920 | PANASONIC S5 II BATTERY CHARGER - PANA S5II CHRG-105921 | WACOM CINTIQ TABLET - WACOM CINTIQ-105922 | GODOX LED LIGHT PANEL - GODOX LED-105923 | MANFROTTO TRIPOD - MANFRO TRIPOD-105924 | 
7360307,,@fixture.edu,0,04/08/2025 7:54 AM,04/08/2025 6:30 PM,04/08/2025 2:44 PM,24600,8,Returned: DELL XPS LAPTOP - DELL XPS-105925 | EPSON PROJECTOR HDMI CABLE - EPSON PROJ HDMI-105926 | DELL XPS LAPTOP CHARGER - DELL XPS CHRG-105927 | LEXAR 128GB CF CARD - LEXAR CF128-105928 | POWER STRIP - PWRSTRIP-105929 | NIKON Z6 III CAMERA CASE - NIKON Z6III CASE-105930 | RODE MIC BATTERY - RODE MIC BATT-105931 | DELL XPS LAPTOP - DELL XPS-105932 | 
6492066,,@fixture.edu,0,04/15/2025 8:29 AM,04/15/2025 6:30 PM,04/15/2025 1:34 PM,18300,8,Returned: INSTA360 X4 CAMERA - INSTA X4-105933 | HDMI CABLE 10FT - HDMI10-105934 | RODE MIC BATTERY - RODE MIC BATT-105935 | EQUIPMENT CRATE 12x12 - CRATE12-105936 | EXTENSION CORD 10FT - EXTCORD10-105937 | OLYMPUS 12-40mm LENS - OLY 1240 LENS-105938 | RODE WIRELESS MIC - RODE WIRELESS-105939 | ZOOM H5 RECORDER - ZOOM H5-105940 | 
4551070,,@fixture.edu,0,04/22/2025 7:54 AM,04/22/2025 6:30 PM,04/22/2025 11:52 AM,14280,8,Returned: XLR CABLE 15FT - XLR15-105941 | NIKON Z6 III MIRRORLESS BODY - NIKON Z6III-105942 | WACOM CINTIQ PEN - WACOM CINTIQ PEN-105943 | GODOX POWER SUPPLY - GODOX PSU-105944 | NIKON Z6 III CAMERA CASE - NIKON Z6III CASE-105945 | MACBOOK AIR CHARGING CABLE - MBA CABLE-105946 | LOGITECH WIRELESS MOUSE - LOGI MOUSE-105947 | CARD READER - CARDRDR-105948 | 
8628588,,@fixture.edu,0,02/19/2025 2:46 PM,02/21/2025 6:30 PM,02/21/2025 12:56 PM,166200,8,Returned: DELL XPS LAPTOP - DELL XPS-105949 | PANASONIC S5 II BATTERY CHARGER - PANA S5II CHRG-105950 | SANDISK 64GB SD CARD - SANDISK 64SD-105951 | META QUEST HEADSET - MQUEST HS-105952 | POWER STRIP - PWRSTRIP-105953 | ZOOM H5 RECORDER - ZOOM H5-105954 | GODOX LIGHT STAND - GODOX STAND-105955 | EPSON PROJECTOR - EPSON PROJ-105956 | 
6483562,,@fixture.edu,0,02/27/2025 12:37 PM,02/28/2025 6:30 PM,02/28/2025 6:12 PM,106500,7,Returned: INSTA360 X4 CASE - INSTA X4 CASE-105957 | WACOM CINTIQ PEN - WACOM CINTIQ PEN-105958 | ZOOM H5 RECORDER - ZOOM H5-105959 | WACOM CINTIQ TABLET - WACOM CINTIQ-105960 | INSTA360 X4 CAMERA - INSTA X4-105961 | WACOM ONE TABLET - WACOM ONE-105962 | DELL XPS LAPTOP - DELL XPS-105963 | 
6662319,,@fixture.edu,0,03/06/2025 7:52 AM,03/07/2025 6:30 PM,03/10/2025 9:54 AM,352920,8,Returned: OLYMPUS 12-40mm LENS - OLY 1240 LENS-105964 | DELL XPS LAPTOP CHARGER - DELL XPS CHRG-105965 | POWER STRIP - PWRSTRIP-105966 | NIKON Z6 III BATTERY CHARGER - NIKON Z6III CHRG-105967 | SANDISK 128GB SD CARD - SANDISK 128SD-105968 | NIKON Z6 III MIRRORLESS BODY - NIKON Z6III-105969 | SANDISK 128GB SD CARD - SANDISK 128SD-105970 | SANDISK 128GB SD CARD - SANDISK 128SD-105971 | 
7360682,,@fixture.edu,0,03/12/2025 7:48 AM,03/14/2025 6:30 PM,03/15/2025 10:38 AM,269400,8,Returned: HUION DRAWING TABLET - HUION TABLET-105972 | LEXAR 128GB CF CARD - LEXAR CF128-105973 | BENQ DATA PROJECTOR - BENQ PROJ-105974 | INSTA360 X4 CAMERA - INSTA X4-105975 | ZOOM H5 RECORDER - ZOOM H5-105976 | BENQ DATA PROJECTOR - BENQ PROJ-105977 | SANDISK 64GB SD CARD - SANDISK 64SD-105978 | PANASONIC S5 II BATTERY CHARGER - PANA S5II CHRG-105979 | 
5668371,,@fixture.edu,0,03/20/2025 7:43 AM,03/21/2025 6:30 PM,03/21/2025 7:05 PM,127320,8,Returned: INSTA360 X4 CASE - INSTA X4 CASE-105980 | ZOOM H5 RECORDER CASE - ZOOM H5 CASE-105981 | FUJIFILM X-T5 BODY - FUJI XT5-105982 | NIKON Z6 III BATTERY - NIKON Z6III BATT-105983 | FUJIFILM 18-55mm LENS - FUJI 1855 LENS-105984 | MANFROTTO TRIPOD CASE - MANFRO CASE-105985 | PANASONIC S5 II BATTERY CHARGER - PANA S5II CHRG-105986 | WACOM CINTIQ PEN - WACOM CINTIQ PEN-105987 | 
8072684,,@fixture.edu,0,04/03/2025 8:04 AM,04/04/2025 6:30 PM,04/08/2025 1:08 PM,450240,8,Returned: EXTENSION CORD 10FT - EXTCORD10-105988 | NIKON Z6 III BATTERY CHARGER - NIKON Z6III CHRG-105989 | NIKON Z6 III BATTERY - NIKON Z6III BATT-105990 | PANASONIC S5 II BATTERY CHARGER - PANA S5II CHRG-105991 | PANASONIC S5 II BODY - PANA S5II-105992 | EQUIPMENT CRATE 12x12 - CRATE12-105993 | EPSON PROJECTOR HDMI CABLE - EPSON PROJ HDMI-105994 | ZOOM H5 RECORDER - ZOOM H5-105995 | 
5232413,,@fixture.edu,0,04/17/2025 7:45 AM,04/18/2025 6:30 PM,04/19/2025 10:09 AM,181440,8,Returned: USB-C TO HDMI ADAPTER - USBC HDMI-105996 | PANASONIC S5 II BODY - PANA S5II-105997 | NIKON Z6 III BATTERY - NIKON Z6III BATT-105998 | USB KEYBOARD - USB KYBD-105999 | META QUEST CONTROLLER - MQUEST CTRL-106000 | NIKON Z6 III BATTERY - NIKON Z6III BATT-106001 | GODOX POWER SUPPLY - GODOX PSU-106002 | XLR CABLE 15FT - XLR15-106003 | 
2374158,,@fixture.edu,0,04/24/2025 7:47 AM,04/25/2025 6:30 PM,04/25/2025 4:51 PM,119040,8,Returned: POWER STRIP - PWRSTRIP-106004 | FUJIFILM 18-55mm LENS - FUJI 1855 LENS-106005 | META QUEST CHARGING CABLE - MQUEST CABLE-106006 | RODE WIRELESS MIC - RODE WIRELESS-106007 | LEXAR 128GB CF CARD - LEXAR CF128-106008 | LOGITECH WEBCAM - LOGI WEBCAM-106009 | GODOX LIGHT STAND - GODOX STAND-106010 | META QUEST CHARGING CABLE - MQUEST CABLE-106011 | 
8890439,,@fixture.edu,0,02/06/2025 7:52 AM,02/07/2025 6:30 PM,02/06/2025 6:49 PM,39420,8,Returned: INSTA360 X4 BATTERY - INSTA X4 BATT-106012 | INSTA360 X4 CASE - INSTA X4 CASE-106013 | EQUIPMENT CRATE 12x12 - CRATE12-106014 | EQUIPMENT CRATE 12x12 - CRATE12-106015 | NIKON Z6 III CAMERA CASE - NIKON Z6III CASE-106016 | OLYMPUS OM-D E-M1 BODY - OLY EM1-106017 | META QUEST CONTROLLER - MQUEST CTRL-106018 | POWER STRIP - PWRSTRIP-106019 | 
1325197,STDA,@inside.fixture.edu,0,02/05/2025 12:53 PM,02/19/2025 6:30 PM,02/17/2025 1:08 PM,1037700,1,Returned: PANASONIC S5 II BATTERY CHARGER - PANA S5II CHRG-106020 | 
1873851,,@inside.fixture.edu,0,02/05/2025 1:24 PM,02/10/2025 6:30 PM,02/05/2025 4:01 PM,9420,9,Returned: XLR CABLE 15FT - XLR15-106021 | XLR CABLE 15FT - XLR15-106022 | WACOM CINTIQ PEN - WACOM CINTIQ PEN-106023 | INSTA360 X4 BATTERY - INSTA X4 BATT-106024 | LEXAR 128GB CF CARD - LEXAR CF128-106025 | NIKON Z6 III BATTERY CHARGER - NIKON Z6III CHRG-106026 | WACOM ONE TABLET - WACOM ONE-106027 | PANASONIC S5 II BATTERY CHARGER - PANA S5II CHRG-106028 | USB-C MULTIPORT HUB - USBC HUB-106029 | 
6871360,MDIA,@inside.fixture.edu,0,02/05/2025 1:45 PM,02/05/2025 6:30 PM,02/05/2025 4:12 PM,8820,1,Returned: POWER STRIP - PWRSTRIP-106030 | 
4761823,INDD,@inside.fixture.edu,0,02/05/2025 1:57 PM,02/05/2025 6:30 PM,02/05/2025 6:12 PM,15300,2,Returned: ZOOM H5 RECORDER - ZOOM H5-106031 | NIKON Z6 III BATTERY CHARGER - NIKON Z6III CHRG-106032 | 
2151225,STDA,@inside.fixture.edu,0,02/05/2025 2:51 PM,02/10/2025 6:30 PM,02/10/2025 2:52 PM,432060,21,Returned: POWER STRIP - PWRSTRIP-106033 | EQUIPMENT CRATE 12x12 - CRATE12-106034 | USB KEYBOARD - USB KYBD-106035 | INSTA360 X4 BATTERY - INSTA X4 BATT-106036 | EQUIPMENT CRATE 12x12 - CRATE12-106037 | SANDISK 64GB SD CARD - SANDISK 64SD-106038 | FUJIFILM X-T5 BODY - FUJI XT5-106039 | MACBOOK AIR M3 LAPTOP - MBA M3-106040 | GODOX LIGHT STAND - GODOX STAND-106041 | NIKON Z6 III CAMERA CASE - NIKON Z6III CASE-106042 | MACBOOK AIR CHARGING CABLE - MBA CABLE-106043 | HDMI CABLE 10FT - HDMI10-106044 | GODOX LED LIGHT PANEL - GODOX LED-106045 | LAPTOP SLEEVE CASE - LAPTOP SLEEVE-106046 | MACBOOK AIR CHARGING CABLE - MBA CABLE-106047 | MACBOOK AIR M3 LAPTOP - MBA M3-106048 | RODE MIC BATTERY - RODE MIC BATT-106049 | XLR CABLE 15FT - XLR15-106050 | EPSON PROJECTOR - EPSON PROJ-106051 | EPSON PROJECTOR HDMI CABLE - EPSON PROJ HDMI-106052 | MACBOOK AIR CHARGING CABLE - MBA CABLE-106053 | 
1675419,VIZD,@inside.fixture.edu,2,02/05/2025 5:46 PM,02/25/2025 6:30 PM,02/28/2025 2:42 PM,1976160,6,Returned: MANFROTTO TRIPOD - MANFRO TRIPOD-106054 | AUDIO-TECHNICA HEADPHONES - AT HEADPHONES-106055 | META QUEST CONTROLLER - MQUEST CTRL-106056 | WACOM CINTIQ PEN - WACOM CINTIQ PEN-106057 | NIKON Z6 III BATTERY CHARGER - NIKON Z6III CHRG-106058 | SANDISK 128GB SD CARD - SANDISK 128SD-106059 | 
1520596,DRAW,@inside.fixture.edu,3,02/05/2025 5:47 PM,02/28/2025 6:30 PM,02/28/2025 2:42 PM,1976100,6,Returned: SANDISK 64GB SD CARD - SANDISK 64SD-106060 | CARD READER - CARDRDR-106061 | XLR CABLE 25FT - XLR25-106062 | RODE WIRELESS MIC - RODE WIRELESS-106063 | EQUIPMENT CRATE 12x12 - CRATE12-106064 | WACOM CINTIQ TABLET - WACOM CINTIQ-106065 | 
5148725,,@inside.fixture.edu,1,02/05/2025 5:53 PM,02/11/2025 6:30 PM,02/11/2025 3:01 PM,508080,1,Returned: META QUEST CHARGING CABLE - MQUEST CABLE-106066 | 
4344717,,@fixture.edu,0,02/06/2025 10:12 AM,02/06/2025 6:30 PM,02/06/2025 12:25 PM,7980,6,Returned: XLR CABLE 15FT - XLR15-106067 | USB-C TO HDMI ADAPTER - USBC HDMI-106068 | OLYMPUS OM-D E-M1 BODY - OLY EM1-106069 | FUJIFILM X-T5 BODY - FUJI XT5-106070 | DELL XPS LAPTOP CHARGER - DELL XPS CHRG-106071 | ZOOM H5 RECORDER CASE - ZOOM H5 CASE-106072 | 
1341919,STDA,@inside.fixture.edu,0,02/24/2025 3:01 PM,02/26/2025 6:30 PM,02/26/2025 12:50 PM,164940,21,Returned: WACOM CINTIQ PEN - WACOM CINTIQ PEN-106073 | MACBOOK AIR M3 LAPTOP - MBA M3-106074 | HUION DRAWING TABLET - HUION TABLET-106075 | DELL XPS LAPTOP - DELL XPS-106076 | MACBOOK AIR M3 LAPTOP - MBA M3-106077 | AUDIO-TECHNICA HEADPHONES - AT HEADPHONES-106078 | LOGITECH WEBCAM - LOGI WEBCAM-106079 | RODE MIC BATTERY - RODE MIC BATT-106080 | XLR CABLE 25FT - XLR25-106081 | PANASONIC S5 II BODY - PANA S5II-106082 | SANDISK 128GB SD CARD - SANDISK 128SD-106083 | GODOX LED LIGHT PANEL - GODOX LED-106084 | ZOOM H5 RECORDER CASE - ZOOM H5 CASE-106085 | FUJIFILM X-T5 BODY - FUJI XT5-106086 | USB KEYBOARD - USB KYBD-106087 | LAPTOP SLEEVE CASE - LAPTOP SLEEVE-106088 | GODOX LED LIGHT PANEL - GODOX LED-106089 | POWER STRIP - PWRSTRIP-106090 | META QUEST CONTROLLER - MQUEST CTRL-106091 | FUJIFILM X-T5 BATTERY - FUJI XT5 BATT-106092 | NIKON Z6 III CAMERA CASE - NIKON Z6III CASE-106093 | 
3556551,STDA,@inside.fixture.edu,0,03/04/2025 9:16 AM,03/05/2025 6:30 PM,03/05/2025 2:27 PM,105060,20,Returned: NIKON Z6 III BATTERY CHARGER - NIKON Z6III CHRG-106094 | SANDISK 64GB SD CARD - SANDISK 64SD-106095 | PANASONIC S5 II BATTERY CHARGER - PANA S5II CHRG-106096 | ZOOM H5 RECORDER - ZOOM H5-106097 | RODE WIRELESS MIC - RODE WIRELESS-106098 | LOGITECH WEBCAM - LOGI WEBCAM-106099 | GODOX POWER SUPPLY - GODOX PSU-106100 | MANFROTTO TRIPOD CASE - MANFRO CASE-106101 | EPSON PROJECTOR - EPSON PROJ-106102 | INSTA360 X4 CASE - INSTA X4 CASE-106103 | INSTA360 X4 CASE - INSTA X4 CASE-106104 | HDMI CABLE 10FT - HDMI10-106105 | BENQ DATA PROJECTOR - BENQ PROJ-106106 | META QUEST CONTROLLER - MQUEST CTRL-106107 | NIKON Z6 III MIRRORLESS BODY - NIKON Z6III-106108 | RODE WIRELESS MIC - RODE WIRELESS-106109 | LOGITECH WIRELESS MOUSE - LOGI MOUSE-106110 | POWER STRIP - PWRSTRIP-106111 | AUDIO-TECHNICA HEADPHONES - AT HEADPHONES-106112 | AUDIO-TECHNICA HEADPHONES - AT HEADPHONES-106113 | 
5002120,,@inside.fixture.edu,0,02/06/2025 12:13 PM,02/10/2025 6:30 PM,02/10/2025 11:23 AM,342600,10,Returned: WACOM CINTIQ TABLET - WACOM CINTIQ-106114 | GODOX LIGHT STAND - GODOX STAND-106115 | MACBOOK AIR M3 LAPTOP - MBA M3-106116 | LAPTOP SLEEVE CASE - LAPTOP SLEEVE-106117 | HDMI CABLE 10FT - HDMI10-106118 | OLYMPUS 12-40mm LENS - OLY 1240 LENS-106119 | XLR CABLE 25FT - XLR25-106120 | SANDISK 128GB SD CARD - SANDISK 128SD-106121 | HDMI CABLE 10FT - HDMI10-106122 | MACBOOK AIR M3 CHARGER - MBA M3 CHRG-106123 | 
3117636,DRAW,@inside.fixture.edu,0,02/06/2025 1:37 PM,02/07/2025 6:30 PM,02/07/2025 8:05 AM,66480,1,Returned: LAPTOP SLEEVE CASE - LAPTOP SLEEVE-106124 | 
8945036,ANIM,@inside.fixture.edu,5,02/06/2025 6:09 PM,04/25/2025 6:30 PM,04/28/2025 3:46 PM,6989820,6,Returned: POWER STRIP - PWRSTRIP-106125 | HDMI CABLE 10FT - HDMI10-106126 | EPSON PROJECTOR HDMI CABLE - EPSON PROJ HDMI-106127 | MACBOOK AIR M3 LAPTOP - MBA M3-106128 | POWER STRIP - PWRSTRIP-106129 | RODE MIC BATTERY - RODE MIC BATT-106130 | 
2919136,,@fixture.edu,0,02/07/2025 10:39 AM,02/07/2025 7:00 PM,02/07/2025 5:34 PM,24900,16,Returned: PANASONIC S5 II BATTERY CHARGER - PANA S5II CHRG-106131 | EXTENSION CORD 10FT - EXTCORD10-106132 | EPSON PROJECTOR - EPSON PROJ-106133 | SANDISK 64GB SD CARD - SANDISK 64SD-106134 | DELL XPS LAPTOP CHARGER - DELL XPS CHRG-106135 | USB-C TO HDMI ADAPTER - USBC HDMI-106136 | XLR CABLE 15FT - XLR15-106137 | WACOM CINTIQ TABLET - WACOM CINTIQ-106138 | OLYMPUS OM-D E-M1 BODY - OLY EM1-106139 | META QUEST CHARGING CABLE - MQUEST CABLE-106140 | NIKON Z6 III MIRRORLESS BODY - NIKON Z6III-106141 | LOGITECH WEBCAM - LOGI WEBCAM-106142 | LOGITECH WIRELESS MOUSE - LOGI MOUSE-106143 | ZOOM H5 RECORDER - ZOOM H5-106144 | DELL XPS LAPTOP - DELL XPS-106145 | GODOX POWER SUPPLY - GODOX PSU-106146 | 
4656838,,@fixture.edu,0,02/07/2025 8:12 AM,02/07/2025 6:30 PM,02/07/2025 1:02 PM,17400,8,Returned: AUDIO-TECHNICA HEADPHONES - AT HEADPHONES-106147 | EXTENSION CORD 10FT - EXTCORD10-106148 | USB-C MULTIPORT HUB - USBC HUB-106149 | RODE MIC BATTERY - RODE MIC BATT-106150 | NIKON Z6 III BATTERY - NIKON Z6III BATT-106151 | POWER STRIP - PWRSTRIP-106152 | META QUEST CONTROLLER - MQUEST CTRL-106153 | OLYMPUS 12-40mm LENS - OLY 1240 LENS-106154 | 
8801975,,@fixture.edu,0,02/07/2025 10:39 AM,02/07/2025 7:00 PM,02/07/2025 5:29 PM,24600,4,Returned: INSTA360 X4 CAMERA - INSTA X4-106155 | ZOOM H5 RECORDER - ZOOM H5-106156 | HUION DRAWING TABLET - HUION TABLET-106157 | WACOM ONE TABLET - WACOM ONE-106158 | 
5299055,,@fixture.edu,0,02/13/2025 1:48 PM,02/13/2025 7:00 PM,02/13/2025 7:20 PM,19920,30,Returned: WACOM ONE TABLET - WACOM ONE-106159 | CARD READER - CARDRDR-106160 | INSTA360 X4 BATTERY - INSTA X4 BATT-106161 | SANDISK 64GB SD CARD - SANDISK 64SD-106162 | XLR CABLE 25FT - XLR25-106163 | USB-C MULTIPORT HUB - USBC HUB-106164 | PANASONIC S5 II BATTERY CHARGER - PANA S5II CHRG-106165 | FUJIFILM X-T5 BATTERY - FUJI XT5 BATT-106166 | WACOM CINTIQ TABLET - WACOM CINTIQ-106167 | DELL XPS LAPTOP CHARGER - DELL XPS CHRG-106168 | META QUEST HEADSET - MQUEST HS-106169 | FUJIFILM X-T5 BATTERY - FUJI XT5 BATT-106170 | FUJIFILM X-T5 BATTERY - FUJI XT5 BATT-106171 | USB-C TO HDMI ADAPTER - USBC HDMI-106172 | NIKON Z6 III BATTERY - NIKON Z6III BATT-106173 | GODOX POWER SUPPLY - GODOX PSU-106174 | MACBOOK AIR M3 CHARGER - MBA M3 CHRG-106175 | PANASONIC S5 II BATTERY CHARGER - PANA S5II CHRG-106176 | NIKON Z6 III CAMERA CASE - NIKON Z6III CASE-106177 | INSTA360 X4 CAMERA - INSTA X4-106178 | MANFROTTO TRIPOD CASE - MANFRO CASE-106179 | SANDISK 128GB SD CARD - SANDISK 128SD-106180 | GODOX LIGHT STAND - GODOX STAND-106181 | NIKON Z6 III CAMERA CASE - NIKON Z6III CASE-106182 | NIKON Z6 III CAMERA CASE - NIKON Z6III CASE-106183 | LAPTOP SLEEVE CASE - LAPTOP SLEEVE-106184 | PANASONIC S5 II BODY - PANA S5II-106185 | CARD READER - CARDRDR-106186 | AUDIO-TECHNICA HEADPHONES - AT HEADPHONES-106187 | OLYMPUS 12-40mm LENS - OLY 1240 LENS-106188 | 
7189034,,@fixture.edu,0,02/20/2025 1:56 PM,02/20/2025 7:00 PM,02/20/2025 6:47 PM,17460,30,Returned: FUJIFILM 18-55mm LENS - FUJI 1855 LENS-106189 | USB-C MULTIPORT HUB - USBC HUB-106190 | MACBOOK AIR M3 CHARGER - MBA M3 CHRG-106191 | NIKON Z6 III CAMERA CASE - NIKON Z6III CASE-106192 | INSTA360 X4 CAMERA - INSTA X4-106193 | CARD READER - CARDRDR-106194 | OLYMPUS OM-D E-M1 BODY - OLY EM1-106195 | SANDISK 64GB SD CARD - SANDISK 64SD-106196 | DELL XPS LAPTOP - DELL XPS-106197 | EPSON PROJECTOR HDMI CABLE - EPSON PROJ HDMI-106198 | MACBOOK AIR M3 CHARGER - MBA M3 CHRG-106199 | WACOM ONE TABLET - WACOM ONE-106200 | META QUEST CHARGING CABLE - MQUEST CABLE-106201 | WACOM CINTIQ PEN - WACOM CINTIQ PEN-106202 | MACBOOK AIR CHARGING CABLE - MBA CABLE-106203 | GODOX POWER SUPPLY - GODOX PSU-106204 | MANFROTTO TRIPOD CASE - MANFRO CASE-106205 | NIKON Z6 III MIRRORLESS BODY - NIKON Z6III-106206 | OLYMPUS OM-D E-M1 BODY - OLY EM1-106207 | NIKON Z6 III CAMERA CASE - NIKON Z6III CASE-106208 | XLR CABLE 25FT - XLR25-106209 | LOGITECH WEBCAM - LOGI WEBCAM-106210 | LAPTOP SLEEVE CASE - LAPTOP SLEEVE-106211 | META QUEST CONTROLLER - MQUEST CTRL-106212 | EQUIPMENT CRATE 12x12 - CRATE12-106213 | MACBOOK AIR M3 LAPTOP - MBA M3-106214 | WACOM CINTIQ TABLET - WACOM CINTIQ-106215 | BENQ DATA PROJECTOR - BENQ PROJ-106216 | MANFROTTO TRIPOD CASE - MANFRO CASE-106217 | EQUIPMENT CRATE 12x12 - CRATE12-106218 | 
3815034,,@fixture.edu,0,02/27/2025 1:52 PM,02/27/2025 7:00 PM,02/27/2025 6:50 PM,17880,30,Returned: MACBOOK AIR M3 LAPTOP - MBA M3-106219 | EPSON PROJECTOR - EPSON PROJ-106220 | EPSON PROJECTOR HDMI CABLE - EPSON PROJ HDMI-106221 | RODE WIRELESS MIC - RODE WIRELESS-106222 | WACOM ONE TABLET - WACOM ONE-106223 | LOGITECH WEBCAM - LOGI WEBCAM-106224 | PANASONIC S5 II BODY - PANA S5II-106225 | LEXAR 128GB CF CARD - LEXAR CF128-106226 | META QUEST HEADSET - MQUEST HS-106227 | BENQ DATA PROJECTOR - BENQ PROJ-106228 | MACBOOK AIR M3 LAPTOP - MBA M3-106229 | META QUEST CONTROLLER - MQUEST CTRL-106230 | PANASONIC S5 II BATTERY CHARGER - PANA S5II CHRG-106231 | WACOM CINTIQ TABLET - WACOM CINTIQ-106232 | XLR CABLE 25FT - XLR25-106233 | INSTA360 X4 CAMERA - INSTA X4-106234 | LEXAR 128GB CF CARD - LEXAR CF128-106235 | CARD READER - CARDRDR-106236 | MANFROTTO TRIPOD CASE - MANFRO CASE-106237 | HUION DRAWING TABLET - HUION TABLET-106238 | RODE WIRELESS MIC - RODE WIRELESS-106239 | META QUEST CONTROLLER - MQUEST CTRL-106240 | EPSON PROJECTOR - EPSON PROJ-106241 | EPSON PROJECTOR HDMI CABLE - EPSON PROJ HDMI-106242 | SANDISK 64GB SD CARD - SANDISK 64SD-106243 | MACBOOK AIR CHARGING CABLE - MBA CABLE-106244 | INSTA360 X4 CASE - INSTA X4 CASE-106245 | USB-C TO HDMI ADAPTER - USBC HDMI-106246 | INSTA360 X4 CASE - INSTA X4 CASE-106247 | FUJIFILM X-T5 BODY - FUJI XT5-106248 | 
2921542,,@fixture.edu,0,03/06/2025 1:46 PM,03/06/2025 7:00 PM,03/06/2025 11:58 PM,36720,30,Returned: FUJIFILM X-T5 BATTERY - FUJI XT5 BATT-106249 | EXTENSION CORD 10FT - EXTCORD10-106250 | RODE MIC BATTERY - RODE MIC BATT-106251 | DELL XPS LAPTOP CHARGER - DELL XPS CHRG-106252 | LEXAR 128GB CF CARD - LEXAR CF128-106253 | MACBOOK AIR CHARGING CABLE - MBA CABLE-106254 | MACBOOK AIR M3 LAPTOP - MBA M3-106255 | FUJIFILM X-T5 BODY - FUJI XT5-106256 | EPSON PROJECTOR - EPSON PROJ-106257 | HDMI CABLE 10FT - HDMI10-106258 | XLR CABLE 15FT - XLR15-106259 | HDMI CABLE 10FT - HDMI10-106260 | CARD READER - CARDRDR-106261 | XLR CABLE 25FT - XLR25-106262 | NIKON Z6 III MIRRORLESS BODY - NIKON Z6III-106263 | FUJIFILM 18-55mm LENS - FUJI 1855 LENS-106264 | META QUEST CONTROLLER - MQUEST CTRL-106265 | RODE MIC BATTERY - RODE MIC BATT-106266 | HDMI CABLE 10FT - HDMI10-106267 | MACBOOK AIR M3 CHARGER - MBA M3 CHRG-106268 | NIKON Z6 III CAMERA CASE - NIKON Z6III CASE-106269 | USB-C TO HDMI ADAPTER - USBC HDMI-106270 | LEXAR 128GB CF CARD - LEXAR CF128-106271 | INSTA360 X4 CAMERA - INSTA X4-106272 | OLYMPUS OM-D E-M1 BODY - OLY EM1-106273 | LOGITECH WIRELESS MOUSE - LOGI MOUSE-106274 | USB KEYBOARD - USB KYBD-106275 | PANASONIC S5 II BODY - PANA S5II-106276 | NIKON Z6 III MIRRORLESS BODY - NIKON Z6III-106277 | FUJIFILM X-T5 BATTERY - FUJI XT5 BATT-106278 | 
3747534,,@fixture.edu,0,03/13/2025 1:48 PM,03/13/2025 7:00 PM,03/13/2025 7:00 PM,18720,30,Returned: RODE WIRELESS MIC - RODE WIRELESS-106279 | USB-C MULTIPORT HUB - USBC HUB-106280 | XLR CABLE 25FT - XLR25-106281 | FUJIFILM X-T5 BODY - FUJI XT5-106282 | HDMI CABLE 10FT - HDMI10-106283 | GODOX POWER SUPPLY - GODOX PSU-106284 | OLYMPUS 12-40mm LENS - OLY 1240 LENS-106285 | ZOOM H5 RECORDER CASE - ZOOM H5 CASE-106286 | SANDISK 64GB SD CARD - SANDISK 64SD-106287 | NIKON Z6 III BATTERY - NIKON Z6III BATT-106288 | GODOX POWER SUPPLY - GODOX PSU-106289 | SANDISK 64GB SD CARD - SANDISK 64SD-106290 | EPSON PROJECTOR - EPSON PROJ-106291 | USB KEYBOARD - USB KYBD-106292 | LOGITECH WEBCAM - LOGI WEBCAM-106293 | GODOX LED LIGHT PANEL - GODOX LED-106294 | EPSON PROJECTOR HDMI CABLE - EPSON PROJ HDMI-106295 | META QUEST HEADSET - MQUEST HS-106296 | XLR CABLE 25FT - XLR25-106297 | RODE WIRELESS MIC - RODE WIRELESS-106298 | NIKON Z6 III BATTERY CHARGER - NIKON Z6III CHRG-106299 | NIKON Z6 III MIRRORLESS BODY - NIKON Z6III-106300 | EXTENSION CORD 10FT - EXTCORD10-106301 | EXTENSION CORD 10FT - EXTCORD10-106302 | META QUEST CHARGING CABLE - MQUEST CABLE-106303 | XLR CABLE 15FT - XLR15-106304 | LEXAR 128GB CF CARD - LEXAR CF128-106305 | FUJIFILM X-T5 BATTERY - FUJI XT5 BATT-106306 | DELL XPS LAPTOP - DELL XPS-106307 | INSTA360 X4 CASE - INSTA X4 CASE-106308 | 
6218367,,@fixture.edu,0,03/20/2025 1:52 PM,03/20/2025 7:00 PM,03/20/2025 7:32 PM,20400,30,Returned: ZOOM H5 RECORDER - ZOOM H5-106309 | PANASONIC S5 II BATTERY CHARGER - PANA S5II CHRG-106310 | GODOX LIGHT STAND - GODOX STAND-106311 | SANDISK 128GB SD CARD - SANDISK 128SD-106312 | EQUIPMENT CRATE 12x12 - CRATE12-106313 | POWER STRIP - PWRSTRIP-106314 | LOGITECH WIRELESS MOUSE - LOGI MOUSE-106315 | PANASONIC S5 II BODY - PANA S5II-106316 | PANASONIC S5 II BODY - PANA S5II-106317 | AUDIO-TECHNICA HEADPHONES - AT HEADPHONES-106318 | FUJIFILM X-T5 BATTERY - FUJI XT5 BATT-106319 | RODE MIC BATTERY - RODE MIC BATT-106320 | USB-C TO HDMI ADAPTER - USBC HDMI-106321 | PANASONIC S5 II BATTERY CHARGER - PANA S5II CHRG-106322 | SANDISK 64GB SD CARD - SANDISK 64SD-106323 | USB-C MULTIPORT HUB - USBC HUB-106324 | META QUEST CHARGING CABLE - MQUEST CABLE-106325 | FUJIFILM 18-55mm LENS - FUJI 1855 LENS-106326 | SANDISK 64GB SD CARD - SANDISK 64SD-106327 | ZOOM H5 RECORDER CASE - ZOOM H5 CASE-106328 | PANASONIC S5 II BODY - PANA S5II-106329 | AUDIO-TECHNICA HEADPHONES - AT HEADPHONES-106330 | RODE MIC BATTERY - RODE MIC BATT-106331 | XLR CABLE 25FT - XLR25-106332 | MACBOOK AIR M3 LAPTOP - MBA M3-106333 | NIKON Z6 III CAMERA CASE - NIKON Z6III CASE-106334 | LOGITECH WEBCAM - LOGI WEBCAM-106335 | GODOX LED LIGHT PANEL - GODOX LED-106336 | XLR CABLE 15FT - XLR15-106337 | NIKON Z6 III CAMERA CASE - NIKON Z6III CASE-106338 | 
2813596,,@fixture.edu,0,03/27/2025 1:49 PM,03/27/2025 7:00 PM,03/27/2025 6:56 PM,18420,30,Returned: SANDISK 128GB SD CARD - SANDISK 128SD-106339 | RODE WIRELESS MIC - RODE WIRELESS-106340 | WACOM CINTIQ PEN - WACOM CINTIQ PEN-106341 | INSTA360 X4 CASE - INSTA X4 CASE-106342 | FUJIFILM X-T5 BATTERY - FUJI XT5 BATT-106343 | USB-C MULTIPORT HUB - USBC HUB-106344 | INSTA360 X4 CASE - INSTA X4 CASE-106345 | USB KEYBOARD - USB KYBD-106346 | PANASONIC S5 II BODY - PANA S5II-106347 | INSTA360 X4 CAMERA - INSTA X4-106348 | WACOM CINTIQ PEN - WACOM CINTIQ PEN-106349 | INSTA360 X4 BATTERY - INSTA X4 BATT-106350 | EPSON PROJECTOR - EPSON PROJ-106351 | GODOX POWER SUPPLY - GODOX PSU-106352 | INSTA360 X4 BATTERY - INSTA X4 BATT-106353 | EPSON PROJECTOR - EPSON PROJ-106354 | ZOOM H5 RECORDER - ZOOM H5-106355 | HUION DRAWING TABLET - HUION TABLET-106356 | EQUIPMENT CRATE 12x12 - CRATE12-106357 | RODE MIC BATTERY - RODE MIC BATT-106358 | USB KEYBOARD - USB KYBD-106359 | MACBOOK AIR M3 CHARGER - MBA M3 CHRG-106360 | ZOOM H5 RECORDER - ZOOM H5-106361 | WACOM ONE TABLET - WACOM ONE-106362 | WACOM CINTIQ PEN - WACOM CINTIQ PEN-106363 | XLR CABLE 25FT - XLR25-106364 | GODOX LED LIGHT PANEL - GODOX LED-106365 | SANDISK 128GB SD CARD - SANDISK 128SD-106366 | WACOM CINTIQ PEN - WACOM CINTIQ PEN-106367 | INSTA360 X4 CASE - INSTA X4 CASE-106368 | 
1430812,,@fixture.edu,0,04/03/2025 1:41 PM,04/03/2025 7:00 PM,04/03/2025 7:06 PM,19500,30,Returned: SANDISK 128GB SD CARD - SANDISK 128SD-106369 | WACOM ONE TABLET - WACOM ONE-106370 | META QUEST HEADSET - MQUEST HS-106371 | RODE WIRELESS MIC - RODE WIRELESS-106372 | BENQ DATA PROJECTOR - BENQ PROJ-106373 | HDMI CABLE 10FT - HDMI10-106374 | HUION DRAWING TABLET - HUION TABLET-106375 | NIKON Z6 III CAMERA CASE - NIKON Z6III CASE-106376 | XLR CABLE 15FT - XLR15-106377 | RODE WIRELESS MIC - RODE WIRELESS-106378 | OLYMPUS 12-40mm LENS - OLY 1240 LENS-106379 | SANDISK 64GB SD CARD - SANDISK 64SD-106380 | NIKON Z6 III BATTERY CHARGER - NIKON Z6III CHRG-106381 | META QUEST CONTROLLER - MQUEST CTRL-106382 | WACOM CINTIQ PEN - WACOM CINTIQ PEN-106383 | INSTA360 X4 CAMERA - INSTA X4-106384 | BENQ DATA PROJECTOR - BENQ PROJ-106385 | ZOOM H5 RECORDER - ZOOM H5-106386 | MANFROTTO TRIPOD CASE - MANFRO CASE-106387 | GODOX LED LIGHT PANEL - GODOX LED-106388 | HDMI CABLE 10FT - HDMI10-106389 | LAPTOP SLEEVE CASE - LAPTOP SLEEVE-106390 | INSTA360 X4 BATTERY - INSTA X4 BATT-106391 | GODOX LED LIGHT PANEL - GODOX LED-106392 | MANFROTTO TRIPOD CASE - MANFRO CASE-106393 | NIKON Z6 III BATTERY - NIKON Z6III BATT-106394 | USB KEYBOARD - USB KYBD-106395 | ZOOM H5 RECORDER - ZOOM H5-106396 | LEXAR 128GB CF CARD - LEXAR CF128-106397 | USB-C MULTIPORT HUB - USBC HUB-106398 | 
6233774,,@fixture.edu,0,04/10/2025 1:46 PM,04/10/2025 7:00 PM,04/10/2025 7:23 PM,20220,30,Returned: META QUEST HEADSET - MQUEST HS-106399 | GODOX LIGHT STAND - GODOX STAND-106400 | LEXAR 128GB CF CARD - LEXAR CF128-106401 | GODOX POWER SUPPLY - GODOX PSU-106402 | EPSON PROJECTOR HDMI CABLE - EPSON PROJ HDMI-106403 | WACOM ONE TABLET - WACOM ONE-106404 | XLR CABLE 15FT - XLR15-106405 | RODE MIC BATTERY - RODE MIC BATT-106406 | DELL XPS LAPTOP CHARGER - DELL XPS CHRG-106407 | NIKON Z6 III MIRRORLESS BODY - NIKON Z6III-106408 | CARD READER - CARDRDR-106409 | NIKON Z6 III CAMERA CASE - NIKON Z6III CASE-106410 | PANASONIC S5 II BATTERY CHARGER - PANA S5II CHRG-106411 | HUION DRAWING TABLET - HUION TABLET-106412 | OLYMPUS OM-D E-M1 BODY - OLY EM1-106413 | SANDISK 64GB SD CARD - SANDISK 64SD-106414 | FUJIFILM X-T5 BATTERY - FUJI XT5 BATT-106415 | WACOM CINTIQ PEN - WACOM CINTIQ PEN-106416 | LOGITECH WIRELESS MOUSE - LOGI MOUSE-106417 | META QUEST CHARGING CABLE - MQUEST CABLE-106418 | SANDISK 128GB SD CARD - SANDISK 128SD-106419 | FUJIFILM X-T5 BODY - FUJI XT5-106420 | EPSON PROJECTOR HDMI CABLE - EPSON PROJ HDMI-106421 | RODE MIC BATTERY - RODE MIC BATT-106422 | EPSON PROJECTOR HDMI CABLE - EPSON PROJ HDMI-106423 | LEXAR 128GB CF CARD - LEXAR CF128-106424 | PANASONIC S5 II BODY - PANA S5II-106425 | LEXAR 128GB CF CARD - LEXAR CF128-106426 | MANFROTTO TRIPOD CASE - MANFRO CASE-106427 | DELL XPS LAPTOP CHARGER - DELL XPS CHRG-106428 | 
7296605,,@fixture.edu,0,04/17/2025 2:24 PM,04/17/2025 7:00 PM,04/18/2025 12:04 AM,34800,30,Returned: HUION DRAWING TABLET - HUION TABLET-106429 | MANFROTTO TRIPOD - MANFRO TRIPOD-106430 | EXTENSION CORD 10FT - EXTCORD10-106431 | FUJIFILM X-T5 BODY - FUJI XT5-106432 | INSTA360 X4 BATTERY - INSTA X4 BATT-106433 | XLR CABLE 25FT - XLR25-106434 | PANASONIC S5 II BODY - PANA S5II-106435 | DELL XPS LAPTOP CHARGER - DELL XPS CHRG-106436 | MACBOOK AIR CHARGING CABLE - MBA CABLE-106437 | BENQ DATA PROJECTOR - BENQ PROJ-106438 | HDMI CABLE 10FT - HDMI10-106439 | LOGITECH WIRELESS MOUSE - LOGI MOUSE-106440 | POWER STRIP - PWRSTRIP-106441 | NIKON Z6 III BATTERY - NIKON Z6III BATT-106442 | XLR CABLE 15FT - XLR15-106443 | USB KEYBOARD - USB KYBD-106444 | HDMI CABLE 10FT - HDMI10-106445 | META QUEST CONTROLLER - MQUEST CTRL-106446 | WACOM CINTIQ PEN - WACOM CINTIQ PEN-106447 | OLYMPUS 12-40mm LENS - OLY 1240 LENS-106448 | EPSON PROJECTOR HDMI CABLE - EPSON PROJ HDMI-106449 | MANFROTTO TRIPOD - MANFRO TRIPOD-106450 | MACBOOK AIR M3 LAPTOP - MBA M3-106451 | DELL XPS LAPTOP CHARGER - DELL XPS CHRG-106452 | XLR CABLE 15FT - XLR15-106453 | WACOM ONE TABLET - WACOM ONE-106454 | NIKON Z6 III CAMERA CASE - NIKON Z6III CASE-106455 | OLYMPUS OM-D E-M1 BODY - OLY EM1-106456 | MACBOOK AIR M3 LAPTOP - MBA M3-106457 | OLYMPUS 12-40mm LENS - OLY 1240 LENS-106458 | 
7654757,DRAW,@inside.fixture.edu,1,02/07/2025 1:42 PM,02/21/2025 6:30 PM,02/21/2025 4:31 PM,1219740,7,Returned: PANASONIC S5 II BATTERY CHARGER - PANA S5II CHRG-106459 | NIKON Z6 III MIRRORLESS BODY - NIKON Z6III-106460 | MACBOOK AIR CHARGING CABLE - MBA CABLE-106461 | EPSON PROJECTOR HDMI CABLE - EPSON PROJ HDMI-106462 | MACBOOK AIR CHARGING CABLE - MBA CABLE-106463 | META QUEST CONTROLLER - MQUEST CTRL-106464 | META QUEST CHARGING CABLE - MQUEST CABLE-106465 | 
4327421,,@fixture.edu,1,02/07/2025 2:24 PM,02/17/2025 6:30 PM,03/05/2025 7:57 AM,2223180,1,Returned: INSTA360 X4 BATTERY - INSTA X4 BATT-106466 | 
2275009,,@fixture.edu,0,02/07/2025 4:10 PM,02/12/2025 6:30 PM,02/07/2025 4:19 PM,540,5,Returned: XLR CABLE 15FT - XLR15-106467 | MACBOOK AIR M3 CHARGER - MBA M3 CHRG-106468 | GODOX LED LIGHT PANEL - GODOX LED-106469 | WACOM CINTIQ PEN - WACOM CINTIQ PEN-106470 | AUDIO-TECHNICA HEADPHONES - AT HEADPHONES-106471 | 
5074336,,@fixture.edu,1,02/07/2025 4:19 PM,02/28/2025 6:30 PM,03/17/2025 5:43 PM,3288240,2,Returned: NIKON Z6 III BATTERY CHARGER - NIKON Z6III CHRG-106472 | META QUEST CONTROLLER - MQUEST CTRL-106473 | 
2709620,,@fixture.edu,3,02/07/2025 4:21 PM,03/06/2025 6:30 PM,03/17/2025 5:46 PM,3288300,2,Returned: XLR CABLE 25FT - XLR25-106474 | WACOM CINTIQ TABLET - WACOM CINTIQ-106475 | 
6059717,,@fixture.edu,0,02/11/2025 1:54 PM,02/11/2025 6:45 PM,02/11/2025 7:23 PM,19740,60,Returned: PANASONIC S5 II BATTERY CHARGER - PANA S5II CHRG-106476 | DELL XPS LAPTOP - DELL XPS-106477 | MANFROTTO TRIPOD - MANFRO TRIPOD-106478 | META QUEST CONTROLLER - MQUEST CTRL-106479 | EPSON PROJECTOR HDMI CABLE - EPSON PROJ HDMI-106480 | LAPTOP SLEEVE CASE - LAPTOP SLEEVE-106481 | MACBOOK AIR M3 CHARGER - MBA M3 CHRG-106482 | GODOX POWER SUPPLY - GODOX PSU-106483 | EPSON PROJECTOR - EPSON PROJ-106484 | GODOX LED LIGHT PANEL - GODOX LED-106485 | META QUEST CONTROLLER - MQUEST CTRL-106486 | BENQ DATA PROJECTOR - BENQ PROJ-106487 | LEXAR 128GB CF CARD - LEXAR CF128-106488 | NIKON Z6 III BATTERY - NIKON Z6III BATT-106489 | LOGITECH WEBCAM - LOGI WEBCAM-106490 | HUION DRAWING TABLET - HUION TABLET-106491 | GODOX POWER SUPPLY - GODOX PSU-106492 | EPSON PROJECTOR - EPSON PROJ-106493 | GODOX LED LIGHT PANEL - GODOX LED-106494 | MANFROTTO TRIPOD - MANFRO TRIPOD-106495 | MACBOOK AIR M3 LAPTOP - MBA M3-106496 | GODOX POWER SUPPLY - GODOX PSU-106497 | LEXAR 128GB CF CARD - LEXAR CF128-106498 | WACOM ONE TABLET - WACOM ONE-106499 | INSTA360 X4 CAMERA - INSTA X4-106500 | USB KEYBOARD - USB KYBD-106501 | NIKON Z6 III MIRRORLESS BODY - NIKON Z6III-106502 | EXTENSION CORD 10FT - EXTCORD10-106503 | GODOX LED LIGHT PANEL - GODOX LED-106504 | META QUEST CONTROLLER - MQUEST CTRL-106505 | XLR CABLE 25FT - XLR25-106506 | WACOM CINTIQ PEN - WACOM CINTIQ PEN-106507 | META QUEST HEADSET - MQUEST HS-106508 | LAPTOP SLEEVE CASE - LAPTOP SLEEVE-106509 | PANASONIC S5 II BATTERY CHARGER - PANA S5II CHRG-106510 | DELL XPS LAPTOP - DELL XPS-106511 | LOGITECH WIRELESS MOUSE - LOGI MOUSE-106512 | LEXAR 128GB CF CARD - LEXAR CF128-106513 | RODE WIRELESS MIC - RODE WIRELESS-106514 | INSTA360 X4 BATTERY - INSTA X4 BATT-106515 | GODOX LIGHT STAND - GODOX STAND-106516 | XLR CABLE 25FT - XLR25-106517 | RODE WIRELESS MIC - RODE WIRELESS-106518 | AUDIO-TECHNICA HEADPHONES - AT HEADPHONES-106519 | EQUIPMENT CRATE 12x12 - CRATE12-106520 | BENQ DATA PROJECTOR - BENQ PROJ-106521 | FUJIFILM X-T5 BODY - FUJI XT5-106522 | HUION DRAWING TABLET - HUION TABLET-106523 | EXTENSION CORD 10FT - EXTCORD10-106524 | ZOOM H5 RECORDER - ZOOM H5-106525 | OLYMPUS OM-D E-M1 BODY - OLY EM1-106526 | HDMI CABLE 10FT - HDMI10-106527 | META QUEST CHARGING CABLE - MQUEST CABLE-106528 | XLR CABLE 25FT - XLR25-106529 | RODE WIRELESS MIC - RODE WIRELESS-106530 | INSTA360 X4 CASE - INSTA X4 CASE-106531 | LOGITECH WEBCAM - LOGI WEBCAM-106532 | NIKON Z6 III MIRRORLESS BODY - NIKON Z6III-106533 | NIKON Z6 III CAMERA CASE - NIKON Z6III CASE-106534 | EPSON PROJECTOR - EPSON PROJ-106535 | 
3030966,,@fixture.edu,0,02/18/2025 1:50 PM,02/18/2025 6:45 PM,02/18/2025 7:03 PM,18780,60,Returned: LAPTOP SLEEVE CASE - LAPTOP SLEEVE-106536 | GODOX LED LIGHT PANEL - GODOX LED-106537 | BENQ DATA PROJECTOR - BENQ PROJ-106538 | PANASONIC S5 II BODY - PANA S5II-106539 | XLR CABLE 15FT - XLR15-106540 | EPSON PROJECTOR - EPSON PROJ-106541 | PANASONIC S5 II BATTERY CHARGER - PANA S5II CHRG-106542 | PANASONIC S5 II BATTERY CHARGER - PANA S5II CHRG-106543 | INSTA360 X4 CAMERA - INSTA X4-106544 | DELL XPS LAPTOP CHARGER - DELL XPS CHRG-106545 | LOGITECH WEBCAM - LOGI WEBCAM-106546 | PANASONIC S5 II BATTERY CHARGER - PANA S5II CHRG-106547 | NIKON Z6 III CAMERA CASE - NIKON Z6III CASE-106548 | PANASONIC S5 II BATTERY CHARGER - PANA S5II CHRG-106549 | HDMI CABLE 10FT - HDMI10-106550 | MANFROTTO TRIPOD - MANFRO TRIPOD-106551 | META QUEST HEADSET - MQUEST HS-106552 | AUDIO-TECHNICA HEADPHONES - AT HEADPHONES-106553 | HUION DRAWING TABLET - HUION TABLET-106554 | HUION DRAWING TABLET - HUION TABLET-106555 | CARD READER - CARDRDR-106556 | PANASONIC S5 II BODY - PANA S5II-106557 | RODE WIRELESS MIC - RODE WIRELESS-106558 | XLR CABLE 15FT - XLR15-106559 | MANFROTTO TRIPOD CASE - MANFRO CASE-106560 | ZOOM H5 RECORDER - ZOOM H5-106561 | WACOM CINTIQ PEN - WACOM CINTIQ PEN-106562 | MACBOOK AIR M3 CHARGER - MBA M3 CHRG-106563 | GODOX POWER SUPPLY - GODOX PSU-106564 | FUJIFILM X-T5 BATTERY - FUJI XT5 BATT-106565 | NIKON Z6 III CAMERA CASE - NIKON Z6III CASE-106566 | HDMI CABLE 10FT - HDMI10-106567 | NIKON Z6 III MIRRORLESS BODY - NIKON Z6III-106568 | WACOM CINTIQ PEN - WACOM CINTIQ PEN-106569 | INSTA360 X4 CASE - INSTA X4 CASE-106570 | FUJIFILM X-T5 BATTERY - FUJI XT5 BATT-106571 | LAPTOP SLEEVE CASE - LAPTOP SLEEVE-106572 | NIKON Z6 III MIRRORLESS BODY - NIKON Z6III-106573 | WACOM ONE TABLET - WACOM ONE-106574 | INSTA360 X4 CASE - INSTA X4 CASE-106575 | HDMI CABLE 10FT - HDMI10-106576 | META QUEST CHARGING CABLE - MQUEST CABLE-106577 | MACBOOK AIR M3 CHARGER - MBA M3 CHRG-106578 | ZOOM H5 RECORDER - ZOOM H5-106579 | DELL XPS LAPTOP - DELL XPS-106580 | XLR CABLE 15FT - XLR15-106581 | EQUIPMENT CRATE 12x12 - CRATE12-106582 | INSTA360 X4 CASE - INSTA X4 CASE-106583 | LOGITECH WEBCAM - LOGI WEBCAM-106584 | META QUEST CHARGING CABLE - MQUEST CABLE-106585 | GODOX LIGHT STAND - GODOX STAND-106586 | XLR CABLE 15FT - XLR15-106587 | NIKON Z6 III CAMERA CASE - NIKON Z6III CASE-106588 | ZOOM H5 RECORDER CASE - ZOOM H5 CASE-106589 | ZOOM H5 RECORDER - ZOOM H5-106590 | FUJIFILM X-T5 BATTERY - FUJI XT5 BATT-106591 | MACBOOK AIR M3 LAPTOP - MBA M3-106592 | EPSON PROJECTOR - EPSON PROJ-106593 | EPSON PROJECTOR HDMI CABLE - EPSON PROJ HDMI-106594 | EQUIPMENT CRATE 12x12 - CRATE12-106595 | 
1689025,,@fixture.edu,0,02/25/2025 1:51 PM,02/25/2025 6:45 PM,02/25/2025 6:47 PM,17760,60,Returned: OLYMPUS OM-D E-M1 BODY - OLY EM1-106596 | WACOM ONE TABLET - WACOM ONE-106597 | CARD READER - CARDRDR-106598 | MANFROTTO TRIPOD CASE - MANFRO CASE-106599 | EPSON PROJECTOR - EPSON PROJ-106600 | LOGITECH WEBCAM - LOGI WEBCAM-106601 | XLR CABLE 15FT - XLR15-106602 | HUION DRAWING TABLET - HUION TABLET-106603 | GODOX LIGHT STAND - GODOX STAND-106604 | MACBOOK AIR M3 CHARGER - MBA M3 CHRG-106605 | AUDIO-TECHNICA HEADPHONES - AT HEADPHONES-106606 | PANASONIC S5 II BATTERY CHARGER - PANA S5II CHRG-106607 | INSTA360 X4 CASE - INSTA X4 CASE-106608 | INSTA360 X4 CAMERA - INSTA X4-106609 | LOGITECH WEBCAM - LOGI WEBCAM-106610 | NIKON Z6 III MIRRORLESS BODY - NIKON Z6III-106611 | ZOOM H5 RECORDER CASE - ZOOM H5 CASE-106612 | NIKON Z6 III BATTERY CHARGER - NIKON Z6III CHRG-106613 | LOGITECH WEBCAM - LOGI WEBCAM-106614 | RODE MIC BATTERY - RODE MIC BATT-106615 | DELL XPS LAPTOP CHARGER - DELL XPS CHRG-106616 | WACOM ONE TABLET - WACOM ONE-106617 | AUDIO-TECHNICA HEADPHONES - AT HEADPHONES-106618 | WACOM ONE TABLET - WACOM ONE-106619 | FUJIFILM X-T5 BODY - FUJI XT5-106620 | DELL XPS LAPTOP - DELL XPS-106621 | META QUEST CHARGING CABLE - MQUEST CABLE-106622 | META QUEST CHARGING CABLE - MQUEST CABLE-106623 | INSTA360 X4 CASE - INSTA X4 CASE-106624 | CARD READER - CARDRDR-106625 | META QUEST HEADSET - MQUEST HS-106626 | BENQ DATA PROJECTOR - BENQ PROJ-106627 | RODE WIRELESS MIC - RODE WIRELESS-106628 | PANASONIC S5 II BATTERY CHARGER - PANA S5II CHRG-106629 | OLYMPUS OM-D E-M1 BODY - OLY EM1-106630 | LAPTOP SLEEVE CASE - LAPTOP SLEEVE-106631 | WACOM CINTIQ TABLET - WACOM CINTIQ-106632 | CARD READER - CARDRDR-106633 | MACBOOK AIR CHARGING CABLE - MBA CABLE-106634 | OLYMPUS OM-D E-M1 BODY - OLY EM1-106635 | POWER STRIP - PWRSTRIP-106636 | RODE WIRELESS MIC - RODE WIRELESS-106637 | GODOX POWER SUPPLY - GODOX PSU-106638 | USB-C TO HDMI ADAPTER - USBC HDMI-106639 | EQUIPMENT CRATE 12x12 - CRATE12-106640 | PANASONIC S5 II BODY - PANA S5II-106641 | DELL XPS LAPTOP CHARGER - DELL XPS CHRG-106642 | FUJIFILM 18-55mm LENS - FUJI 1855 LENS-106643 | GODOX LIGHT STAND - GODOX STAND-106644 | LEXAR 128GB CF CARD - LEXAR CF128-106645 | SANDISK 64GB SD CARD - SANDISK 64SD-106646 | HDMI CABLE 10FT - HDMI10-106647 | GODOX LIGHT STAND - GODOX STAND-106648 | FUJIFILM X-T5 BODY - FUJI XT5-106649 | DELL XPS LAPTOP - DELL XPS-106650 | EPSON PROJECTOR HDMI CABLE - EPSON PROJ HDMI-106651 | OLYMPUS 12-40mm LENS - OLY 1240 LENS-106652 | META QUEST CHARGING CABLE - MQUEST CABLE-106653 | META QUEST HEADSET - MQUEST HS-106654 | EXTENSION CORD 10FT - EXTCORD10-106655 | 
6825112,,@fixture.edu,0,03/04/2025 1:51 PM,03/04/2025 6:45 PM,03/04/2025 6:46 PM,17700,60,Returned: SANDISK 128GB SD CARD - SANDISK 128SD-106656 | MANFROTTO TRIPOD - MANFRO TRIPOD-106657 | MACBOOK AIR M3 CHARGER - MBA M3 CHRG-106658 | META QUEST HEADSET - MQUEST HS-106659 | FUJIFILM 18-55mm LENS - FUJI 1855 LENS-106660 | OLYMPUS OM-D E-M1 BODY - OLY EM1-106661 | USB-C MULTIPORT HUB - USBC HUB-106662 | EPSON PROJECTOR HDMI CABLE - EPSON PROJ HDMI-106663 | FUJIFILM X-T5 BODY - FUJI XT5-106664 | EPSON PROJECTOR - EPSON PROJ-106665 | CARD READER - CARDRDR-106666 | META QUEST CHARGING CABLE - MQUEST CABLE-106667 | EXTENSION CORD 10FT - EXTCORD10-106668 | WACOM ONE TABLET - WACOM ONE-106669 | GODOX LED LIGHT PANEL - GODOX LED-106670 | XLR CABLE 15FT - XLR15-106671 | EPSON PROJECTOR HDMI CABLE - EPSON PROJ HDMI-106672 | BENQ DATA PROJECTOR - BENQ PROJ-106673 | XLR CABLE 15FT - XLR15-106674 | GODOX LED LIGHT PANEL - GODOX LED-106675 | USB-C TO HDMI ADAPTER - USBC HDMI-106676 | CARD READER - CARDRDR-106677 | LOGITECH WEBCAM - LOGI WEBCAM-106678 | SANDISK 128GB SD CARD - SANDISK 128SD-106679 | FUJIFILM 18-55mm LENS - FUJI 1855 LENS-106680 | FUJIFILM X-T5 BODY - FUJI XT5-106681 | FUJIFILM X-T5 BODY - FUJI XT5-106682 | BENQ DATA PROJECTOR - BENQ PROJ-106683 | META QUEST CHARGING CABLE - MQUEST CABLE-106684 | BENQ DATA PROJECTOR - BENQ PROJ-106685 | FUJIFILM 18-55mm LENS - FUJI 1855 LENS-106686 | XLR CABLE 15FT - XLR15-106687 | USB KEYBOARD - USB KYBD-106688 | INSTA360 X4 CAMERA - INSTA X4-106689 | WACOM CINTIQ TABLET - WACOM CINTIQ-106690 | NIKON Z6 III MIRRORLESS BODY - NIKON Z6III-106691 | NIKON Z6 III CAMERA CASE - NIKON Z6III CASE-106692 | USB-C MULTIPORT HUB - USBC HUB-106693 | USB KEYBOARD - USB KYBD-106694 | INSTA360 X4 BATTERY - INSTA X4 BATT-106695 | RODE MIC BATTERY - RODE MIC BATT-106696 | XLR CABLE 15FT - XLR15-106697 | GODOX POWER SUPPLY - GODOX PSU-106698 | POWER STRIP - PWRSTRIP-106699 | LAPTOP SLEEVE CASE - LAPTOP SLEEVE-106700 | WACOM ONE TABLET - WACOM ONE-106701 | SANDISK 128GB SD CARD - SANDISK 128SD-106702 | XLR CABLE 25FT - XLR25-106703 | USB-C MULTIPORT HUB - USBC HUB-106704 | MACBOOK AIR M3 LAPTOP - MBA M3-106705 | OLYMPUS OM-D E-M1 BODY - OLY EM1-106706 | META QUEST CHARGING CABLE - MQUEST CABLE-106707 | USB KEYBOARD - USB KYBD-106708 | MACBOOK AIR CHARGING CABLE - MBA CABLE-106709 | MACBOOK AIR M3 LAPTOP - MBA M3-106710 | WACOM ONE TABLET - WACOM ONE-106711 | OLYMPUS 12-40mm LENS - OLY 1240 LENS-106712 | GODOX LIGHT STAND - GODOX STAND-106713 | LOGITECH WEBCAM - LOGI WEBCAM-106714 | EPSON PROJECTOR - EPSON PROJ-106715 | 
9937982,,@fixture.edu,0,03/11/2025 12:02 PM,03/11/2025 6:45 PM,03/11/2025 6:47 PM,24300,60,Returned: WACOM CINTIQ PEN - WACOM CINTIQ PEN-106716 | RODE WIRELESS MIC - RODE WIRELESS-106717 | INSTA360 X4 CASE - INSTA X4 CASE-106718 | FUJIFILM 18-55mm LENS - FUJI 1855 LENS-106719 | INSTA360 X4 CASE - INSTA X4 CASE-106720 | EPSON PROJECTOR - EPSON PROJ-106721 | MACBOOK AIR M3 CHARGER - MBA M3 CHRG-106722 | LOGITECH WIRELESS MOUSE - LOGI MOUSE-106723 | MACBOOK AIR CHARGING CABLE - MBA CABLE-106724 | EPSON PROJECTOR - EPSON PROJ-106725 | XLR CABLE 15FT - XLR15-106726 | INSTA360 X4 BATTERY - INSTA X4 BATT-106727 | ZOOM H5 RECORDER - ZOOM H5-106728 | LOGITECH WIRELESS MOUSE - LOGI MOUSE-106729 | SANDISK 64GB SD CARD - SANDISK 64SD-106730 | BENQ DATA PROJECTOR - BENQ PROJ-106731 | LOGITECH WEBCAM - LOGI WEBCAM-106732 | EPSON PROJECTOR - EPSON PROJ-106733 | NIKON Z6 III BATTERY CHARGER - NIKON Z6III CHRG-106734 | CARD READER - CARDRDR-106735 | PANASONIC S5 II BODY - PANA S5II-106736 | MACBOOK AIR M3 CHARGER - MBA M3 CHRG-106737 | XLR CABLE 25FT - XLR25-106738 | INSTA360 X4 CASE - INSTA X4 CASE-106739 | GODOX LIGHT STAND - GODOX STAND-106740 | USB KEYBOARD - USB KYBD-106741 | INSTA360 X4 CASE - INSTA X4 CASE-106742 | USB-C TO HDMI ADAPTER - USBC HDMI-106743 | ZOOM H5 RECORDER - ZOOM H5-106744 | GODOX POWER SUPPLY - GODOX PSU-106745 | INSTA360 X4 CASE - INSTA X4 CASE-106746 | HDMI CABLE 10FT - HDMI10-106747 | XLR CABLE 25FT - XLR25-106748 | USB-C MULTIPORT HUB - USBC HUB-106749 | MANFROTTO TRIPOD CASE - MANFRO CASE-106750 | EPSON PROJECTOR - EPSON PROJ-106751 | PANASONIC S5 II BATTERY CHARGER - PANA S5II CHRG-106752 | CARD READER - CARDRDR-106753 | XLR CABLE 25FT - XLR25-106754 | OLYMPUS OM-D E-M1 BODY - OLY EM1-106755 | HDMI CABLE 10FT - HDMI10-106756 | WACOM CINTIQ TABLET - WACOM CINTIQ-106757 | LOGITECH WEBCAM - LOGI WEBCAM-106758 | USB KEYBOARD - USB KYBD-106759 | EPSON PROJECTOR HDMI CABLE - EPSON PROJ HDMI-106760 | MACBOOK AIR M3 LAPTOP - MBA M3-106761 | PANASONIC S5 II BODY - PANA S5II-106762 | OLYMPUS OM-D E-M1 BODY - OLY EM1-106763 | EPSON PROJECTOR - EPSON PROJ-106764 | RODE WIRELESS MIC - RODE WIRELESS-106765 | OLYMPUS OM-D E-M1 BODY - OLY EM1-106766 | SANDISK 64GB SD CARD - SANDISK 64SD-106767 | HDMI CABLE 10FT - HDMI10-106768 | BENQ DATA PROJECTOR - BENQ PROJ-106769 | NIKON Z6 III MIRRORLESS BODY - NIKON Z6III-106770 | EPSON PROJECTOR HDMI CABLE - EPSON PROJ HDMI-106771 | WACOM CINTIQ TABLET - WACOM CINTIQ-106772 | GODOX POWER SUPPLY - GODOX PSU-106773 | INSTA360 X4 CASE - INSTA X4 CASE-106774 | OLYMPUS 12-40mm LENS - OLY 1240 LENS-106775 | 
8186990,,@fixture.edu,0,03/18/2025 1:45 PM,03/18/2025 6:45 PM,03/18/2025 5:02 PM,11820,60,Returned: INSTA360 X4 CAMERA - INSTA X4-106776 | DELL XPS LAPTOP - DELL XPS-106777 | USB KEYBOARD - USB KYBD-106778 | META QUEST CONTROLLER - MQUEST CTRL-106779 | FUJIFILM X-T5 BATTERY - FUJI XT5 BATT-106780 | INSTA360 X4 BATTERY - INSTA X4 BATT-106781 | PANASONIC S5 II BODY - PANA S5II-106782 | NIKON Z6 III BATTERY CHARGER - NIKON Z6III CHRG-106783 | INSTA360 X4 BATTERY - INSTA X4 BATT-106784 | GODOX LED LIGHT PANEL - GODOX LED-106785 | WACOM CINTIQ PEN - WACOM CINTIQ PEN-106786 | INSTA360 X4 BATTERY - INSTA X4 BATT-106787 | HUION DRAWING TABLET - HUION TABLET-106788 | AUDIO-TECHNICA HEADPHONES - AT HEADPHONES-106789 | NIKON Z6 III BATTERY - NIKON Z6III BATT-106790 | LEXAR 128GB CF CARD - LEXAR CF128-106791 | MACBOOK AIR M3 CHARGER - MBA M3 CHRG-106792 | GODOX POWER SUPPLY - GODOX PSU-106793 | INSTA360 X4 CAMERA - INSTA X4-106794 | GODOX LED LIGHT PANEL - GODOX LED-106795 | XLR CABLE 15FT - XLR15-106796 | EPSON PROJECTOR - EPSON PROJ-106797 | POWER STRIP - PWRSTRIP-106798 | GODOX LIGHT STAND - GODOX STAND-106799 | EXTENSION CORD 10FT - EXTCORD10-106800 | CARD READER - CARDRDR-106801 | GODOX LED LIGHT PANEL - GODOX LED-106802 | MANFROTTO TRIPOD CASE - MANFRO CASE-106803 | GODOX LED LIGHT PANEL - GODOX LED-106804 | XLR CABLE 15FT - XLR15-106805 | FUJIFILM 18-55mm LENS - FUJI 1855 LENS-106806 | FUJIFILM X-T5 BODY - FUJI XT5-106807 | MACBOOK AIR M3 CHARGER - MBA M3 CHRG-106808 | GODOX LIGHT STAND - GODOX STAND-106809 | LAPTOP SLEEVE CASE - LAPTOP SLEEVE-106810 | NIKON Z6 III BATTERY - NIKON Z6III BATT-106811 | WACOM CINTIQ TABLET - WACOM CINTIQ-106812 | WACOM CINTIQ TABLET - WACOM CINTIQ-106813 | MANFROTTO TRIPOD CASE - MANFRO CASE-106814 | BENQ DATA PROJECTOR - BENQ PROJ-106815 | POWER STRIP - PWRSTRIP-106816 | PANASONIC S5 II BODY - PANA S5II-106817 | MACBOOK AIR M3 CHARGER - MBA M3 CHRG-106818 | GODOX LED LIGHT PANEL - GODOX LED-106819 | DELL XPS LAPTOP - DELL XPS-106820 | WACOM CINTIQ TABLET - WACOM CINTIQ-106821 | FUJIFILM X-T5 BATTERY - FUJI XT5 BATT-106822 | NIKON Z6 III CAMERA CASE - NIKON Z6III CASE-106823 | META QUEST HEADSET - MQUEST HS-106824 | POWER STRIP - PWRSTRIP-106825 | PANASONIC S5 II BATTERY CHARGER - PANA S5II CHRG-106826 | LOGITECH WEBCAM - LOGI WEBCAM-106827 | NIKON Z6 III BATTERY - NIKON Z6III BATT-106828 | USB-C TO HDMI ADAPTER - USBC HDMI-106829 | USB-C MULTIPORT HUB - USBC HUB-106830 | LOGITECH WEBCAM - LOGI WEBCAM-106831 | MACBOOK AIR M3 CHARGER - MBA M3 CHRG-106832 | LAPTOP SLEEVE CASE - LAPTOP SLEEVE-106833 | WACOM CINTIQ PEN - WACOM CINTIQ PEN-106834 | EPSON PROJECTOR HDMI CABLE - EPSON PROJ HDMI-106835 | 
7217147,,@fixture.edu,0,03/25/2025 1:48 PM,03/25/2025 6:45 PM,03/25/2025 6:43 PM,17700,60,Returned: POWER STRIP - PWRSTRIP-106836 | FUJIFILM 18-55mm LENS - FUJI 1855 LENS-106837 | HDMI CABLE 10FT - HDMI10-106838 | INSTA360 X4 BATTERY - INSTA X4 BATT-106839 | META QUEST HEADSET - MQUEST HS-106840 | PANASONIC S5 II BODY - PANA S5II-106841 | WACOM CINTIQ PEN - WACOM CINTIQ PEN-106842 | PANASONIC S5 II BODY - PANA S5II-106843 | USB-C TO HDMI ADAPTER - USBC HDMI-106844 | LOGITECH WEBCAM - LOGI WEBCAM-106845 | FUJIFILM 18-55mm LENS - FUJI 1855 LENS-106846 | OLYMPUS OM-D E-M1 BODY - OLY EM1-106847 | SANDISK 64GB SD CARD - SANDISK 64SD-106848 | OLYMPUS 12-40mm LENS - OLY 1240 LENS-106849 | USB-C TO HDMI ADAPTER - USBC HDMI-106850 | USB KEYBOARD - USB KYBD-106851 | NIKON Z6 III BATTERY - NIKON Z6III BATT-106852 | INSTA360 X4 BATTERY - INSTA X4 BATT-106853 | MACBOOK AIR CHARGING CABLE - MBA CABLE-106854 | ZOOM H5 RECORDER CASE - ZOOM H5 CASE-106855 | USB-C MULTIPORT HUB - USBC HUB-106856 | DELL XPS LAPTOP - DELL XPS-106857 | META QUEST CHARGING CABLE - MQUEST CABLE-106858 | NIKON Z6 III MIRRORLESS BODY - NIKON Z6III-106859 | RODE WIRELESS MIC - RODE WIRELESS-106860 | INSTA360 X4 CAMERA - INSTA X4-106861 | LAPTOP SLEEVE CASE - LAPTOP SLEEVE-106862 | POWER STRIP - PWRSTRIP-106863 | GODOX LIGHT STAND - GODOX STAND-106864 | DELL XPS LAPTOP CHARGER - DELL XPS CHRG-106865 | WACOM CINTIQ TABLET - WACOM CINTIQ-106866 | EPSON PROJECTOR - EPSON PROJ-106867 | LAPTOP SLEEVE CASE - LAPTOP SLEEVE-106868 | INSTA360 X4 CASE - INSTA X4 CASE-106869 | ZOOM H5 RECORDER CASE - ZOOM H5 CASE-106870 | USB-C MULTIPORT HUB - USBC HUB-106871 | SANDISK 64GB SD CARD - SANDISK 64SD-106872 | FUJIFILM X-T5 BATTERY - FUJI XT5 BATT-106873 | LOGITECH WIRELESS MOUSE - LOGI MOUSE-106874 | LEXAR 128GB CF CARD - LEXAR CF128-106875 | PANASONIC S5 II BATTERY CHARGER - PANA S5II CHRG-106876 | RODE WIRELESS MIC - RODE WIRELESS-106877 | LOGITECH WIRELESS MOUSE - LOGI MOUSE-106878 | INSTA360 X4 CAMERA - INSTA X4-106879 | WACOM ONE TABLET - WACOM ONE-106880 | SANDISK 64GB SD CARD - SANDISK 64SD-106881 | ZOOM H5 RECORDER CASE - ZOOM H5 CASE-106882 | OLYMPUS OM-D E-M1 BODY - OLY EM1-106883 | HUION DRAWING TABLET - HUION TABLET-106884 | FUJIFILM X-T5 BODY - FUJI XT5-106885 | MANFROTTO TRIPOD - MANFRO TRIPOD-106886 | XLR CABLE 15FT - XLR15-106887 | META QUEST HEADSET - MQUEST HS-106888 | AUDIO-TECHNICA HEADPHONES - AT HEADPHONES-106889 | FUJIFILM X-T5 BODY - FUJI XT5-106890 | LEXAR 128GB CF CARD - LEXAR CF128-106891 | DELL XPS LAPTOP - DELL XPS-106892 | EPSON PROJECTOR - EPSON PROJ-106893 | USB-C MULTIPORT HUB - USBC HUB-106894 | NIKON Z6 III CAMERA CASE - NIKON Z6III CASE-106895 | 
2156902,,@fixture.edu,0,04/01/2025 1:47 PM,04/01/2025 6:45 PM,04/01/2025 6:43 PM,17760,60,Returned: BENQ DATA PROJECTOR - BENQ PROJ-106896 | INSTA360 X4 CASE - INSTA X4 CASE-106897 | EPSON PROJECTOR - EPSON PROJ-106898 | PANASONIC S5 II BATTERY CHARGER - PANA S5II CHRG-106899 | XLR CABLE 15FT - XLR15-106900 | GODOX LIGHT STAND - GODOX STAND-106901 | LOGITECH WIRELESS MOUSE - LOGI MOUSE-106902 | WACOM ONE TABLET - WACOM ONE-106903 | DELL XPS LAPTOP - DELL XPS-106904 | OLYMPUS 12-40mm LENS - OLY 1240 LENS-106905 | INSTA360 X4 CASE - INSTA X4 CASE-106906 | DELL XPS LAPTOP - DELL XPS-106907 | NIKON Z6 III BATTERY - NIKON Z6III BATT-106908 | WACOM ONE TABLET - WACOM ONE-106909 | FUJIFILM X-T5 BODY - FUJI XT5-106910 | FUJIFILM 18-55mm LENS - FUJI 1855 LENS-106911 | FUJIFILM 18-55mm LENS - FUJI 1855 LENS-106912 | USB-C TO HDMI ADAPTER - USBC HDMI-106913 | NIKON Z6 III CAMERA CASE - NIKON Z6III CASE-106914 | GODOX LED LIGHT PANEL - GODOX LED-106915 | ZOOM H5 RECORDER CASE - ZOOM H5 CASE-106916 | ZOOM H5 RECORDER - ZOOM H5-106917 | MANFROTTO TRIPOD CASE - MANFRO CASE-106918 | CARD READER - CARDRDR-106919 | SANDISK 128GB SD CARD - SANDISK 128SD-106920 | NIKON Z6 III MIRRORLESS BODY - NIKON Z6III-106921 | XLR CABLE 15FT - XLR15-106922 | INSTA360 X4 BATTERY - INSTA X4 BATT-106923 | XLR CABLE 15FT - XLR15-106924 | FUJIFILM X-T5 BATTERY - FUJI XT5 BATT-106925 | META QUEST CONTROLLER - MQUEST CTRL-106926 | PANASONIC S5 II BODY - PANA S5II-106927 | BENQ DATA PROJECTOR - BENQ PROJ-106928 | RODE WIRELESS MIC - RODE WIRELESS-106929 | LOGITECH WIRELESS MOUSE - LOGI MOUSE-106930 | MACBOOK AIR M3 CHARGER - MBA M3 CHRG-106931 | USB-C MULTIPORT HUB - USBC HUB-106932 | EPSON PROJECTOR - EPSON PROJ-106933 | CARD READER - CARDRDR-106934 | USB-C TO HDMI ADAPTER - USBC HDMI-106935 | WACOM ONE TABLET - WACOM ONE-106936 | META QUEST HEADSET - MQUEST HS-106937 | PANASONIC S5 II BODY - PANA S5II-106938 | INSTA360 X4 CAMERA - INSTA X4-106939 | XLR CABLE 25FT - XLR25-106940 | ZOOM H5 RECORDER - ZOOM H5-106941 | BENQ DATA PROJECTOR - BENQ PROJ-106942 | INSTA360 X4 BATTERY - INSTA X4 BATT-106943 | USB-C MULTIPORT HUB - USBC HUB-106944 | WACOM CINTIQ PEN - WACOM CINTIQ PEN-106945 | USB KEYBOARD - USB KYBD-106946 | MACBOOK AIR M3 CHARGER - MBA M3 CHRG-106947 | OLYMPUS OM-D E-M1 BODY - OLY EM1-106948 | NIKON Z6 III MIRRORLESS BODY - NIKON Z6III-106949 | LAPTOP SLEEVE CASE - LAPTOP SLEEVE-106950 | OLYMPUS 12-40mm LENS - OLY 1240 LENS-106951 | FUJIFILM 18-55mm LENS - FUJI 1855 LENS-106952 | XLR CABLE 15FT - XLR15-106953 | BENQ DATA PROJECTOR - BENQ PROJ-106954 | NIKON Z6 III BATTERY CHARGER - NIKON Z6III CHRG-106955 | 
9488613,,@fixture.edu,0,04/15/2025 1:44 PM,04/15/2025 6:45 PM,04/15/2025 6:57 PM,18780,60,Returned: EPSON PROJECTOR HDMI CABLE - EPSON PROJ HDMI-106956 | INSTA360 X4 BATTERY - INSTA X4 BATT-106957 | EPSON PROJECTOR - EPSON PROJ-106958 | LEXAR 128GB CF CARD - LEXAR CF128-106959 | WACOM ONE TABLET - WACOM ONE-106960 | EPSON PROJECTOR - EPSON PROJ-106961 | PANASONIC S5 II BATTERY CHARGER - PANA S5II CHRG-106962 | INSTA360 X4 CASE - INSTA X4 CASE-106963 | POWER STRIP - PWRSTRIP-106964 | MACBOOK AIR CHARGING CABLE - MBA CABLE-106965 | MANFROTTO TRIPOD CASE - MANFRO CASE-106966 | DELL XPS LAPTOP - DELL XPS-106967 | META QUEST CHARGING CABLE - MQUEST CABLE-106968 | EQUIPMENT CRATE 12x12 - CRATE12-106969 | LOGITECH WEBCAM - LOGI WEBCAM-106970 | RODE WIRELESS MIC - RODE WIRELESS-106971 | CARD READER - CARDRDR-106972 | INSTA360 X4 CAMERA - INSTA X4-106973 | AUDIO-TECHNICA HEADPHONES - AT HEADPHONES-106974 | RODE MIC BATTERY - RODE MIC BATT-106975 | FUJIFILM X-T5 BODY - FUJI XT5-106976 | FUJIFILM X-T5 BODY - FUJI XT5-106977 | BENQ DATA PROJECTOR - BENQ PROJ-106978 | META QUEST CHARGING CABLE - MQUEST CABLE-106979 | PANASONIC S5 II BODY - PANA S5II-106980 | NIKON Z6 III CAMERA CASE - NIKON Z6III CASE-106981 | BENQ DATA PROJECTOR - BENQ PROJ-106982 | USB-C TO HDMI ADAPTER - USBC HDMI-106983 | MACBOOK AIR CHARGING CABLE - MBA CABLE-106984 | EQUIPMENT CRATE 12x12 - CRATE12-106985 | INSTA360 X4 CAMERA - INSTA X4-106986 | DELL XPS LAPTOP - DELL XPS-106987 | MACBOOK AIR CHARGING CABLE - MBA CABLE-106988 | BENQ DATA PROJECTOR - BENQ PROJ-106989 | MACBOOK AIR M3 CHARGER - MBA M3 CHRG-106990 | LAPTOP SLEEVE CASE - LAPTOP SLEEVE-106991 | INSTA360 X4 CASE - INSTA X4 CASE-106992 | EQUIPMENT CRATE 12x12 - CRATE12-106993 | EPSON PROJECTOR - EPSON PROJ-106994 | AUDIO-TECHNICA HEADPHONES - AT HEADPHONES-106995 | WACOM ONE TABLET - WACOM ONE-106996 | META QUEST CONTROLLER - MQUEST CTRL-106997 | HDMI CABLE 10FT - HDMI10-106998 | EPSON PROJECTOR HDMI CABLE - EPSON PROJ HDMI-106999 | EPSON PROJECTOR - EPSON PROJ-107000 | HDMI CABLE 10FT - HDMI10-107001 | LEXAR 128GB CF CARD - LEXAR CF128-107002 | BENQ DATA PROJECTOR - BENQ PROJ-107003 | INSTA360 X4 CAMERA - INSTA X4-107004 | LOGITECH WIRELESS MOUSE - LOGI MOUSE-107005 | EQUIPMENT CRATE 12x12 - CRATE12-107006 | USB-C MULTIPORT HUB - USBC HUB-107007 | WACOM ONE TABLET - WACOM ONE-107008 | WACOM ONE TABLET - WACOM ONE-107009 | INSTA360 X4 BATTERY - INSTA X4 BATT-107010 | GODOX POWER SUPPLY - GODOX PSU-107011 | EQUIPMENT CRATE 12x12 - CRATE12-107012 | LAPTOP SLEEVE CASE - LAPTOP SLEEVE-107013 | SANDISK 128GB SD CARD - SANDISK 128SD-107014 | FUJIFILM X-T5 BODY - FUJI XT5-107015 | 
6724909,,@fixture.edu,0,04/08/2025 1:36 PM,04/08/2025 6:45 PM,04/08/2025 6:52 PM,18960,60,Returned: USB KEYBOARD - USB KYBD-107016 | LAPTOP SLEEVE CASE - LAPTOP SLEEVE-107017 | INSTA360 X4 CAMERA - INSTA X4-107018 | DELL XPS LAPTOP - DELL XPS-107019 | XLR CABLE 15FT - XLR15-107020 | XLR CABLE 15FT - XLR15-107021 | FUJIFILM 18-55mm LENS - FUJI 1855 LENS-107022 | META QUEST CONTROLLER - MQUEST CTRL-107023 | LEXAR 128GB CF CARD - LEXAR CF128-107024 | USB-C MULTIPORT HUB - USBC HUB-107025 | EXTENSION CORD 10FT - EXTCORD10-107026 | FUJIFILM 18-55mm LENS - FUJI 1855 LENS-107027 | RODE WIRELESS MIC - RODE WIRELESS-107028 | RODE WIRELESS MIC - RODE WIRELESS-107029 | SANDISK 64GB SD CARD - SANDISK 64SD-107030 | BENQ DATA PROJECTOR - BENQ PROJ-107031 | WACOM CINTIQ TABLET - WACOM CINTIQ-107032 | SANDISK 64GB SD CARD - SANDISK 64SD-107033 | RODE WIRELESS MIC - RODE WIRELESS-107034 | META QUEST CHARGING CABLE - MQUEST CABLE-107035 | GODOX LED LIGHT PANEL - GODOX LED-107036 | LOGITECH WIRELESS MOUSE - LOGI MOUSE-107037 | NIKON Z6 III BATTERY - NIKON Z6III BATT-107038 | MACBOOK AIR M3 LAPTOP - MBA M3-107039 | WACOM ONE TABLET - WACOM ONE-107040 | MACBOOK AIR M3 CHARGER - MBA M3 CHRG-107041 | ZOOM H5 RECORDER CASE - ZOOM H5 CASE-107042 | WACOM ONE TABLET - WACOM ONE-107043 | ZOOM H5 RECORDER - ZOOM H5-107044 | ZOOM H5 RECORDER CASE - ZOOM H5 CASE-107045 | NIKON Z6 III MIRRORLESS BODY - NIKON Z6III-107046 | EQUIPMENT CRATE 12x12 - CRATE12-107047 | PANASONIC S5 II BATTERY CHARGER - PANA S5II CHRG-107048 | ZOOM H5 RECORDER CASE - ZOOM H5 CASE-107049 | FUJIFILM X-T5 BATTERY - FUJI XT5 BATT-107050 | MACBOOK AIR CHARGING CABLE - MBA CABLE-107051 | FUJIFILM X-T5 BODY - FUJI XT5-107052 | LAPTOP SLEEVE CASE - LAPTOP SLEEVE-107053 | OLYMPUS 12-40mm LENS - OLY 1240 LENS-107054 | FUJIFILM 18-55mm LENS - FUJI 1855 LENS-107055 | MACBOOK AIR M3 CHARGER - MBA M3 CHRG-107056 | OLYMPUS 12-40mm LENS - OLY 1240 LENS-107057 | GODOX LIGHT STAND - GODOX STAND-107058 | SANDISK 128GB SD CARD - SANDISK 128SD-107059 | XLR CABLE 25FT - XLR25-107060 | RODE WIRELESS MIC - RODE WIRELESS-107061 | DELL XPS LAPTOP - DELL XPS-107062 | PANASONIC S5 II BATTERY CHARGER - PANA S5II CHRG-107063 | LOGITECH WEBCAM - LOGI WEBCAM-107064 | FUJIFILM X-T5 BATTERY - FUJI XT5 BATT-107065 | DELL XPS LAPTOP CHARGER - DELL XPS CHRG-107066 | USB KEYBOARD - USB KYBD-107067 | OLYMPUS 12-40mm LENS - OLY 1240 LENS-107068 | ZOOM H5 RECORDER CASE - ZOOM H5 CASE-107069 | DELL XPS LAPTOP - DELL XPS-107070 | ZOOM H5 RECORDER CASE - ZOOM H5 CASE-107071 | CARD READER - CARDRDR-107072 | PANASONIC S5 II BATTERY CHARGER - PANA S5II CHRG-107073 | PANASONIC S5 II BATTERY CHARGER - PANA S5II CHRG-107074 | NIKON Z6 III BATTERY CHARGER - NIKON Z6III CHRG-107075 | 
1212267,,@fixture.edu,0,02/10/2025 1:06 PM,02/12/2025 6:30 PM,02/14/2025 12:35 PM,343740,1,Returned: XLR CABLE 25FT - XLR25-107076 | 
8047416,SPAC,@inside.fixture.edu,0,02/10/2025 1:46 PM,02/12/2025 6:30 PM,02/13/2025 12:53 PM,256020,6,Returned: BENQ DATA PROJECTOR - BENQ PROJ-107077 | META QUEST HEADSET - MQUEST HS-107078 | OLYMPUS 12-40mm LENS - OLY 1240 LENS-107079 | PANASONIC S5 II BATTERY CHARGER - PANA S5II CHRG-107080 | MACBOOK AIR M3 CHARGER - MBA M3 CHRG-107081 | GODOX LIGHT STAND - GODOX STAND-107082 | 
9224219,,@inside.fixture.edu,0,02/10/2025 3:31 PM,02/12/2025 6:30 PM,02/13/2025 1:55 PM,253440,2,Returned: MANFROTTO TRIPOD - MANFRO TRIPOD-107083 | DELL XPS LAPTOP - DELL XPS-107084 | 
2770648,,@alumni.fixture.edu,0,02/10/2025 5:53 PM,02/12/2025 6:30 PM,02/12/2025 1:26 PM,156780,1,Returned: USB-C TO HDMI ADAPTER - USBC HDMI-107085 | 
8273315,,@fixture.edu,0,02/11/2025 10:20 AM,02/11/2025 6:30 PM,02/12/2025 11:46 AM,91560,4,Returned: POWER STRIP - PWRSTRIP-107086 | EPSON PROJECTOR HDMI CABLE - EPSON PROJ HDMI-107087 | RODE MIC BATTERY - RODE MIC BATT-107088 | EXTENSION CORD 10FT - EXTCORD10-107089 | 
7076506,STDA,@inside.fixture.edu,2,02/11/2025 10:54 AM,02/13/2025 6:30 PM,02/13/2025 3:49 PM,190500,3,Returned: EQUIPMENT CRATE 12x12 - CRATE12-107090 | MACBOOK AIR CHARGING CABLE - MBA CABLE-107091 | META QUEST CONTROLLER - MQUEST CTRL-107092 | 
8713146,STDA,@inside.fixture.edu,0,02/11/2025 11:51 AM,02/12/2025 6:30 PM,02/17/2025 10:11 AM,512400,16,Returned: USB KEYBOARD - USB KYBD-107093 | XLR CABLE 25FT - XLR25-107094 | FUJIFILM 18-55mm LENS - FUJI 1855 LENS-107095 | FUJIFILM X-T5 BATTERY - FUJI XT5 BATT-107096 | NIKON Z6 III BATTERY - NIKON Z6III BATT-107097 | OLYMPUS 12-40mm LENS - OLY 1240 LENS-107098 | MACBOOK AIR CHARGING CABLE - MBA CABLE-107099 | EXTENSION CORD 10FT - EXTCORD10-107100 | LEXAR 128GB CF CARD - LEXAR CF128-107101 | GODOX POWER SUPPLY - GODOX PSU-107102 | ZOOM H5 RECORDER - ZOOM H5-107103 | INSTA360 X4 BATTERY - INSTA X4 BATT-107104 | BENQ DATA PROJECTOR - BENQ PROJ-107105 | DELL XPS LAPTOP - DELL XPS-107106 | MANFROTTO TRIPOD CASE - MANFRO CASE-107107 | MACBOOK AIR M3 CHARGER - MBA M3 CHRG-107108 | 
3566765,,@fixture.edu,0,02/11/2025 12:37 PM,02/11/2025 6:30 PM,02/11/2025 6:37 PM,21600,5,Returned: HDMI CABLE 10FT - HDMI10-107109 | LEXAR 128GB CF CARD - LEXAR CF128-107110 | OLYMPUS 12-40mm LENS - OLY 1240 LENS-107111 | LAPTOP SLEEVE CASE - LAPTOP SLEEVE-107112 | LEXAR 128GB CF CARD - LEXAR CF128-107113 | 
8306261,,@fixture.edu,0,02/18/2025 9:59 AM,02/18/2025 6:30 PM,02/18/2025 5:53 PM,28440,5,Returned: EXTENSION CORD 10FT - EXTCORD10-107114 | CARD READER - CARDRDR-107115 | INSTA360 X4 CASE - INSTA X4 CASE-107116 | LEXAR 128GB CF CARD - LEXAR CF128-107117 | LOGITECH WIRELESS MOUSE - LOGI MOUSE-107118 | 
3955087,,@fixture.edu,0,02/25/2025 4:27 PM,02/25/2025 6:30 PM,02/25/2025 6:36 PM,7740,5,Returned: PANASONIC S5 II BATTERY CHARGER - PANA S5II CHRG-107119 | EPSON PROJECTOR - EPSON PROJ-107120 | LOGITECH WEBCAM - LOGI WEBCAM-107121 | EPSON PROJECTOR - EPSON PROJ-107122 | MACBOOK AIR CHARGING CABLE - MBA CABLE-107123 | 
9753457,,@fixture.edu,0,03/04/2025 10:38 AM,03/04/2025 6:30 PM,03/05/2025 7:57 AM,76740,5,Returned: PANASONIC S5 II BODY - PANA S5II-107124 | INSTA360 X4 CASE - INSTA X4 CASE-107125 | WACOM CINTIQ PEN - WACOM CINTIQ PEN-107126 | HUION DRAWING TABLET - HUION TABLET-107127 | SANDISK 128GB SD CARD - SANDISK 128SD-107128 | 
5531230,,@fixture.edu,0,03/11/2025 11:41 AM,03/11/2025 6:30 PM,03/11/2025 2:37 PM,10560,5,Returned: OLYMPUS OM-D E-M1 BODY - OLY EM1-107129 | NIKON Z6 III BATTERY CHARGER - NIKON Z6III CHRG-107130 | INSTA360 X4 CASE - INSTA X4 CASE-107131 | META QUEST CHARGING CABLE - MQUEST CABLE-107132 | DELL XPS LAPTOP - DELL XPS-107133 | 
9111742,,@fixture.edu,0,03/18/2025 1:52 PM,03/18/2025 6:30 PM,03/18/2025 6:38 PM,17160,5,Returned: WACOM ONE TABLET - WACOM ONE-107134 | FUJIFILM X-T5 BATTERY - FUJI XT5 BATT-107135 | NIKON Z6 III BATTERY CHARGER - NIKON Z6III CHRG-107136 | AUDIO-TECHNICA HEADPHONES - AT HEADPHONES-107137 | RODE WIRELESS MIC - RODE WIRELESS-107138 | 
8799287,,@fixture.edu,0,03/25/2025 9:07 AM,03/25/2025 6:30 PM,03/25/2025 6:14 PM,32820,5,Returned: HUION DRAWING TABLET - HUION TABLET-107139 | SANDISK 128GB SD CARD - SANDISK 128SD-107140 | ZOOM H5 RECORDER - ZOOM H5-107141 | MACBOOK AIR M3 CHARGER - MBA M3 CHRG-107142 | LAPTOP SLEEVE CASE - LAPTOP SLEEVE-107143 | 
8307727,,@fixture.edu,0,04/01/2025 12:48 PM,04/01/2025 6:30 PM,04/02/2025 7:53 AM,68700,5,Returned: GODOX LED LIGHT PANEL - GODOX LED-107144 | RODE WIRELESS MIC - RODE WIRELESS-107145 | MANFROTTO TRIPOD - MANFRO TRIPOD-107146 | MANFROTTO TRIPOD CASE - MANFRO CASE-107147 | ZOOM H5 RECORDER CASE - ZOOM H5 CASE-107148 | 
5502929,,@fixture.edu,0,04/08/2025 8:09 AM,04/08/2025 6:30 PM,04/09/2025 7:56 AM,85620,5,Returned: AUDIO-TECHNICA HEADPHONES - AT HEADPHONES-107149 | RODE MIC BATTERY - RODE MIC BATT-107150 | NIKON Z6 III BATTERY CHARGER - NIKON Z6III CHRG-107151 | NIKON Z6 III BATTERY CHARGER - NIKON Z6III CHRG-107152 | NIKON Z6 III BATTERY CHARGER - NIKON Z6III CHRG-107153 | 
6407373,,@fixture.edu,0,04/15/2025 8:34 AM,04/15/2025 6:30 PM,04/15/2025 1:40 PM,18360,6,Returned: BENQ DATA PROJECTOR - BENQ PROJ-107154 | SANDISK 64GB SD CARD - SANDISK 64SD-107155 | MACBOOK AIR M3 LAPTOP - MBA M3-107156 | META QUEST HEADSET - MQUEST HS-107157 | FUJIFILM X-T5 BATTERY - FUJI XT5 BATT-107158 | PANASONIC S5 II BATTERY CHARGER - PANA S5II CHRG-107159 | 
5118725,,@fixture.edu,1,02/11/2025 1:32 PM,02/12/2025 6:30 PM,02/12/2025 8:03 AM,66660,10,Returned: INSTA360 X4 CAMERA - INSTA X4-107160 | ZOOM H5 RECORDER CASE - ZOOM H5 CASE-107161 | RODE WIRELESS MIC - RODE WIRELESS-107162 | FUJIFILM X-T5 BATTERY - FUJI XT5 BATT-107163 | NIKON Z6 III MIRRORLESS BODY - NIKON Z6III-107164 | USB-C TO HDMI ADAPTER - USBC HDMI-107165 | CARD READER - CARDRDR-107166 | ZOOM H5 RECORDER - ZOOM H5-107167 | BENQ DATA PROJECTOR - BENQ PROJ-107168 | ZOOM H5 RECORDER CASE - ZOOM H5 CASE-107169 | 
2453962,,@inside.fixture.edu,0,02/11/2025 1:51 PM,02/12/2025 6:30 PM,02/11/2025 3:00 PM,4140,7,Returned: EXTENSION CORD 10FT - EXTCORD10-107170 | USB-C MULTIPORT HUB - USBC HUB-107171 | XLR CABLE 15FT - XLR15-107172 | GODOX LED LIGHT PANEL - GODOX LED-107173 | SANDISK 64GB SD CARD - SANDISK 64SD-107174 | XLR CABLE 25FT - XLR25-107175 | EQUIPMENT CRATE 12x12 - CRATE12-107176 | 
5679639,VIZD,@inside.fixture.edu,2,02/11/2025 3:21 PM,02/19/2025 6:30 PM,02/19/2025 1:41 PM,685200,9,Returned: OLYMPUS OM-D E-M1 BODY - OLY EM1-107177 | BENQ DATA PROJECTOR - BENQ PROJ-107178 | FUJIFILM 18-55mm LENS - FUJI 1855 LENS-107179 | WACOM CINTIQ PEN - WACOM CINTIQ PEN-107180 | META QUEST CONTROLLER - MQUEST CTRL-107181 | GODOX LED LIGHT PANEL - GODOX LED-107182 | PANASONIC S5 II BATTERY CHARGER - PANA S5II CHRG-107183 | EPSON PROJECTOR - EPSON PROJ-107184 | META QUEST CONTROLLER - MQUEST CTRL-107185 | 
8563202,,@inside.fixture.edu,1,02/12/2025 11:43 AM,04/25/2025 6:30 PM,04/30/2025 2:47 PM,6663840,2,Returned: FUJIFILM X-T5 BODY - FUJI XT5-107186 | USB-C TO HDMI ADAPTER - USBC HDMI-107187 | 
5091349,,@alumni.fixture.edu,1,02/14/2025 8:11 AM,02/24/2025 6:30 PM,02/24/2025 4:38 PM,894420,23,Returned: ZOOM H5 RECORDER - ZOOM H5-107188 | EPSON PROJECTOR HDMI CABLE - EPSON PROJ HDMI-107189 | INSTA360 X4 CASE - INSTA X4 CASE-107190 | SANDISK 64GB SD CARD - SANDISK 64SD-107191 | EPSON PROJECTOR HDMI CABLE - EPSON PROJ HDMI-107192 | NIKON Z6 III BATTERY CHARGER - NIKON Z6III CHRG-107193 | PANASONIC S5 II BATTERY CHARGER - PANA S5II CHRG-107194 | USB-C TO HDMI ADAPTER - USBC HDMI-107195 | LEXAR 128GB CF CARD - LEXAR CF128-107196 | EQUIPMENT CRATE 12x12 - CRATE12-107197 | USB KEYBOARD - USB KYBD-107198 | META QUEST HEADSET - MQUEST HS-107199 | INSTA360 X4 BATTERY - INSTA X4 BATT-107200 | META QUEST HEADSET - MQUEST HS-107201 | DELL XPS LAPTOP CHARGER - DELL XPS CHRG-107202 | EPSON PROJECTOR HDMI CABLE - EPSON PROJ HDMI-107203 | META QUEST CONTROLLER - MQUEST CTRL-107204 | NIKON Z6 III CAMERA CASE - NIKON Z6III CASE-107205 | DELL XPS LAPTOP - DELL XPS-107206 | META QUEST CHARGING CABLE - MQUEST CABLE-107207 | MACBOOK AIR CHARGING CABLE - MBA CABLE-107208 | NIKON Z6 III BATTERY - NIKON Z6III BATT-107209 | WACOM CINTIQ PEN - WACOM CINTIQ PEN-107210 | 
8796514,,@fixture.edu,0,02/12/2025 4:09 PM,02/19/2025 9:30 PM,02/17/2025 4:44 PM,434100,6,Returned: EPSON PROJECTOR - EPSON PROJ-107211 | OLYMPUS OM-D E-M1 BODY - OLY EM1-107212 | NIKON Z6 III BATTERY CHARGER - NIKON Z6III CHRG-107213 | WACOM CINTIQ TABLET - WACOM CINTIQ-107214 | POWER STRIP - PWRSTRIP-107215 | EPSON PROJECTOR - EPSON PROJ-107216 | 
7358385,DRAW,@inside.fixture.edu,1,02/12/2025 5:12 PM,02/19/2025 6:30 PM,02/21/2025 12:39 PM,761220,10,Returned: BENQ DATA PROJECTOR - BENQ PROJ-107217 | XLR CABLE 25FT - XLR25-107218 | GODOX POWER SUPPLY - GODOX PSU-107219 | CARD READER - CARDRDR-107220 | INSTA360 X4 BATTERY - INSTA X4 BATT-107221 | PANASONIC S5 II BODY - PANA S5II-107222 | HDMI CABLE 10FT - HDMI10-107223 | XLR CABLE 25FT - XLR25-107224 | EXTENSION CORD 10FT - EXTCORD10-107225 | AUDIO-TECHNICA HEADPHONES - AT HEADPHONES-107226 | 
6643798,DRAW,@inside.fixture.edu,0,02/13/2025 8:08 AM,02/13/2025 6:30 PM,02/13/2025 12:43 PM,16500,1,Returned: MANFROTTO TRIPOD - MANFRO TRIPOD-107227 | 
1481506,ANIM,@inside.fixture.edu,1,02/13/2025 12:30 PM,02/18/2025 6:30 PM,02/20/2025 12:43 PM,605580,7,Returned: PANASONIC S5 II BATTERY CHARGER - PANA S5II CHRG-107228 | OLYMPUS 12-40mm LENS - OLY 1240 LENS-107229 | SANDISK 64GB SD CARD - SANDISK 64SD-107230 | EPSON PROJECTOR - EPSON PROJ-107231 | EQUIPMENT CRATE 12x12 - CRATE12-107232 | POWER STRIP - PWRSTRIP-107233 | MACBOOK AIR M3 LAPTOP - MBA M3-107234 | 
9293086,,@fixture.edu,0,02/13/2025 3:21 PM,02/13/2025 6:30 PM,02/14/2025 7:59 AM,59880,24,Returned: EPSON PROJECTOR - EPSON PROJ-107235 | LAPTOP SLEEVE CASE - LAPTOP SLEEVE-107236 | RODE WIRELESS MIC - RODE WIRELESS-107237 | SANDISK 128GB SD CARD - SANDISK 128SD-107238 | EPSON PROJECTOR - EPSON PROJ-107239 | USB-C TO HDMI ADAPTER - USBC HDMI-107240 | PANASONIC S5 II BODY - PANA S5II-107241 | NIKON Z6 III BATTERY CHARGER - NIKON Z6III CHRG-107242 | LEXAR 128GB CF CARD - LEXAR CF128-107243 | NIKON Z6 III BATTERY CHARGER - NIKON Z6III CHRG-107244 | OLYMPUS 12-40mm LENS - OLY 1240 LENS-107245 | EQUIPMENT CRATE 12x12 - CRATE12-107246 | META QUEST CONTROLLER - MQUEST CTRL-107247 | MANFROTTO TRIPOD - MANFRO TRIPOD-107248 | POWER STRIP - PWRSTRIP-107249 | GODOX LED LIGHT PANEL - GODOX LED-107250 | LEXAR 128GB CF CARD - LEXAR CF128-107251 | LOGITECH WIRELESS MOUSE - LOGI MOUSE-107252 | USB-C MULTIPORT HUB - USBC HUB-107253 | NIKON Z6 III MIRRORLESS BODY - NIKON Z6III-107254 | ZOOM H5 RECORDER CASE - ZOOM H5 CASE-107255 | WACOM ONE TABLET - WACOM ONE-107256 | XLR CABLE 15FT - XLR15-107257 | FUJIFILM X-T5 BODY - FUJI XT5-107258 | 
6452832,ANIM,@inside.fixture.edu,0,02/13/2025 4:42 PM,02/14/2025 6:30 PM,02/13/2025 5:32 PM,3000,2,Returned: EPSON PROJECTOR - EPSON PROJ-107259 | USB-C TO HDMI ADAPTER - USBC HDMI-107260 | 
4050766,,@inside.fixture.edu,0,02/14/2025 9:25 AM,02/14/2025 6:30 PM,02/14/2025 12:28 PM,10980,2,Returned: EPSON PROJECTOR HDMI CABLE - EPSON PROJ HDMI-107261 | AUDIO-TECHNICA HEADPHONES - AT HEADPHONES-107262 | 
9179730,DRAW,@inside.fixture.edu,0,02/14/2025 9:29 AM,02/14/2025 6:30 PM,02/14/2025 2:32 PM,18180,1,Returned: WACOM ONE TABLET - WACOM ONE-107263 | 
4558780,DRAW,@inside.fixture.edu,0,02/14/2025 9:31 AM,02/14/2025 6:30 PM,02/14/2025 3:18 PM,20820,1,Returned: RODE MIC BATTERY - RODE MIC BATT-107264 | 
6952975,DRAW,@inside.fixture.edu,0,02/14/2025 9:43 AM,02/14/2025 6:30 PM,02/17/2025 7:57 AM,252840,1,Returned: NIKON Z6 III CAMERA CASE - NIKON Z6III CASE-107265 | 
5334434,,@fixture.edu,0,02/14/2025 10:24 AM,02/14/2025 6:30 PM,02/14/2025 12:35 PM,7860,2,Returned: LOGITECH WEBCAM - LOGI WEBCAM-107266 | LOGITECH WIRELESS MOUSE - LOGI MOUSE-107267 | 
6709938,DRAW,@inside.fixture.edu,1,02/14/2025 1:27 PM,02/21/2025 6:30 PM,02/21/2025 12:54 PM,602820,12,Returned: SANDISK 128GB SD CARD - SANDISK 128SD-107268 | INSTA360 X4 BATTERY - INSTA X4 BATT-107269 | PANASONIC S5 II BODY - PANA S5II-107270 | INSTA360 X4 BATTERY - INSTA X4 BATT-107271 | USB-C MULTIPORT HUB - USBC HUB-107272 | INSTA360 X4 BATTERY - INSTA X4 BATT-107273 | EXTENSION CORD 10FT - EXTCORD10-107274 | EXTENSION CORD 10FT - EXTCORD10-107275 | FUJIFILM X-T5 BATTERY - FUJI XT5 BATT-107276 | HDMI CABLE 10FT - HDMI10-107277 | XLR CABLE 25FT - XLR25-107278 | GODOX LED LIGHT PANEL - GODOX LED-107279 | 
5691890,ANIM,@inside.fixture.edu,1,02/14/2025 3:15 PM,02/18/2025 6:30 PM,02/19/2025 3:56 PM,434460,2,Returned: CARD READER - CARDRDR-107280 | HUION DRAWING TABLET - HUION TABLET-107281 | 
5635017,MDIA,@inside.fixture.edu,0,02/14/2025 4:25 PM,02/19/2025 6:30 PM,02/21/2025 5:58 PM,610380,4,Returned: USB-C TO HDMI ADAPTER - USBC HDMI-107282 | LOGITECH WEBCAM - LOGI WEBCAM-107283 | SANDISK 128GB SD CARD - SANDISK 128SD-107284 | MANFROTTO TRIPOD - MANFRO TRIPOD-107285 | 
1170307,,@inside.fixture.edu,0,02/14/2025 5:38 PM,02/18/2025 6:30 PM,02/18/2025 12:43 PM,327900,3,Returned: WACOM CINTIQ TABLET - WACOM CINTIQ-107286 | LOGITECH WEBCAM - LOGI WEBCAM-107287 | HDMI CABLE 10FT - HDMI10-107288 | 
9667566,,@fixture.edu,0,02/14/2025 6:07 PM,02/14/2025 6:30 PM,02/17/2025 7:57 AM,222600,1,Returned: OLYMPUS 12-40mm LENS - OLY 1240 LENS-107289 | 
4205394,SPAC,@inside.fixture.edu,0,02/15/2025 11:34 AM,02/15/2025 3:00 PM,02/17/2025 7:57 AM,159780,1,Returned: SANDISK 128GB SD CARD - SANDISK 128SD-107290 | 
2436347,DRAW,@inside.fixture.edu,1,02/15/2025 3:37 PM,02/19/2025 6:30 PM,02/24/2025 12:47 PM,767400,9,Returned: EPSON PROJECTOR HDMI CABLE - EPSON PROJ HDMI-107291 | XLR CABLE 15FT - XLR15-107292 | META QUEST HEADSET - MQUEST HS-107293 | FUJIFILM X-T5 BATTERY - FUJI XT5 BATT-107294 | PANASONIC S5 II BODY - PANA S5II-107295 | PANASONIC S5 II BATTERY CHARGER - PANA S5II CHRG-107296 | CARD READER - CARDRDR-107297 | PANASONIC S5 II BATTERY CHARGER - PANA S5II CHRG-107298 | MACBOOK AIR M3 CHARGER - MBA M3 CHRG-107299 | 
5049282,,@fixture.edu,0,02/17/2025 11:13 AM,02/17/2025 6:30 PM,02/17/2025 5:28 PM,22500,1,Returned: BENQ DATA PROJECTOR - BENQ PROJ-107300 | 
7818732,STDA,@inside.fixture.edu,0,02/17/2025 1:02 PM,02/27/2025 6:30 PM,02/24/2025 12:03 PM,601260,12,Returned: GODOX LED LIGHT PANEL - GODOX LED-107301 | NIKON Z6 III BATTERY - NIKON Z6III BATT-107302 | OLYMPUS 12-40mm LENS - OLY 1240 LENS-107303 | PANASONIC S5 II BODY - PANA S5II-107304 | XLR CABLE 25FT - XLR25-107305 | WACOM ONE TABLET - WACOM ONE-107306 | NIKON Z6 III CAMERA CASE - NIKON Z6III CASE-107307 | NIKON Z6 III CAMERA CASE - NIKON Z6III CASE-107308 | LEXAR 128GB CF CARD - LEXAR CF128-107309 | META QUEST CONTROLLER - MQUEST CTRL-107310 | INSTA360 X4 BATTERY - INSTA X4 BATT-107311 | FUJIFILM X-T5 BATTERY - FUJI XT5 BATT-107312 | 
9196976,STDA,@inside.fixture.edu,0,02/17/2025 1:07 PM,02/24/2025 6:30 PM,02/24/2025 8:45 AM,589080,15,Returned: LAPTOP SLEEVE CASE - LAPTOP SLEEVE-107313 | EPSON PROJECTOR HDMI CABLE - EPSON PROJ HDMI-107314 | LOGITECH WEBCAM - LOGI WEBCAM-107315 | WACOM ONE TABLET - WACOM ONE-107316 | XLR CABLE 15FT - XLR15-107317 | NIKON Z6 III BATTERY - NIKON Z6III BATT-107318 | LOGITECH WIRELESS MOUSE - LOGI MOUSE-107319 | HDMI CABLE 10FT - HDMI10-107320 | GODOX LED LIGHT PANEL - GODOX LED-107321 | NIKON Z6 III BATTERY CHARGER - NIKON Z6III CHRG-107322 | LEXAR 128GB CF CARD - LEXAR CF128-107323 | FUJIFILM X-T5 BODY - FUJI XT5-107324 | OLYMPUS OM-D E-M1 BODY - OLY EM1-107325 | HUION DRAWING TABLET - HUION TABLET-107326 | NIKON Z6 III MIRRORLESS BODY - NIKON Z6III-107327 | 
5031966,IMAG,@inside.fixture.edu,1,02/17/2025 2:29 PM,03/03/2025 6:30 PM,03/03/2025 4:35 PM,1217160,5,Returned: INSTA360 X4 BATTERY - INSTA X4 BATT-107328 | INSTA360 X4 CAMERA - INSTA X4-107329 | FUJIFILM X-T5 BATTERY - FUJI XT5 BATT-107330 | BENQ DATA PROJECTOR - BENQ PROJ-107331 | ZOOM H5 RECORDER - ZOOM H5-107332 | 
8987516,ANIM,@inside.fixture.edu,0,02/18/2025 1:09 PM,02/20/2025 6:30 PM,02/20/2025 12:33 PM,170640,8,Returned: EPSON PROJECTOR - EPSON PROJ-107333 | SANDISK 64GB SD CARD - SANDISK 64SD-107334 | MACBOOK AIR M3 CHARGER - MBA M3 CHRG-107335 | USB-C TO HDMI ADAPTER - USBC HDMI-107336 | DELL XPS LAPTOP CHARGER - DELL XPS CHRG-107337 | OLYMPUS 12-40mm LENS - OLY 1240 LENS-107338 | ZOOM H5 RECORDER - ZOOM H5-107339 | OLYMPUS 12-40mm LENS - OLY 1240 LENS-107340 | 
9234615,STDA,@inside.fixture.edu,0,02/19/2025 9:44 AM,02/20/2025 6:30 PM,02/21/2025 10:17 AM,174780,3,Returned: NIKON Z6 III CAMERA CASE - NIKON Z6III CASE-107341 | EPSON PROJECTOR - EPSON PROJ-107342 | HUION DRAWING TABLET - HUION TABLET-107343 | 
8519121,ANIM,@inside.fixture.edu,2,02/18/2025 1:48 PM,04/25/2025 6:30 PM,04/23/2025 12:04 PM,5523360,1,Returned: FUJIFILM 18-55mm LENS - FUJI 1855 LENS-107344 | 
1289293,SPAC,@inside.fixture.edu,0,02/18/2025 4:21 PM,02/19/2025 6:30 PM,10/07/2025 1:59 PM,19949880,10,Returned: LOGITECH WIRELESS MOUSE - LOGI MOUSE-107345 | FUJIFILM X-T5 BATTERY - FUJI XT5 BATT-107346 | RODE WIRELESS MIC - RODE WIRELESS-107347 | LAPTOP SLEEVE CASE - LAPTOP SLEEVE-107348 | USB KEYBOARD - USB KYBD-107349 | OLYMPUS OM-D E-M1 BODY - OLY EM1-107350 | META QUEST CONTROLLER - MQUEST CTRL-107351 | NIKON Z6 III BATTERY - NIKON Z6III BATT-107352 | DELL XPS LAPTOP - DELL XPS-107353 | OLYMPUS 12-40mm LENS - OLY 1240 LENS-107354 | 
2561176,,@inside.fixture.edu,0,02/18/2025 4:42 PM,02/21/2025 6:30 PM,02/22/2025 3:06 PM,339840,6,Returned: GODOX LIGHT STAND - GODOX STAND-107355 | SANDISK 128GB SD CARD - SANDISK 128SD-107356 | EQUIPMENT CRATE 12x12 - CRATE12-107357 | XLR CABLE 25FT - XLR25-107358 | EQUIPMENT CRATE 12x12 - CRATE12-107359 | LOGITECH WIRELESS MOUSE - LOGI MOUSE-107360 | 
5936453,,@inside.fixture.edu,0,02/19/2025 9:24 AM,02/19/2025 2:00 PM,02/19/2025 1:39 PM,15300,39,Returned: FUJIFILM 18-55mm LENS - FUJI 1855 LENS-107361 | PANASONIC S5 II BODY - PANA S5II-107362 | FUJIFILM 18-55mm LENS - FUJI 1855 LENS-107363 | FUJIFILM X-T5 BATTERY - FUJI XT5 BATT-107364 | INSTA360 X4 CAMERA - INSTA X4-107365 | ZOOM H5 RECORDER CASE - ZOOM H5 CASE-107366 | WACOM ONE TABLET - WACOM ONE-107367 | FUJIFILM 18-55mm LENS - FUJI 1855 LENS-107368 | META QUEST CONTROLLER - MQUEST CTRL-107369 | META QUEST CONTROLLER - MQUEST CTRL-107370 | META QUEST HEADSET - MQUEST HS-107371 | WACOM ONE TABLET - WACOM ONE-107372 | PANASONIC S5 II BODY - PANA S5II-107373 | USB-C MULTIPORT HUB - USBC HUB-107374 | WACOM CINTIQ PEN - WACOM CINTIQ PEN-107375 | GODOX POWER SUPPLY - GODOX PSU-107376 | OLYMPUS 12-40mm LENS - OLY 1240 LENS-107377 | GODOX LIGHT STAND - GODOX STAND-107378 | RODE WIRELESS MIC - RODE WIRELESS-107379 | LOGITECH WEBCAM - LOGI WEBCAM-107380 | ZOOM H5 RECORDER CASE - ZOOM H5 CASE-107381 | FUJIFILM X-T5 BATTERY - FUJI XT5 BATT-107382 | META QUEST CONTROLLER - MQUEST CTRL-107383 | GODOX LIGHT STAND - GODOX STAND-107384 | META QUEST CHARGING CABLE - MQUEST CABLE-107385 | LOGITECH WEBCAM - LOGI WEBCAM-107386 | EPSON PROJECTOR HDMI CABLE - EPSON PROJ HDMI-107387 | FUJIFILM X-T5 BODY - FUJI XT5-107388 | NIKON Z6 III MIRRORLESS BODY - NIKON Z6III-107389 | META QUEST CHARGING CABLE - MQUEST CABLE-107390 | OLYMPUS 12-40mm LENS - OLY 1240 LENS-107391 | GODOX LIGHT STAND - GODOX STAND-107392 | RODE MIC BATTERY - RODE MIC BATT-107393 | XLR CABLE 25FT - XLR25-107394 | EPSON PROJECTOR HDMI CABLE - EPSON PROJ HDMI-107395 | POWER STRIP - PWRSTRIP-107396 | MACBOOK AIR M3 CHARGER - MBA M3 CHRG-107397 | NIKON Z6 III CAMERA CASE - NIKON Z6III CASE-107398 | WACOM CINTIQ TABLET - WACOM CINTIQ-107399 | 
4717770,DRAW,@inside.fixture.edu,0,02/21/2025 8:27 AM,02/24/2025 12:00 PM,02/24/2025 12:14 PM,272820,1,Returned: INSTA360 X4 CAMERA - INSTA X4-107400 | 
7784725,,@fixture.edu,0,02/19/2025 1:01 PM,02/20/2025 6:30 PM,02/20/2025 8:22 AM,69660,19,Returned: MANFROTTO TRIPOD CASE - MANFRO CASE-107401 | FUJIFILM X-T5 BODY - FUJI XT5-107402 | INSTA360 X4 CASE - INSTA X4 CASE-107403 | PANASONIC S5 II BATTERY CHARGER - PANA S5II CHRG-107404 | XLR CABLE 25FT - XLR25-107405 | RODE MIC BATTERY - RODE MIC BATT-107406 | DELL XPS LAPTOP - DELL XPS-107407 | EPSON PROJECTOR - EPSON PROJ-107408 | AUDIO-TECHNICA HEADPHONES - AT HEADPHONES-107409 | POWER STRIP - PWRSTRIP-107410 | ZOOM H5 RECORDER - ZOOM H5-107411 | LOGITECH WEBCAM - LOGI WEBCAM-107412 | GODOX LED LIGHT PANEL - GODOX LED-107413 | LEXAR 128GB CF CARD - LEXAR CF128-107414 | DELL XPS LAPTOP - DELL XPS-107415 | MACBOOK AIR CHARGING CABLE - MBA CABLE-107416 | USB-C MULTIPORT HUB - USBC HUB-107417 | USB-C MULTIPORT HUB - USBC HUB-107418 | LOGITECH WIRELESS MOUSE - LOGI MOUSE-107419 | 
5081983,,@fixture.edu,0,02/26/2025 9:35 AM,02/26/2025 6:30 PM,02/26/2025 6:49 PM,33240,19,Returned: XLR CABLE 25FT - XLR25-107420 | WACOM CINTIQ TABLET - WACOM CINTIQ-107421 | DELL XPS LAPTOP - DELL XPS-107422 | WACOM CINTIQ TABLET - WACOM CINTIQ-107423 | EPSON PROJECTOR - EPSON PROJ-107424 | HDMI CABLE 10FT - HDMI10-107425 | EPSON PROJECTOR - EPSON PROJ-107426 | SANDISK 128GB SD CARD - SANDISK 128SD-107427 | NIKON Z6 III MIRRORLESS BODY - NIKON Z6III-107428 | INSTA360 X4 CASE - INSTA X4 CASE-107429 | NIKON Z6 III MIRRORLESS BODY - NIKON Z6III-107430 | USB-C TO HDMI ADAPTER - USBC HDMI-107431 | INSTA360 X4 CAMERA - INSTA X4-107432 | META QUEST CONTROLLER - MQUEST CTRL-107433 | NIKON Z6 III CAMERA CASE - NIKON Z6III CASE-107434 | ZOOM H5 RECORDER CASE - ZOOM H5 CASE-107435 | USB KEYBOARD - USB KYBD-107436 | CARD READER - CARDRDR-107437 | LOGITECH WIRELESS MOUSE - LOGI MOUSE-107438 | 
6137284,,@fixture.edu,0,03/05/2025 9:24 AM,03/05/2025 6:30 PM,03/06/2025 8:03 AM,81540,19,Returned: RODE WIRELESS MIC - RODE WIRELESS-107439 | OLYMPUS OM-D E-M1 BODY - OLY EM1-107440 | USB KEYBOARD - USB KYBD-107441 | INSTA360 X4 BATTERY - INSTA X4 BATT-107442 | META QUEST CONTROLLER - MQUEST CTRL-107443 | LEXAR 128GB CF CARD - LEXAR CF128-107444 | LOGITECH WIRELESS MOUSE - LOGI MOUSE-107445 | NIKON Z6 III CAMERA CASE - NIKON Z6III CASE-107446 | OLYMPUS OM-D E-M1 BODY - OLY EM1-107447 | INSTA360 X4 CAMERA - INSTA X4-107448 | EPSON PROJECTOR - EPSON PROJ-107449 | XLR CABLE 15FT - XLR15-107450 | NIKON Z6 III BATTERY - NIKON Z6III BATT-107451 | INSTA360 X4 BATTERY - INSTA X4 BATT-107452 | XLR CABLE 15FT - XLR15-107453 | EPSON PROJECTOR - EPSON PROJ-107454 | GODOX LIGHT STAND - GODOX STAND-107455 | FUJIFILM X-T5 BODY - FUJI XT5-107456 | USB KEYBOARD - USB KYBD-107457 | 
7191135,INDD,@inside.fixture.edu,1,02/19/2025 1:30 PM,02/25/2025 6:30 PM,03/17/2025 4:11 PM,2256060,32,Returned: CARD READER - CARDRDR-107458 | NIKON Z6 III BATTERY - NIKON Z6III BATT-107459 | XLR CABLE 15FT - XLR15-107460 | FUJIFILM X-T5 BODY - FUJI XT5-107461 | FUJIFILM X-T5 BODY - FUJI XT5-107462 | WACOM CINTIQ TABLET - WACOM CINTIQ-107463 | LOGITECH WEBCAM - LOGI WEBCAM-107464 | OLYMPUS 12-40mm LENS - OLY 1240 LENS-107465 | PANASONIC S5 II BATTERY CHARGER - PANA S5II CHRG-107466 | BENQ DATA PROJECTOR - BENQ PROJ-107467 | HDMI CABLE 10FT - HDMI10-107468 | EPSON PROJECTOR - EPSON PROJ-107469 | RODE WIRELESS MIC - RODE WIRELESS-107470 | AUDIO-TECHNICA HEADPHONES - AT HEADPHONES-107471 | ZOOM H5 RECORDER - ZOOM H5-107472 | EXTENSION CORD 10FT - EXTCORD10-107473 | EPSON PROJECTOR - EPSON PROJ-107474 | MANFROTTO TRIPOD CASE - MANFRO CASE-107475 | OLYMPUS 12-40mm LENS - OLY 1240 LENS-107476 | EQUIPMENT CRATE 12x12 - CRATE12-107477 | NIKON Z6 III BATTERY - NIKON Z6III BATT-107478 | HDMI CABLE 10FT - HDMI10-107479 | MACBOOK AIR CHARGING CABLE - MBA CABLE-107480 | NIKON Z6 III MIRRORLESS BODY - NIKON Z6III-107481 | LOGITECH WIRELESS MOUSE - LOGI MOUSE-107482 | GODOX POWER SUPPLY - GODOX PSU-107483 | EQUIPMENT CRATE 12x12 - CRATE12-107484 | USB-C TO HDMI ADAPTER - USBC HDMI-107485 | LOGITECH WIRELESS MOUSE - LOGI MOUSE-107486 | META QUEST CONTROLLER - MQUEST CTRL-107487 | MACBOOK AIR CHARGING CABLE - MBA CABLE-107488 | EPSON PROJECTOR HDMI CABLE - EPSON PROJ HDMI-107489 | 
8939993,SPAC,@inside.fixture.edu,0,02/21/2025 10:17 AM,02/21/2025 6:30 PM,02/25/2025 8:40 AM,339780,16,Returned: DELL XPS LAPTOP - DELL XPS-107490 | OLYMPUS 12-40mm LENS - OLY 1240 LENS-107491 | INSTA360 X4 BATTERY - INSTA X4 BATT-107492 | LAPTOP SLEEVE CASE - LAPTOP SLEEVE-107493 | INSTA360 X4 BATTERY - INSTA X4 BATT-107494 | FUJIFILM 18-55mm LENS - FUJI 1855 LENS-107495 | SANDISK 64GB SD CARD - SANDISK 64SD-107496 | HUION DRAWING TABLET - HUION TABLET-107497 | SANDISK 128GB SD CARD - SANDISK 128SD-107498 | PANASONIC S5 II BATTERY CHARGER - PANA S5II CHRG-107499 | HDMI CABLE 10FT - HDMI10-107500 | USB-C TO HDMI ADAPTER - USBC HDMI-107501 | USB KEYBOARD - USB KYBD-107502 | LOGITECH WEBCAM - LOGI WEBCAM-107503 | MACBOOK AIR M3 LAPTOP - MBA M3-107504 | RODE MIC BATTERY - RODE MIC BATT-107505 | 
9907391,STDA,@inside.fixture.edu,0,02/19/2025 3:19 PM,02/24/2025 6:30 PM,02/24/2025 10:11 AM,413520,3,Returned: GODOX LED LIGHT PANEL - GODOX LED-107506 | LOGITECH WIRELESS MOUSE - LOGI MOUSE-107507 | PANASONIC S5 II BODY - PANA S5II-107508 | 
6767292,MDIA,@inside.fixture.edu,1,02/19/2025 3:48 PM,02/24/2025 6:30 PM,02/24/2025 4:30 PM,434520,2,Returned: LOGITECH WEBCAM - LOGI WEBCAM-107509 | GODOX LED LIGHT PANEL - GODOX LED-107510 | 
8138769,ANIM,@inside.fixture.edu,0,02/20/2025 12:43 PM,02/27/2025 6:30 PM,02/24/2025 11:00 AM,339420,9,Returned: PANASONIC S5 II BATTERY CHARGER - PANA S5II CHRG-107511 | FUJIFILM X-T5 BATTERY - FUJI XT5 BATT-107512 | FUJIFILM X-T5 BODY - FUJI XT5-107513 | WACOM ONE TABLET - WACOM ONE-107514 | USB KEYBOARD - USB KYBD-107515 | NIKON Z6 III BATTERY - NIKON Z6III BATT-107516 | MANFROTTO TRIPOD CASE - MANFRO CASE-107517 | USB-C MULTIPORT HUB - USBC HUB-107518 | NIKON Z6 III CAMERA CASE - NIKON Z6III CASE-107519 | 
6549757,,@fixture.edu,0,02/21/2025 7:54 AM,02/21/2025 6:45 PM,02/21/2025 7:01 PM,40020,50,Returned: WACOM CINTIQ PEN - WACOM CINTIQ PEN-107520 | HDMI CABLE 10FT - HDMI10-107521 | RODE MIC BATTERY - RODE MIC BATT-107522 | USB-C TO HDMI ADAPTER - USBC HDMI-107523 | GODOX LED LIGHT PANEL - GODOX LED-107524 | NIKON Z6 III BATTERY - NIKON Z6III BATT-107525 | MANFROTTO TRIPOD - MANFRO TRIPOD-107526 | INSTA360 X4 BATTERY - INSTA X4 BATT-107527 | WACOM CINTIQ TABLET - WACOM CINTIQ-107528 | WACOM CINTIQ TABLET - WACOM CINTIQ-107529 | POWER STRIP - PWRSTRIP-107530 | NIKON Z6 III BATTERY CHARGER - NIKON Z6III CHRG-107531 | RODE MIC BATTERY - RODE MIC BATT-107532 | META QUEST CHARGING CABLE - MQUEST CABLE-107533 | NIKON Z6 III MIRRORLESS BODY - NIKON Z6III-107534 | ZOOM H5 RECORDER CASE - ZOOM H5 CASE-107535 | MANFROTTO TRIPOD CASE - MANFRO CASE-107536 | XLR CABLE 25FT - XLR25-107537 | PANASONIC S5 II BATTERY CHARGER - PANA S5II CHRG-107538 | HDMI CABLE 10FT - HDMI10-107539 | EPSON PROJECTOR HDMI CABLE - EPSON PROJ HDMI-107540 | INSTA360 X4 BATTERY - INSTA X4 BATT-107541 | EPSON PROJECTOR - EPSON PROJ-107542 | FUJIFILM X-T5 BATTERY - FUJI XT5 BATT-107543 | AUDIO-TECHNICA HEADPHONES - AT HEADPHONES-107544 | BENQ DATA PROJECTOR - BENQ PROJ-107545 | FUJIFILM X-T5 BATTERY - FUJI XT5 BATT-107546 | LOGITECH WEBCAM - LOGI WEBCAM-107547 | OLYMPUS 12-40mm LENS - OLY 1240 LENS-107548 | WACOM CINTIQ PEN - WACOM CINTIQ PEN-107549 | XLR CABLE 25FT - XLR25-107550 | WACOM CINTIQ PEN - WACOM CINTIQ PEN-107551 | USB KEYBOARD - USB KYBD-107552 | MANFROTTO TRIPOD CASE - MANFRO CASE-107553 | OLYMPUS 12-40mm LENS - OLY 1240 LENS-107554 | MACBOOK AIR M3 LAPTOP - MBA M3-107555 | EQUIPMENT CRATE 12x12 - CRATE12-107556 | FUJIFILM X-T5 BATTERY - FUJI XT5 BATT-107557 | EPSON PROJECTOR HDMI CABLE - EPSON PROJ HDMI-107558 | EQUIPMENT CRATE 12x12 - CRATE12-107559 | LOGITECH WEBCAM - LOGI WEBCAM-107560 | GODOX LED LIGHT PANEL - GODOX LED-107561 | EXTENSION CORD 10FT - EXTCORD10-107562 | OLYMPUS 12-40mm LENS - OLY 1240 LENS-107563 | INSTA360 X4 BATTERY - INSTA X4 BATT-107564 | LAPTOP SLEEVE CASE - LAPTOP SLEEVE-107565 | BENQ DATA PROJECTOR - BENQ PROJ-107566 | GODOX LED LIGHT PANEL - GODOX LED-107567 | META QUEST CHARGING CABLE - MQUEST CABLE-107568 | ZOOM H5 RECORDER - ZOOM H5-107569 | 
6902401,VIZD,@inside.fixture.edu,0,02/21/2025 8:27 AM,02/25/2025 1:00 PM,02/25/2025 1:30 PM,363780,7,Returned: POWER STRIP - PWRSTRIP-107570 | ZOOM H5 RECORDER - ZOOM H5-107571 | ZOOM H5 RECORDER CASE - ZOOM H5 CASE-107572 | CARD READER - CARDRDR-107573 | DELL XPS LAPTOP - DELL XPS-107574 | EQUIPMENT CRATE 12x12 - CRATE12-107575 | EXTENSION CORD 10FT - EXTCORD10-107576 | 
8612582,,@inside.fixture.edu,1,02/20/2025 3:05 PM,03/31/2025 6:30 PM,04/01/2025 5:21 PM,3464160,9,Returned: XLR CABLE 25FT - XLR25-107577 | SANDISK 64GB SD CARD - SANDISK 64SD-107578 | WACOM ONE TABLET - WACOM ONE-107579 | FUJIFILM X-T5 BODY - FUJI XT5-107580 | OLYMPUS 12-40mm LENS - OLY 1240 LENS-107581 | HUION DRAWING TABLET - HUION TABLET-107582 | MACBOOK AIR CHARGING CABLE - MBA CABLE-107583 | LOGITECH WEBCAM - LOGI WEBCAM-107584 | OLYMPUS OM-D E-M1 BODY - OLY EM1-107585 | 
5545223,,@inside.fixture.edu,0,02/24/2025 8:46 AM,02/24/2025 6:30 PM,02/24/2025 5:53 PM,32820,12,Returned: CARD READER - CARDRDR-107586 | USB-C TO HDMI ADAPTER - USBC HDMI-107587 | INSTA360 X4 BATTERY - INSTA X4 BATT-107588 | EXTENSION CORD 10FT - EXTCORD10-107589 | FUJIFILM X-T5 BODY - FUJI XT5-107590 | FUJIFILM X-T5 BATTERY - FUJI XT5 BATT-107591 | RODE MIC BATTERY - RODE MIC BATT-107592 | META QUEST CHARGING CABLE - MQUEST CABLE-107593 | OLYMPUS 12-40mm LENS - OLY 1240 LENS-107594 | MANFROTTO TRIPOD CASE - MANFRO CASE-107595 | ZOOM H5 RECORDER CASE - ZOOM H5 CASE-107596 | FUJIFILM X-T5 BODY - FUJI XT5-107597 | 
6144280,SPAC,@inside.fixture.edu,0,02/20/2025 4:49 PM,02/22/2025 3:30 PM,03/14/2025 3:02 PM,1894380,10,Returned: PANASONIC S5 II BODY - PANA S5II-107598 | EXTENSION CORD 10FT - EXTCORD10-107599 | MANFROTTO TRIPOD - MANFRO TRIPOD-107600 | MACBOOK AIR M3 CHARGER - MBA M3 CHRG-107601 | MANFROTTO TRIPOD - MANFRO TRIPOD-107602 | EQUIPMENT CRATE 12x12 - CRATE12-107603 | GODOX LED LIGHT PANEL - GODOX LED-107604 | OLYMPUS OM-D E-M1 BODY - OLY EM1-107605 | FUJIFILM 18-55mm LENS - FUJI 1855 LENS-107606 | WACOM CINTIQ TABLET - WACOM CINTIQ-107607 | 
5217853,,@fixture.edu,0,02/21/2025 8:27 AM,02/21/2025 6:30 PM,02/22/2025 10:01 AM,92040,5,Returned: NIKON Z6 III BATTERY CHARGER - NIKON Z6III CHRG-107608 | CARD READER - CARDRDR-107609 | AUDIO-TECHNICA HEADPHONES - AT HEADPHONES-107610 | CARD READER - CARDRDR-107611 | META QUEST CONTROLLER - MQUEST CTRL-107612 | 
4867786,MDIA,@inside.fixture.edu,0,02/21/2025 12:23 PM,02/21/2025 6:30 PM,02/21/2025 5:48 PM,19500,1,Returned: OLYMPUS OM-D E-M1 BODY - OLY EM1-107613 | 
3024269,,@fixture.edu,0,02/28/2025 8:24 AM,02/28/2025 6:30 PM,03/03/2025 7:57 AM,257580,5,Returned: XLR CABLE 15FT - XLR15-107614 | USB KEYBOARD - USB KYBD-107615 | INSTA360 X4 CAMERA - INSTA X4-107616 | XLR CABLE 15FT - XLR15-107617 | GODOX POWER SUPPLY - GODOX PSU-107618 | 
4231028,,@fixture.edu,0,03/07/2025 7:57 AM,03/07/2025 6:30 PM,03/10/2025 9:55 AM,266280,5,Returned: MACBOOK AIR CHARGING CABLE - MBA CABLE-107619 | MANFROTTO TRIPOD - MANFRO TRIPOD-107620 | EQUIPMENT CRATE 12x12 - CRATE12-107621 | GODOX POWER SUPPLY - GODOX PSU-107622 | HUION DRAWING TABLET - HUION TABLET-107623 | 
6294016,,@fixture.edu,0,03/14/2025 7:56 AM,03/14/2025 6:30 PM,03/14/2025 2:16 PM,22800,5,Returned: GODOX LED LIGHT PANEL - GODOX LED-107624 | BENQ DATA PROJECTOR - BENQ PROJ-107625 | LEXAR 128GB CF CARD - LEXAR CF128-107626 | LOGITECH WIRELESS MOUSE - LOGI MOUSE-107627 | NIKON Z6 III MIRRORLESS BODY - NIKON Z6III-107628 | 
3005795,,@fixture.edu,0,03/21/2025 8:27 AM,03/21/2025 6:30 PM,03/22/2025 10:08 AM,92460,5,Returned: USB KEYBOARD - USB KYBD-107629 | MANFROTTO TRIPOD CASE - MANFRO CASE-107630 | OLYMPUS 12-40mm LENS - OLY 1240 LENS-107631 | XLR CABLE 25FT - XLR25-107632 | FUJIFILM X-T5 BODY - FUJI XT5-107633 | 
9990305,,@fixture.edu,0,03/28/2025 8:01 AM,03/28/2025 6:30 PM,03/31/2025 8:03 AM,259320,6,Returned: XLR CABLE 25FT - XLR25-107634 | MACBOOK AIR M3 LAPTOP - MBA M3-107635 | FUJIFILM X-T5 BATTERY - FUJI XT5 BATT-107636 | MACBOOK AIR M3 LAPTOP - MBA M3-107637 | GODOX LED LIGHT PANEL - GODOX LED-107638 | META QUEST HEADSET - MQUEST HS-107639 | 
4106298,,@fixture.edu,0,04/04/2025 8:09 AM,04/04/2025 6:30 PM,04/07/2025 7:52 AM,258180,5,Returned: MACBOOK AIR M3 LAPTOP - MBA M3-107640 | FUJIFILM X-T5 BODY - FUJI XT5-107641 | BENQ DATA PROJECTOR - BENQ PROJ-107642 | META QUEST CONTROLLER - MQUEST CTRL-107643 | META QUEST CONTROLLER - MQUEST CTRL-107644 | 
4213524,,@fixture.edu,0,04/11/2025 8:15 AM,04/11/2025 6:30 PM,04/12/2025 9:48 AM,91980,5,Returned: EXTENSION CORD 10FT - EXTCORD10-107645 | PANASONIC S5 II BATTERY CHARGER - PANA S5II CHRG-107646 | ZOOM H5 RECORDER - ZOOM H5-107647 | RODE MIC BATTERY - RODE MIC BATT-107648 | INSTA360 X4 CASE - INSTA X4 CASE-107649 | 
4630331,,@fixture.edu,0,04/18/2025 8:53 AM,04/18/2025 6:30 PM,04/19/2025 10:08 AM,90900,5,Returned: MACBOOK AIR M3 CHARGER - MBA M3 CHRG-107650 | EPSON PROJECTOR - EPSON PROJ-107651 | MACBOOK AIR M3 CHARGER - MBA M3 CHRG-107652 | MANFROTTO TRIPOD CASE - MANFRO CASE-107653 | NIKON Z6 III BATTERY CHARGER - NIKON Z6III CHRG-107654 | 
9123504,,@fixture.edu,0,04/25/2025 8:17 AM,04/25/2025 6:30 PM,04/28/2025 12:24 PM,274020,5,Returned: OLYMPUS 12-40mm LENS - OLY 1240 LENS-107655 | MACBOOK AIR M3 LAPTOP - MBA M3-107656 | GODOX LED LIGHT PANEL - GODOX LED-107657 | RODE MIC BATTERY - RODE MIC BATT-107658 | NIKON Z6 III BATTERY - NIKON Z6III BATT-107659 | 
5638893,INDD,@inside.fixture.edu,0,02/22/2025 10:09 AM,02/26/2025 6:30 PM,02/25/2025 2:37 PM,275280,2,Returned: WACOM ONE TABLET - WACOM ONE-107660 | XLR CABLE 15FT - XLR15-107661 | 
9801946,DRAW,@inside.fixture.edu,0,02/22/2025 2:44 PM,02/24/2025 6:30 PM,02/24/2025 9:06 AM,152520,1,Returned: META QUEST CHARGING CABLE - MQUEST CABLE-107662 | 
5747930,,@inside.fixture.edu,0,02/22/2025 2:56 PM,02/24/2025 6:30 PM,02/24/2025 9:06 AM,151800,1,Returned: ZOOM H5 RECORDER CASE - ZOOM H5 CASE-107663 | 
2686548,,@inside.fixture.edu,0,03/01/2025 10:30 AM,03/04/2025 2:00 PM,03/03/2025 12:33 PM,180180,4,Returned: DELL XPS LAPTOP - DELL XPS-107664 | MACBOOK AIR M3 CHARGER - MBA M3 CHRG-107665 | NIKON Z6 III BATTERY CHARGER - NIKON Z6III CHRG-107666 | CARD READER - CARDRDR-107667 | 
4256752,,@fixture.edu,0,02/24/2025 10:11 AM,02/24/2025 6:30 PM,02/24/2025 6:26 PM,29700,1,Returned: INSTA360 X4 CAMERA - INSTA X4-107668 | 
5970190,,@fixture.edu,0,03/03/2025 8:03 AM,03/03/2025 6:30 PM,03/03/2025 6:04 PM,36060,1,Returned: GODOX POWER SUPPLY - GODOX PSU-107669 | 
4816534,,@fixture.edu,0,03/10/2025 3:01 PM,03/10/2025 6:30 PM,03/10/2025 5:11 PM,7800,1,Returned: MANFROTTO TRIPOD - MANFRO TRIPOD-107670 | 
7054579,,@fixture.edu,0,03/17/2025 8:07 AM,03/17/2025 6:30 PM,03/17/2025 6:30 PM,37380,1,Returned: HUION DRAWING TABLET - HUION TABLET-107671 | 
4010529,,@fixture.edu,0,03/24/2025 8:14 AM,03/24/2025 6:30 PM,03/24/2025 6:07 PM,35580,1,Returned: FUJIFILM X-T5 BODY - FUJI XT5-107672 | 
6071208,,@fixture.edu,0,03/31/2025 11:53 AM,03/31/2025 6:30 PM,03/31/2025 5:19 PM,19560,1,Returned: NIKON Z6 III CAMERA CASE - NIKON Z6III CASE-107673 | 
1237370,,@fixture.edu,0,04/07/2025 8:00 AM,04/07/2025 6:30 PM,04/07/2025 5:21 PM,33660,1,Returned: AUDIO-TECHNICA HEADPHONES - AT HEADPHONES-107674 | 
9961299,,@fixture.edu,0,04/14/2025 10:40 AM,04/14/2025 6:30 PM,04/14/2025 6:55 PM,29700,1,Returned: RODE WIRELESS MIC - RODE WIRELESS-107675 | 
3123709,,@fixture.edu,0,04/21/2025 8:47 AM,04/21/2025 6:30 PM,04/21/2025 5:29 PM,31320,1,Returned: EPSON PROJECTOR HDMI CABLE - EPSON PROJ HDMI-107676 | 
5602180,,@inside.fixture.edu,0,02/24/2025 11:52 AM,02/24/2025 9:30 PM,02/24/2025 4:26 PM,16440,7,Returned: CARD READER - CARDRDR-107677 | LAPTOP SLEEVE CASE - LAPTOP SLEEVE-107678 | GODOX LIGHT STAND - GODOX STAND-107679 | MANFROTTO TRIPOD - MANFRO TRIPOD-107680 | LOGITECH WIRELESS MOUSE - LOGI MOUSE-107681 | FUJIFILM X-T5 BATTERY - FUJI XT5 BATT-107682 | META QUEST HEADSET - MQUEST HS-107683 | 
1763626,IMAG,@inside.fixture.edu,0,02/24/2025 11:57 AM,03/03/2025 6:30 PM,03/03/2025 4:32 PM,621300,7,Returned: ZOOM H5 RECORDER - ZOOM H5-107684 | HDMI CABLE 10FT - HDMI10-107685 | PANASONIC S5 II BODY - PANA S5II-107686 | ZOOM H5 RECORDER CASE - ZOOM H5 CASE-107687 | DELL XPS LAPTOP - DELL XPS-107688 | MACBOOK AIR M3 CHARGER - MBA M3 CHRG-107689 | GODOX POWER SUPPLY - GODOX PSU-107690 | 
1914794,,@inside.fixture.edu,0,02/24/2025 12:21 PM,02/25/2025 6:30 PM,02/25/2025 2:57 PM,95760,6,Returned: OLYMPUS 12-40mm LENS - OLY 1240 LENS-107691 | EPSON PROJECTOR - EPSON PROJ-107692 | ZOOM H5 RECORDER CASE - ZOOM H5 CASE-107693 | EPSON PROJECTOR - EPSON PROJ-107694 | XLR CABLE 25FT - XLR25-107695 | NIKON Z6 III MIRRORLESS BODY - NIKON Z6III-107696 | 
5901239,MDIA,@inside.fixture.edu,0,02/24/2025 3:51 PM,02/24/2025 6:30 PM,02/24/2025 4:25 PM,2040,2,Returned: POWER STRIP - PWRSTRIP-107697 | WACOM CINTIQ PEN - WACOM CINTIQ PEN-107698 | 
3118618,,@fixture.edu,0,02/25/2025 9:47 AM,02/25/2025 9:30 PM,02/25/2025 1:30 PM,13380,5,Returned: FUJIFILM X-T5 BODY - FUJI XT5-107699 | GODOX LIGHT STAND - GODOX STAND-107700 | WACOM ONE TABLET - WACOM ONE-107701 | RODE MIC BATTERY - RODE MIC BATT-107702 | INSTA360 X4 CASE - INSTA X4 CASE-107703 | 
9235577,,@inside.fixture.edu,1,03/03/2025 2:56 PM,03/31/2025 6:30 PM,03/18/2025 3:44 PM,1298880,23,Returned: META QUEST CHARGING CABLE - MQUEST CABLE-107704 | BENQ DATA PROJECTOR - BENQ PROJ-107705 | BENQ DATA PROJECTOR - BENQ PROJ-107706 | RODE MIC BATTERY - RODE MIC BATT-107707 | OLYMPUS 12-40mm LENS - OLY 1240 LENS-107708 | MACBOOK AIR M3 LAPTOP - MBA M3-107709 | OLYMPUS 12-40mm LENS - OLY 1240 LENS-107710 | CARD READER - CARDRDR-107711 | FUJIFILM 18-55mm LENS - FUJI 1855 LENS-107712 | INSTA360 X4 BATTERY - INSTA X4 BATT-107713 | AUDIO-TECHNICA HEADPHONES - AT HEADPHONES-107714 | LAPTOP SLEEVE CASE - LAPTOP SLEEVE-107715 | NIKON Z6 III MIRRORLESS BODY - NIKON Z6III-107716 | DELL XPS LAPTOP CHARGER - DELL XPS CHRG-107717 | LOGITECH WIRELESS MOUSE - LOGI MOUSE-107718 | FUJIFILM 18-55mm LENS - FUJI 1855 LENS-107719 | DELL XPS LAPTOP CHARGER - DELL XPS CHRG-107720 | INSTA360 X4 BATTERY - INSTA X4 BATT-107721 | FUJIFILM X-T5 BATTERY - FUJI XT5 BATT-107722 | SANDISK 128GB SD CARD - SANDISK 128SD-107723 | INSTA360 X4 BATTERY - INSTA X4 BATT-107724 | DELL XPS LAPTOP - DELL XPS-107725 | USB-C TO HDMI ADAPTER - USBC HDMI-107726 | 
2721135,INDD,@inside.fixture.edu,0,02/25/2025 11:38 AM,02/25/2025 6:30 PM,03/14/2025 2:30 PM,1479120,1,Returned: PANASONIC S5 II BODY - PANA S5II-107727 | 
1205779,,@inside.fixture.edu,0,02/25/2025 2:12 PM,02/26/2025 6:30 PM,03/07/2025 10:48 AM,851760,9,Returned: XLR CABLE 15FT - XLR15-107728 | ZOOM H5 RECORDER CASE - ZOOM H5 CASE-107729 | INSTA360 X4 CAMERA - INSTA X4-107730 | INSTA360 X4 BATTERY - INSTA X4 BATT-107731 | WACOM CINTIQ TABLET - WACOM CINTIQ-107732 | NIKON Z6 III MIRRORLESS BODY - NIKON Z6III-107733 | LOGITECH WEBCAM - LOGI WEBCAM-107734 | NIKON Z6 III MIRRORLESS BODY - NIKON Z6III-107735 | META QUEST HEADSET - MQUEST HS-107736 | 
5770422,,@fixture.edu,0,03/05/2025 9:24 AM,03/05/2025 6:30 PM,03/05/2025 12:47 PM,12180,18,Returned: MACBOOK AIR CHARGING CABLE - MBA CABLE-107737 | CARD READER - CARDRDR-107738 | EPSON PROJECTOR - EPSON PROJ-107739 | GODOX LED LIGHT PANEL - GODOX LED-107740 | MACBOOK AIR M3 LAPTOP - MBA M3-107741 | AUDIO-TECHNICA HEADPHONES - AT HEADPHONES-107742 | ZOOM H5 RECORDER CASE - ZOOM H5 CASE-107743 | USB-C MULTIPORT HUB - USBC HUB-107744 | LAPTOP SLEEVE CASE - LAPTOP SLEEVE-107745 | EXTENSION CORD 10FT - EXTCORD10-107746 | FUJIFILM 18-55mm LENS - FUJI 1855 LENS-107747 | PANASONIC S5 II BODY - PANA S5II-107748 | DELL XPS LAPTOP - DELL XPS-107749 | PANASONIC S5 II BODY - PANA S5II-107750 | WACOM CINTIQ PEN - WACOM CINTIQ PEN-107751 | USB-C MULTIPORT HUB - USBC HUB-107752 | XLR CABLE 15FT - XLR15-107753 | USB KEYBOARD - USB KYBD-107754 | 
8875173,INDD,@inside.fixture.edu,2,02/25/2025 2:38 PM,03/17/2025 6:30 PM,03/17/2025 12:06 PM,1718880,5,Returned: GODOX POWER SUPPLY - GODOX PSU-107755 | DELL XPS LAPTOP CHARGER - DELL XPS CHRG-107756 | MANFROTTO TRIPOD CASE - MANFRO CASE-107757 | HUION DRAWING TABLET - HUION TABLET-107758 | META QUEST CONTROLLER - MQUEST CTRL-107759 | 
9031491,MDIA,@inside.fixture.edu,0,02/25/2025 2:41 PM,02/25/2025 6:30 PM,02/25/2025 5:52 PM,11460,2,Returned: CARD READER - CARDRDR-107760 | INSTA360 X4 CASE - INSTA X4 CASE-107761 | 
8389840,DRAW,@inside.fixture.edu,0,02/25/2025 6:14 PM,02/26/2025 6:30 PM,03/06/2025 2:01 PM,762420,5,Returned: LOGITECH WEBCAM - LOGI WEBCAM-107762 | FUJIFILM X-T5 BATTERY - FUJI XT5 BATT-107763 | GODOX LED LIGHT PANEL - GODOX LED-107764 | WACOM ONE TABLET - WACOM ONE-107765 | AUDIO-TECHNICA HEADPHONES - AT HEADPHONES-107766 | 
6716097,STDA,@inside.fixture.edu,0,02/26/2025 7:52 AM,02/27/2025 6:30 PM,02/28/2025 6:12 PM,210000,3,Returned: MACBOOK AIR CHARGING CABLE - MBA CABLE-107767 | HDMI CABLE 10FT - HDMI10-107768 | META QUEST CONTROLLER - MQUEST CTRL-107769 | 
4093109,MDIA,@inside.fixture.edu,0,02/26/2025 9:20 AM,02/26/2025 6:30 PM,02/26/2025 9:30 AM,600,3,Returned: FUJIFILM X-T5 BATTERY - FUJI XT5 BATT-107770 | DELL XPS LAPTOP CHARGER - DELL XPS CHRG-107771 | WACOM CINTIQ TABLET - WACOM CINTIQ-107772 | 
1861958,ANIM,@inside.fixture.edu,1,02/26/2025 12:45 PM,03/01/2025 3:30 PM,05/22/2025 3:37 PM,7354320,6,Returned: NIKON Z6 III BATTERY - NIKON Z6III BATT-107773 | MANFROTTO TRIPOD CASE - MANFRO CASE-107774 | DELL XPS LAPTOP - DELL XPS-107775 | SANDISK 128GB SD CARD - SANDISK 128SD-107776 | MACBOOK AIR M3 LAPTOP - MBA M3-107777 | XLR CABLE 15FT - XLR15-107778 | 
5235884,,@fixture.edu,0,02/26/2025 2:17 PM,02/27/2025 6:30 PM,02/27/2025 2:07 PM,85800,2,Returned: PANASONIC S5 II BATTERY CHARGER - PANA S5II CHRG-107779 | MACBOOK AIR M3 LAPTOP - MBA M3-107780 | 
9014965,VIZD,@inside.fixture.edu,0,02/27/2025 3:41 PM,03/04/2025 1:00 PM,03/04/2025 9:13 AM,408720,6,Returned: FUJIFILM 18-55mm LENS - FUJI 1855 LENS-107781 | INSTA360 X4 BATTERY - INSTA X4 BATT-107782 | META QUEST CONTROLLER - MQUEST CTRL-107783 | AUDIO-TECHNICA HEADPHONES - AT HEADPHONES-107784 | LOGITECH WIRELESS MOUSE - LOGI MOUSE-107785 | EPSON PROJECTOR - EPSON PROJ-107786 | 
2914064,ANIM,@inside.fixture.edu,0,02/27/2025 1:20 PM,04/25/2025 10:00 AM,04/28/2025 2:24 PM,5187840,1,Returned: BENQ DATA PROJECTOR - BENQ PROJ-107787 | 
2096280,,@fixture.edu,0,02/28/2025 8:55 AM,02/28/2025 2:00 PM,02/28/2025 6:12 PM,33420,1,Returned: NIKON Z6 III MIRRORLESS BODY - NIKON Z6III-107788 | 
7722755,EDES,@inside.fixture.edu,0,03/03/2025 8:43 AM,03/04/2025 3:00 PM,03/07/2025 4:09 PM,372360,16,Returned: XLR CABLE 15FT - XLR15-107789 | SANDISK 128GB SD CARD - SANDISK 128SD-107790 | MANFROTTO TRIPOD CASE - MANFRO CASE-107791 | EQUIPMENT CRATE 12x12 - CRATE12-107792 | MANFROTTO TRIPOD - MANFRO TRIPOD-107793 | USB KEYBOARD - USB KYBD-107794 | POWER STRIP - PWRSTRIP-107795 | AUDIO-TECHNICA HEADPHONES - AT HEADPHONES-107796 | LEXAR 128GB CF CARD - LEXAR CF128-107797 | META QUEST HEADSET - MQUEST HS-107798 | AUDIO-TECHNICA HEADPHONES - AT HEADPHONES-107799 | NIKON Z6 III MIRRORLESS BODY - NIKON Z6III-107800 | OLYMPUS 12-40mm LENS - OLY 1240 LENS-107801 | XLR CABLE 15FT - XLR15-107802 | LOGITECH WEBCAM - LOGI WEBCAM-107803 | LOGITECH WIRELESS MOUSE - LOGI MOUSE-107804 | 
9250138,,@inside.fixture.edu,0,02/28/2025 4:23 PM,03/03/2025 6:30 PM,03/03/2025 7:57 AM,228840,1,Returned: WACOM CINTIQ PEN - WACOM CINTIQ PEN-107805 | 
2242892,,@inside.fixture.edu,2,02/28/2025 5:36 PM,03/24/2025 6:30 PM,03/28/2025 4:48 PM,2416320,5,Returned: ZOOM H5 RECORDER - ZOOM H5-107806 | INSTA360 X4 CAMERA - INSTA X4-107807 | INSTA360 X4 CASE - INSTA X4 CASE-107808 | LEXAR 128GB CF CARD - LEXAR CF128-107809 | INSTA360 X4 BATTERY - INSTA X4 BATT-107810 | 
1899411,,@inside.fixture.edu,2,02/28/2025 5:41 PM,04/11/2025 6:30 PM,07/07/2025 2:27 PM,11133960,16,Returned: PANASONIC S5 II BATTERY CHARGER - PANA S5II CHRG-107811 | GODOX LED LIGHT PANEL - GODOX LED-107812 | LOGITECH WIRELESS MOUSE - LOGI MOUSE-107813 | LOGITECH WEBCAM - LOGI WEBCAM-107814 | WACOM CINTIQ TABLET - WACOM CINTIQ-107815 | OLYMPUS OM-D E-M1 BODY - OLY EM1-107816 | HUION DRAWING TABLET - HUION TABLET-107817 | INSTA360 X4 BATTERY - INSTA X4 BATT-107818 | PANASONIC S5 II BODY - PANA S5II-107819 | META QUEST HEADSET - MQUEST HS-107820 | LAPTOP SLEEVE CASE - LAPTOP SLEEVE-107821 | DELL XPS LAPTOP CHARGER - DELL XPS CHRG-107822 | FUJIFILM X-T5 BATTERY - FUJI XT5 BATT-107823 | LOGITECH WEBCAM - LOGI WEBCAM-107824 | MACBOOK AIR CHARGING CABLE - MBA CABLE-107825 | HUION DRAWING TABLET - HUION TABLET-107826 | 
3545556,STDA,@inside.fixture.edu,1,02/28/2025 5:55 PM,03/15/2025 3:30 PM,03/15/2025 12:57 PM,1278120,10,Returned: POWER STRIP - PWRSTRIP-107827 | USB KEYBOARD - USB KYBD-107828 | HUION DRAWING TABLET - HUION TABLET-107829 | MANFROTTO TRIPOD - MANFRO TRIPOD-107830 | USB-C TO HDMI ADAPTER - USBC HDMI-107831 | INSTA360 X4 CAMERA - INSTA X4-107832 | SANDISK 64GB SD CARD - SANDISK 64SD-107833 | FUJIFILM X-T5 BATTERY - FUJI XT5 BATT-107834 | DELL XPS LAPTOP CHARGER - DELL XPS CHRG-107835 | HUION DRAWING TABLET - HUION TABLET-107836 | 
3503120,ANIM,@inside.fixture.edu,1,03/01/2025 2:36 PM,04/25/2025 6:30 PM,04/28/2025 3:42 PM,5015160,2,Returned: WACOM CINTIQ PEN - WACOM CINTIQ PEN-107837 | NIKON Z6 III BATTERY - NIKON Z6III BATT-107838 | 
6097514,,@inside.fixture.edu,0,03/03/2025 12:38 PM,03/05/2025 6:30 PM,03/05/2025 1:57 PM,177540,7,Returned: EPSON PROJECTOR - EPSON PROJ-107839 | META QUEST CONTROLLER - MQUEST CTRL-107840 | FUJIFILM X-T5 BODY - FUJI XT5-107841 | XLR CABLE 25FT - XLR25-107842 | BENQ DATA PROJECTOR - BENQ PROJ-107843 | OLYMPUS OM-D E-M1 BODY - OLY EM1-107844 | DELL XPS LAPTOP CHARGER - DELL XPS CHRG-107845 | 
2429098,STDA,@inside.fixture.edu,0,03/03/2025 3:26 PM,03/03/2025 6:30 PM,03/03/2025 6:18 PM,10320,3,Returned: HUION DRAWING TABLET - HUION TABLET-107846 | ZOOM H5 RECORDER CASE - ZOOM H5 CASE-107847 | LEXAR 128GB CF CARD - LEXAR CF128-107848 | 
5163953,STDA,@inside.fixture.edu,0,03/03/2025 3:37 PM,03/04/2025 6:30 PM,03/03/2025 6:18 PM,9660,2,Returned: META QUEST HEADSET - MQUEST HS-107849 | RODE WIRELESS MIC - RODE WIRELESS-107850 | 
2987287,CRFT,@inside.fixture.edu,1,03/03/2025 5:16 PM,04/25/2025 4:00 PM,05/01/2025 1:19 PM,5083380,5,Returned: USB-C MULTIPORT HUB - USBC HUB-107851 | LEXAR 128GB CF CARD - LEXAR CF128-107852 | EXTENSION CORD 10FT - EXTCORD10-107853 | POWER STRIP - PWRSTRIP-107854 | EXTENSION CORD 10FT - EXTCORD10-107855 | 
7982241,INDD,@inside.fixture.edu,1,03/03/2025 5:34 PM,03/10/2025 6:30 PM,03/11/2025 6:24 PM,694200,3,Returned: GODOX LIGHT STAND - GODOX STAND-107856 | MANFROTTO TRIPOD CASE - MANFRO CASE-107857 | META QUEST CHARGING CABLE - MQUEST CABLE-107858 | 
4786401,,@inside.fixture.edu,0,03/05/2025 9:24 AM,03/05/2025 6:00 PM,03/05/2025 3:36 PM,22320,1,Returned: HUION DRAWING TABLET - HUION TABLET-107859 | 
9767312,,@inside.fixture.edu,0,03/04/2025 11:44 AM,03/06/2025 6:30 PM,03/04/2025 4:23 PM,16740,4,Returned: GODOX LED LIGHT PANEL - GODOX LED-107860 | WACOM CINTIQ TABLET - WACOM CINTIQ-107861 | FUJIFILM X-T5 BATTERY - FUJI XT5 BATT-107862 | MACBOOK AIR M3 LAPTOP - MBA M3-107863 | 
7381684,MDIA,@inside.fixture.edu,0,03/04/2025 2:02 PM,03/06/2025 6:30 PM,03/06/2025 12:24 PM,166920,7,Returned: WACOM CINTIQ PEN - WACOM CINTIQ PEN-107864 | FUJIFILM X-T5 BATTERY - FUJI XT5 BATT-107865 | MANFROTTO TRIPOD CASE - MANFRO CASE-107866 | META QUEST HEADSET - MQUEST HS-107867 | FUJIFILM X-T5 BATTERY - FUJI XT5 BATT-107868 | MACBOOK AIR CHARGING CABLE - MBA CABLE-107869 | ZOOM H5 RECORDER CASE - ZOOM H5 CASE-107870 | 
8558378,VIZD,@inside.fixture.edu,0,03/06/2025 10:44 AM,03/11/2025 1:00 PM,03/11/2025 10:02 AM,429480,7,Returned: USB KEYBOARD - USB KYBD-107871 | XLR CABLE 25FT - XLR25-107872 | MACBOOK AIR CHARGING CABLE - MBA CABLE-107873 | NIKON Z6 III BATTERY - NIKON Z6III BATT-107874 | FUJIFILM X-T5 BODY - FUJI XT5-107875 | INSTA360 X4 CAMERA - INSTA X4-107876 | FUJIFILM X-T5 BODY - FUJI XT5-107877 | 
8427625,STDA,@inside.fixture.edu,0,03/04/2025 2:40 PM,03/06/2025 6:30 PM,03/07/2025 8:02 AM,235320,3,Returned: GODOX POWER SUPPLY - GODOX PSU-107878 | XLR CABLE 15FT - XLR15-107879 | RODE MIC BATTERY - RODE MIC BATT-107880 | 
5988757,GNRL,@inside.fixture.edu,0,03/04/2025 3:53 PM,03/07/2025 6:30 PM,03/06/2025 6:25 PM,181920,4,Returned: META QUEST HEADSET - MQUEST HS-107881 | LOGITECH WEBCAM - LOGI WEBCAM-107882 | PANASONIC S5 II BODY - PANA S5II-107883 | NIKON Z6 III MIRRORLESS BODY - NIKON Z6III-107884 | 
8194570,GNRL,@inside.fixture.edu,0,03/04/2025 3:57 PM,03/07/2025 6:30 PM,03/06/2025 6:25 PM,181680,1,Returned: PANASONIC S5 II BODY - PANA S5II-107885 | 
6123430,,@inside.fixture.edu,1,03/05/2025 9:25 AM,03/31/2025 6:30 PM,04/01/2025 12:37 PM,2344320,17,Returned: WACOM CINTIQ TABLET - WACOM CINTIQ-107886 | WACOM ONE TABLET - WACOM ONE-107887 | NIKON Z6 III BATTERY - NIKON Z6III BATT-107888 | INSTA360 X4 BATTERY - INSTA X4 BATT-107889 | INSTA360 X4 CASE - INSTA X4 CASE-107890 | MACBOOK AIR M3 CHARGER - MBA M3 CHRG-107891 | WACOM ONE TABLET - WACOM ONE-107892 | USB-C TO HDMI ADAPTER - USBC HDMI-107893 | OLYMPUS 12-40mm LENS - OLY 1240 LENS-107894 | BENQ DATA PROJECTOR - BENQ PROJ-107895 | META QUEST CONTROLLER - MQUEST CTRL-107896 | PANASONIC S5 II BATTERY CHARGER - PANA S5II CHRG-107897 | NIKON Z6 III BATTERY - NIKON Z6III BATT-107898 | NIKON Z6 III BATTERY - NIKON Z6III BATT-107899 | LAPTOP SLEEVE CASE - LAPTOP SLEEVE-107900 | OLYMPUS 12-40mm LENS - OLY 1240 LENS-107901 | CARD READER - CARDRDR-107902 | 
2010496,,@inside.fixture.edu,0,03/05/2025 8:19 AM,03/05/2025 6:30 PM,03/05/2025 12:46 PM,16020,1,Returned: FUJIFILM 18-55mm LENS - FUJI 1855 LENS-107903 | 
2664863,,@inside.fixture.edu,0,03/05/2025 11:22 AM,03/05/2025 6:30 PM,03/05/2025 3:36 PM,15240,7,Returned: SANDISK 64GB SD CARD - SANDISK 64SD-107904 | ZOOM H5 RECORDER - ZOOM H5-107905 | SANDISK 128GB SD CARD - SANDISK 128SD-107906 | BENQ DATA PROJECTOR - BENQ PROJ-107907 | META QUEST CHARGING CABLE - MQUEST CABLE-107908 | MANFROTTO TRIPOD - MANFRO TRIPOD-107909 | MACBOOK AIR M3 CHARGER - MBA M3 CHRG-107910 | 
4486102,MDIA,@inside.fixture.edu,0,03/05/2025 3:08 PM,03/05/2025 6:30 PM,03/05/2025 5:57 PM,10140,3,Returned: INSTA360 X4 CAMERA - INSTA X4-107911 | ZOOM H5 RECORDER CASE - ZOOM H5 CASE-107912 | USB-C TO HDMI ADAPTER - USBC HDMI-107913 | 
4540415,,@inside.fixture.edu,0,03/05/2025 3:19 PM,03/05/2025 6:30 PM,03/05/2025 4:42 PM,4980,4,Returned: RODE WIRELESS MIC - RODE WIRELESS-107914 | BENQ DATA PROJECTOR - BENQ PROJ-107915 | MACBOOK AIR CHARGING CABLE - MBA CABLE-107916 | LAPTOP SLEEVE CASE - LAPTOP SLEEVE-107917 | 
5440025,MDIA,@inside.fixture.edu,1,03/05/2025 4:20 PM,03/06/2025 6:30 PM,03/06/2025 7:57 AM,56220,16,Returned: XLR CABLE 25FT - XLR25-107918 | PANASONIC S5 II BATTERY CHARGER - PANA S5II CHRG-107919 | PANASONIC S5 II BODY - PANA S5II-107920 | GODOX POWER SUPPLY - GODOX PSU-107921 | EQUIPMENT CRATE 12x12 - CRATE12-107922 | MANFROTTO TRIPOD CASE - MANFRO CASE-107923 | XLR CABLE 25FT - XLR25-107924 | WACOM CINTIQ PEN - WACOM CINTIQ PEN-107925 | EXTENSION CORD 10FT - EXTCORD10-107926 | RODE MIC BATTERY - RODE MIC BATT-107927 | POWER STRIP - PWRSTRIP-107928 | INSTA360 X4 CAMERA - INSTA X4-107929 | MACBOOK AIR M3 CHARGER - MBA M3 CHRG-107930 | EQUIPMENT CRATE 12x12 - CRATE12-107931 | DELL XPS LAPTOP - DELL XPS-107932 | HDMI CABLE 10FT - HDMI10-107933 | 
2362099,GNRL,@inside.fixture.edu,0,03/05/2025 5:03 PM,03/06/2025 6:30 PM,03/06/2025 6:25 PM,91320,2,Returned: LOGITECH WEBCAM - LOGI WEBCAM-107934 | HUION DRAWING TABLET - HUION TABLET-107935 | 
3634980,,@fixture.edu,0,03/11/2025 8:13 AM,03/14/2025 6:30 PM,03/14/2025 5:05 PM,291120,12,Returned: WACOM ONE TABLET - WACOM ONE-107936 | DELL XPS LAPTOP - DELL XPS-107937 | WACOM CINTIQ TABLET - WACOM CINTIQ-107938 | XLR CABLE 15FT - XLR15-107939 | HUION DRAWING TABLET - HUION TABLET-107940 | NIKON Z6 III CAMERA CASE - NIKON Z6III CASE-107941 | PANASONIC S5 II BODY - PANA S5II-107942 | NIKON Z6 III BATTERY - NIKON Z6III BATT-107943 | LAPTOP SLEEVE CASE - LAPTOP SLEEVE-107944 | WACOM CINTIQ PEN - WACOM CINTIQ PEN-107945 | RODE WIRELESS MIC - RODE WIRELESS-107946 | LOGITECH WIRELESS MOUSE - LOGI MOUSE-107947 | 
5024269,ANIM,@inside.fixture.edu,0,03/05/2025 6:51 PM,03/06/2025 6:30 PM,03/06/2025 12:16 PM,62700,3,Returned: GODOX LED LIGHT PANEL - GODOX LED-107948 | INSTA360 X4 BATTERY - INSTA X4 BATT-107949 | ZOOM H5 RECORDER CASE - ZOOM H5 CASE-107950 | 
3916107,,@inside.fixture.edu,0,03/06/2025 11:56 AM,03/20/2025 6:30 PM,03/20/2025 6:22 PM,1232760,15,Returned: NIKON Z6 III BATTERY - NIKON Z6III BATT-107951 | PANASONIC S5 II BODY - PANA S5II-107952 | RODE MIC BATTERY - RODE MIC BATT-107953 | POWER STRIP - PWRSTRIP-107954 | ZOOM H5 RECORDER CASE - ZOOM H5 CASE-107955 | NIKON Z6 III CAMERA CASE - NIKON Z6III CASE-107956 | GODOX LIGHT STAND - GODOX STAND-107957 | XLR CABLE 15FT - XLR15-107958 | EXTENSION CORD 10FT - EXTCORD10-107959 | FUJIFILM 18-55mm LENS - FUJI 1855 LENS-107960 | RODE MIC BATTERY - RODE MIC BATT-107961 | NIKON Z6 III MIRRORLESS BODY - NIKON Z6III-107962 | ZOOM H5 RECORDER - ZOOM H5-107963 | MACBOOK AIR M3 LAPTOP - MBA M3-107964 | POWER STRIP - PWRSTRIP-107965 | 
2259379,STDA,@inside.fixture.edu,0,03/11/2025 11:38 AM,04/25/2025 6:30 PM,05/13/2025 2:34 PM,5453760,16,Returned: META QUEST HEADSET - MQUEST HS-107966 | USB-C TO HDMI ADAPTER - USBC HDMI-107967 | XLR CABLE 25FT - XLR25-107968 | WACOM ONE TABLET - WACOM ONE-107969 | LAPTOP SLEEVE CASE - LAPTOP SLEEVE-107970 | FUJIFILM X-T5 BATTERY - FUJI XT5 BATT-107971 | MANFROTTO TRIPOD CASE - MANFRO CASE-107972 | WACOM ONE TABLET - WACOM ONE-107973 | EQUIPMENT CRATE 12x12 - CRATE12-107974 | CARD READER - CARDRDR-107975 | FUJIFILM X-T5 BODY - FUJI XT5-107976 | META QUEST HEADSET - MQUEST HS-107977 | DELL XPS LAPTOP - DELL XPS-107978 | HDMI CABLE 10FT - HDMI10-107979 | RODE MIC BATTERY - RODE MIC BATT-107980 | RODE MIC BATTERY - RODE MIC BATT-107981 | 
3626181,DRAW,@inside.fixture.edu,0,03/06/2025 1:31 PM,03/07/2025 6:30 PM,03/07/2025 3:35 PM,93840,5,Returned: PANASONIC S5 II BATTERY CHARGER - PANA S5II CHRG-107982 | LOGITECH WEBCAM - LOGI WEBCAM-107983 | MACBOOK AIR CHARGING CABLE - MBA CABLE-107984 | INSTA360 X4 CASE - INSTA X4 CASE-107985 | DELL XPS LAPTOP - DELL XPS-107986 | 
1044891,MDIA,@inside.fixture.edu,0,03/06/2025 1:43 PM,03/10/2025 6:30 PM,03/10/2025 4:11 PM,354480,3,Returned: FUJIFILM 18-55mm LENS - FUJI 1855 LENS-107987 | PANASONIC S5 II BODY - PANA S5II-107988 | RODE MIC BATTERY - RODE MIC BATT-107989 | 
7853787,MDIA,@inside.fixture.edu,0,03/07/2025 7:58 AM,03/07/2025 2:00 PM,03/07/2025 1:13 PM,18900,5,Returned: XLR CABLE 25FT - XLR25-107990 | WACOM CINTIQ TABLET - WACOM CINTIQ-107991 | MANFROTTO TRIPOD CASE - MANFRO CASE-107992 | GODOX LED LIGHT PANEL - GODOX LED-107993 | CARD READER - CARDRDR-107994 | 
8558197,INDD,@inside.fixture.edu,0,03/07/2025 2:33 PM,03/07/2025 6:30 PM,03/08/2025 12:31 PM,79080,1,Returned: INSTA360 X4 CASE - INSTA X4 CASE-107995 | 
8883823,,@inside.fixture.edu,0,03/08/2025 12:54 PM,03/11/2025 5:00 PM,03/11/2025 1:24 PM,261000,7,Returned: META QUEST CONTROLLER - MQUEST CTRL-107996 | MANFROTTO TRIPOD CASE - MANFRO CASE-107997 | USB KEYBOARD - USB KYBD-107998 | AUDIO-TECHNICA HEADPHONES - AT HEADPHONES-107999 | META QUEST HEADSET - MQUEST HS-108000 | META QUEST CONTROLLER - MQUEST CTRL-108001 | NIKON Z6 III BATTERY CHARGER - NIKON Z6III CHRG-108002 | 
5886520,,@alumni.fixture.edu,0,03/10/2025 9:25 AM,03/10/2025 6:00 PM,03/10/2025 5:00 PM,27300,10,Returned: GODOX LED LIGHT PANEL - GODOX LED-108003 | NIKON Z6 III CAMERA CASE - NIKON Z6III CASE-108004 | FUJIFILM X-T5 BATTERY - FUJI XT5 BATT-108005 | LOGITECH WEBCAM - LOGI WEBCAM-108006 | EPSON PROJECTOR HDMI CABLE - EPSON PROJ HDMI-108007 | MANFROTTO TRIPOD CASE - MANFRO CASE-108008 | HDMI CABLE 10FT - HDMI10-108009 | AUDIO-TECHNICA HEADPHONES - AT HEADPHONES-108010 | USB-C TO HDMI ADAPTER - USBC HDMI-108011 | RODE MIC BATTERY - RODE MIC BATT-108012 | 
1547605,,@inside.fixture.edu,0,03/11/2025 12:39 PM,03/11/2025 6:30 PM,03/11/2025 3:16 PM,9420,2,Returned: WACOM ONE TABLET - WACOM ONE-108013 | XLR CABLE 25FT - XLR25-108014 | 
4883526,,@fixture.edu,0,03/10/2025 3:10 PM,03/10/2025 6:30 PM,03/10/2025 3:36 PM,1560,1,Returned: EPSON PROJECTOR - EPSON PROJ-108015 | 
5833597,MDIA,@inside.fixture.edu,0,03/10/2025 3:13 PM,03/12/2025 6:30 PM,03/11/2025 6:30 PM,98220,10,Returned: MACBOOK AIR M3 LAPTOP - MBA M3-108016 | USB KEYBOARD - USB KYBD-108017 | INSTA360 X4 BATTERY - INSTA X4 BATT-108018 | FUJIFILM 18-55mm LENS - FUJI 1855 LENS-108019 | XLR CABLE 15FT - XLR15-108020 | WACOM ONE TABLET - WACOM ONE-108021 | NIKON Z6 III BATTERY - NIKON Z6III BATT-108022 | NIKON Z6 III BATTERY CHARGER - NIKON Z6III CHRG-108023 | NIKON Z6 III MIRRORLESS BODY - NIKON Z6III-108024 | FUJIFILM X-T5 BATTERY - FUJI XT5 BATT-108025 | 
5743227,,@inside.fixture.edu,0,03/11/2025 11:48 AM,03/11/2025 6:00 PM,03/11/2025 3:16 PM,12480,2,Returned: RODE MIC BATTERY - RODE MIC BATT-108026 | GODOX POWER SUPPLY - GODOX PSU-108027 | 
8617381,DRAW,@inside.fixture.edu,0,03/11/2025 4:36 PM,03/12/2025 6:30 PM,03/12/2025 3:50 PM,83640,1,Returned: DELL XPS LAPTOP - DELL XPS-108028 | 
2194198,,@inside.fixture.edu,0,03/12/2025 7:51 AM,03/12/2025 6:30 PM,03/12/2025 12:28 PM,16620,1,Returned: PANASONIC S5 II BODY - PANA S5II-108029 | 
4916201,STDA,@inside.fixture.edu,0,03/12/2025 1:39 PM,03/13/2025 6:30 PM,03/14/2025 7:54 AM,152100,3,Returned: PANASONIC S5 II BATTERY CHARGER - PANA S5II CHRG-108030 | META QUEST HEADSET - MQUEST HS-108031 | XLR CABLE 15FT - XLR15-108032 | 
5438490,VIZD,@inside.fixture.edu,1,03/13/2025 12:48 PM,03/18/2025 6:30 PM,03/18/2025 10:11 AM,422580,7,Returned: META QUEST HEADSET - MQUEST HS-108033 | INSTA360 X4 CASE - INSTA X4 CASE-108034 | META QUEST CHARGING CABLE - MQUEST CABLE-108035 | CARD READER - CARDRDR-108036 | MANFROTTO TRIPOD - MANFRO TRIPOD-108037 | POWER STRIP - PWRSTRIP-108038 | FUJIFILM 18-55mm LENS - FUJI 1855 LENS-108039 | 
4318855,MDIA,@inside.fixture.edu,0,03/12/2025 3:05 PM,03/13/2025 6:30 PM,03/13/2025 8:00 AM,60900,13,Returned: INSTA360 X4 CAMERA - INSTA X4-108040 | FUJIFILM X-T5 BODY - FUJI XT5-108041 | ZOOM H5 RECORDER - ZOOM H5-108042 | WACOM ONE TABLET - WACOM ONE-108043 | LOGITECH WEBCAM - LOGI WEBCAM-108044 | MANFROTTO TRIPOD - MANFRO TRIPOD-108045 | PANASONIC S5 II BODY - PANA S5II-108046 | OLYMPUS OM-D E-M1 BODY - OLY EM1-108047 | MACBOOK AIR M3 LAPTOP - MBA M3-108048 | FUJIFILM 18-55mm LENS - FUJI 1855 LENS-108049 | CARD READER - CARDRDR-108050 | HDMI CABLE 10FT - HDMI10-108051 | EQUIPMENT CRATE 12x12 - CRATE12-108052 | 
8132648,ANIM,@inside.fixture.edu,1,03/12/2025 3:09 PM,03/17/2025 6:30 PM,03/26/2025 1:06 PM,1202220,2,Returned: INSTA360 X4 BATTERY - INSTA X4 BATT-108053 | AUDIO-TECHNICA HEADPHONES - AT HEADPHONES-108054 | 
2925626,,@inside.fixture.edu,0,03/13/2025 12:02 PM,03/13/2025 6:30 PM,03/13/2025 1:24 PM,4920,2,Returned: DELL XPS LAPTOP CHARGER - DELL XPS CHRG-108055 | FUJIFILM 18-55mm LENS - FUJI 1855 LENS-108056 | 
4771676,,@fixture.edu,0,03/13/2025 1:28 PM,03/13/2025 9:30 PM,03/13/2025 4:34 PM,11160,16,Returned: USB-C MULTIPORT HUB - USBC HUB-108057 | WACOM CINTIQ TABLET - WACOM CINTIQ-108058 | GODOX LIGHT STAND - GODOX STAND-108059 | INSTA360 X4 BATTERY - INSTA X4 BATT-108060 | RODE MIC BATTERY - RODE MIC BATT-108061 | BENQ DATA PROJECTOR - BENQ PROJ-108062 | SANDISK 128GB SD CARD - SANDISK 128SD-108063 | MANFROTTO TRIPOD - MANFRO TRIPOD-108064 | RODE WIRELESS MIC - RODE WIRELESS-108065 | FUJIFILM X-T5 BODY - FUJI XT5-108066 | USB-C TO HDMI ADAPTER - USBC HDMI-108067 | EQUIPMENT CRATE 12x12 - CRATE12-108068 | GODOX LIGHT STAND - GODOX STAND-108069 | BENQ DATA PROJECTOR - BENQ PROJ-108070 | SANDISK 64GB SD CARD - SANDISK 64SD-108071 | FUJIFILM X-T5 BODY - FUJI XT5-108072 | 
3499627,,@inside.fixture.edu,0,03/14/2025 8:10 AM,03/14/2025 6:30 PM,03/14/2025 11:10 AM,10800,2,Returned: INSTA360 X4 BATTERY - INSTA X4 BATT-108073 | NIKON Z6 III CAMERA CASE - NIKON Z6III CASE-108074 | 
5456573,STDA,@inside.fixture.edu,0,03/14/2025 1:13 PM,03/21/2025 6:30 PM,03/21/2025 11:42 AM,599340,23,Returned: NIKON Z6 III MIRRORLESS BODY - NIKON Z6III-108075 | SANDISK 64GB SD CARD - SANDISK 64SD-108076 | LOGITECH WIRELESS MOUSE - LOGI MOUSE-108077 | PANASONIC S5 II BATTERY CHARGER - PANA S5II CHRG-108078 | FUJIFILM X-T5 BATTERY - FUJI XT5 BATT-108079 | SANDISK 64GB SD CARD - SANDISK 64SD-108080 | WACOM CINTIQ PEN - WACOM CINTIQ PEN-108081 | USB-C MULTIPORT HUB - USBC HUB-108082 | CARD READER - CARDRDR-108083 | HDMI CABLE 10FT - HDMI10-108084 | RODE MIC BATTERY - RODE MIC BATT-108085 | DELL XPS LAPTOP CHARGER - DELL XPS CHRG-108086 | OLYMPUS 12-40mm LENS - OLY 1240 LENS-108087 | MACBOOK AIR CHARGING CABLE - MBA CABLE-108088 | META QUEST CONTROLLER - MQUEST CTRL-108089 | SANDISK 128GB SD CARD - SANDISK 128SD-108090 | XLR CABLE 15FT - XLR15-108091 | INSTA360 X4 BATTERY - INSTA X4 BATT-108092 | CARD READER - CARDRDR-108093 | LAPTOP SLEEVE CASE - LAPTOP SLEEVE-108094 | EXTENSION CORD 10FT - EXTCORD10-108095 | PANASONIC S5 II BATTERY CHARGER - PANA S5II CHRG-108096 | MANFROTTO TRIPOD CASE - MANFRO CASE-108097 | 
3386328,,@inside.fixture.edu,1,03/14/2025 4:10 PM,03/28/2025 6:30 PM,03/28/2025 4:14 PM,1209840,5,Returned: PANASONIC S5 II BODY - PANA S5II-108098 | RODE WIRELESS MIC - RODE WIRELESS-108099 | CARD READER - CARDRDR-108100 | GODOX LED LIGHT PANEL - GODOX LED-108101 | OLYMPUS 12-40mm LENS - OLY 1240 LENS-108102 | 
2198058,DRAW,@inside.fixture.edu,0,03/14/2025 4:11 PM,03/14/2025 6:00 PM,03/15/2025 3:58 PM,85620,1,Returned: EQUIPMENT CRATE 12x12 - CRATE12-108103 | 
2000560,,@fixture.edu,0,03/14/2025 4:29 PM,03/14/2025 6:00 PM,03/14/2025 6:06 PM,5820,3,Returned: BENQ DATA PROJECTOR - BENQ PROJ-108104 | LEXAR 128GB CF CARD - LEXAR CF128-108105 | META QUEST HEADSET - MQUEST HS-108106 | 
3783722,,@inside.fixture.edu,3,03/14/2025 4:53 PM,04/11/2025 6:30 PM,04/28/2025 1:35 PM,3876120,9,Returned: PANASONIC S5 II BATTERY CHARGER - PANA S5II CHRG-108107 | NIKON Z6 III BATTERY - NIKON Z6III BATT-108108 | GODOX LIGHT STAND - GODOX STAND-108109 | DELL XPS LAPTOP CHARGER - DELL XPS CHRG-108110 | MANFROTTO TRIPOD - MANFRO TRIPOD-108111 | META QUEST CONTROLLER - MQUEST CTRL-108112 | FUJIFILM X-T5 BODY - FUJI XT5-108113 | DELL XPS LAPTOP - DELL XPS-108114 | OLYMPUS 12-40mm LENS - OLY 1240 LENS-108115 | 
6160869,GDES,@inside.fixture.edu,1,03/14/2025 4:56 PM,03/19/2025 6:00 PM,03/19/2025 2:23 PM,422820,11,Returned: MACBOOK AIR CHARGING CABLE - MBA CABLE-108116 | MACBOOK AIR CHARGING CABLE - MBA CABLE-108117 | NIKON Z6 III BATTERY CHARGER - NIKON Z6III CHRG-108118 | MANFROTTO TRIPOD - MANFRO TRIPOD-108119 | FUJIFILM X-T5 BATTERY - FUJI XT5 BATT-108120 | GODOX LED LIGHT PANEL - GODOX LED-108121 | BENQ DATA PROJECTOR - BENQ PROJ-108122 | DELL XPS LAPTOP - DELL XPS-108123 | RODE WIRELESS MIC - RODE WIRELESS-108124 | AUDIO-TECHNICA HEADPHONES - AT HEADPHONES-108125 | WACOM CINTIQ PEN - WACOM CINTIQ PEN-108126 | 
5842082,VIZD,@inside.fixture.edu,0,03/14/2025 4:57 PM,03/14/2025 6:00 PM,03/14/2025 5:52 PM,3300,2,Returned: USB-C MULTIPORT HUB - USBC HUB-108127 | MACBOOK AIR CHARGING CABLE - MBA CABLE-108128 | 
8367772,,@inside.fixture.edu,1,03/14/2025 5:02 PM,03/31/2025 6:00 PM,04/28/2025 3:06 PM,3881040,6,Returned: DELL XPS LAPTOP - DELL XPS-108129 | GODOX POWER SUPPLY - GODOX PSU-108130 | GODOX LED LIGHT PANEL - GODOX LED-108131 | INSTA360 X4 CAMERA - INSTA X4-108132 | SANDISK 128GB SD CARD - SANDISK 128SD-108133 | NIKON Z6 III BATTERY CHARGER - NIKON Z6III CHRG-108134 | 
3086308,IMAG,@inside.fixture.edu,0,03/15/2025 12:34 PM,03/18/2025 6:30 PM,03/18/2025 3:09 PM,268500,6,Returned: NIKON Z6 III BATTERY - NIKON Z6III BATT-108135 | MANFROTTO TRIPOD - MANFRO TRIPOD-108136 | NIKON Z6 III CAMERA CASE - NIKON Z6III CASE-108137 | FUJIFILM X-T5 BATTERY - FUJI XT5 BATT-108138 | SANDISK 128GB SD CARD - SANDISK 128SD-108139 | HUION DRAWING TABLET - HUION TABLET-108140 | 
8863447,DRAW,@inside.fixture.edu,0,03/15/2025 2:33 PM,03/17/2025 6:30 PM,03/17/2025 7:51 AM,148680,2,Returned: EPSON PROJECTOR HDMI CABLE - EPSON PROJ HDMI-108141 | XLR CABLE 25FT - XLR25-108142 | 
6101803,,@alumni.fixture.edu,0,03/15/2025 2:49 PM,03/15/2025 3:30 PM,03/17/2025 7:51 AM,147720,2,Returned: FUJIFILM X-T5 BATTERY - FUJI XT5 BATT-108143 | BENQ DATA PROJECTOR - BENQ PROJ-108144 | 
7752972,STDA,@inside.fixture.edu,0,03/17/2025 9:45 AM,03/20/2025 6:30 PM,03/20/2025 1:58 PM,274380,3,Returned: EQUIPMENT CRATE 12x12 - CRATE12-108145 | MANFROTTO TRIPOD - MANFRO TRIPOD-108146 | SANDISK 64GB SD CARD - SANDISK 64SD-108147 | 
5567533,,@inside.fixture.edu,0,03/17/2025 12:30 PM,03/31/2025 6:30 PM,04/01/2025 12:37 PM,1296420,11,Returned: POWER STRIP - PWRSTRIP-108148 | ZOOM H5 RECORDER CASE - ZOOM H5 CASE-108149 | MANFROTTO TRIPOD CASE - MANFRO CASE-108150 | WACOM CINTIQ PEN - WACOM CINTIQ PEN-108151 | BENQ DATA PROJECTOR - BENQ PROJ-108152 | FUJIFILM X-T5 BATTERY - FUJI XT5 BATT-108153 | MACBOOK AIR CHARGING CABLE - MBA CABLE-108154 | EPSON PROJECTOR - EPSON PROJ-108155 | MACBOOK AIR M3 CHARGER - MBA M3 CHRG-108156 | RODE WIRELESS MIC - RODE WIRELESS-108157 | META QUEST HEADSET - MQUEST HS-108158 | 
9396529,VIZD,@inside.fixture.edu,0,03/20/2025 8:26 AM,03/25/2025 1:00 PM,03/25/2025 11:07 AM,441660,7,Returned: LEXAR 128GB CF CARD - LEXAR CF128-108159 | RODE MIC BATTERY - RODE MIC BATT-108160 | NIKON Z6 III CAMERA CASE - NIKON Z6III CASE-108161 | PANASONIC S5 II BATTERY CHARGER - PANA S5II CHRG-108162 | META QUEST HEADSET - MQUEST HS-108163 | OLYMPUS OM-D E-M1 BODY - OLY EM1-108164 | NIKON Z6 III MIRRORLESS BODY - NIKON Z6III-108165 | 
9284509,,@inside.fixture.edu,0,03/17/2025 1:50 PM,03/19/2025 6:30 PM,03/18/2025 6:23 PM,102780,6,Returned: MACBOOK AIR M3 CHARGER - MBA M3 CHRG-108166 | ZOOM H5 RECORDER - ZOOM H5-108167 | PANASONIC S5 II BODY - PANA S5II-108168 | MANFROTTO TRIPOD - MANFRO TRIPOD-108169 | FUJIFILM X-T5 BODY - FUJI XT5-108170 | GODOX POWER SUPPLY - GODOX PSU-108171 | 
8344375,,@fixture.edu,0,03/17/2025 5:46 PM,04/01/2025 6:30 PM,04/02/2025 9:16 AM,1351800,6,Returned: USB KEYBOARD - USB KYBD-108172 | WACOM CINTIQ PEN - WACOM CINTIQ PEN-108173 | INSTA360 X4 BATTERY - INSTA X4 BATT-108174 | WACOM CINTIQ PEN - WACOM CINTIQ PEN-108175 | MACBOOK AIR M3 CHARGER - MBA M3 CHRG-108176 | LEXAR 128GB CF CARD - LEXAR CF128-108177 | 
2349590,,@inside.fixture.edu,0,03/18/2025 10:30 AM,04/01/2025 6:30 PM,03/31/2025 9:33 AM,1119780,9,Returned: FUJIFILM 18-55mm LENS - FUJI 1855 LENS-108178 | LOGITECH WIRELESS MOUSE - LOGI MOUSE-108179 | WACOM CINTIQ TABLET - WACOM CINTIQ-108180 | INSTA360 X4 CASE - INSTA X4 CASE-108181 | LOGITECH WIRELESS MOUSE - LOGI MOUSE-108182 | LAPTOP SLEEVE CASE - LAPTOP SLEEVE-108183 | PANASONIC S5 II BODY - PANA S5II-108184 | OLYMPUS 12-40mm LENS - OLY 1240 LENS-108185 | FUJIFILM X-T5 BATTERY - FUJI XT5 BATT-108186 | 
1668752,,@fixture.edu,2,03/18/2025 10:51 AM,04/10/2025 6:30 PM,04/15/2025 2:02 PM,2430660,7,Returned: RODE WIRELESS MIC - RODE WIRELESS-108187 | BENQ DATA PROJECTOR - BENQ PROJ-108188 | DELL XPS LAPTOP CHARGER - DELL XPS CHRG-108189 | BENQ DATA PROJECTOR - BENQ PROJ-108190 | INSTA360 X4 CASE - INSTA X4 CASE-108191 | MANFROTTO TRIPOD - MANFRO TRIPOD-108192 | MACBOOK AIR M3 CHARGER - MBA M3 CHRG-108193 | 
8248238,INDD,@inside.fixture.edu,1,03/18/2025 2:38 PM,03/24/2025 6:30 PM,04/08/2025 3:51 PM,1818780,3,Returned: XLR CABLE 15FT - XLR15-108194 | NIKON Z6 III MIRRORLESS BODY - NIKON Z6III-108195 | ZOOM H5 RECORDER CASE - ZOOM H5 CASE-108196 | 
6407658,STDA,@inside.fixture.edu,0,03/18/2025 3:23 PM,03/21/2025 6:30 PM,03/21/2025 11:26 AM,244980,5,Returned: EPSON PROJECTOR HDMI CABLE - EPSON PROJ HDMI-108197 | META QUEST HEADSET - MQUEST HS-108198 | EXTENSION CORD 10FT - EXTCORD10-108199 | CARD READER - CARDRDR-108200 | META QUEST HEADSET - MQUEST HS-108201 | 
5200476,,@inside.fixture.edu,0,03/19/2025 8:10 AM,03/19/2025 6:30 PM,03/19/2025 1:01 PM,17460,1,Returned: WACOM CINTIQ PEN - WACOM CINTIQ PEN-108202 | 
1433940,,@fixture.edu,1,03/24/2025 8:13 AM,04/09/2025 6:30 PM,04/09/2025 9:41 AM,1387680,13,Returned: FUJIFILM 18-55mm LENS - FUJI 1855 LENS-108203 | GODOX POWER SUPPLY - GODOX PSU-108204 | BENQ DATA PROJECTOR - BENQ PROJ-108205 | NIKON Z6 III BATTERY - NIKON Z6III BATT-108206 | INSTA360 X4 BATTERY - INSTA X4 BATT-108207 | CARD READER - CARDRDR-108208 | GODOX LIGHT STAND - GODOX STAND-108209 | OLYMPUS OM-D E-M1 BODY - OLY EM1-108210 | MACBOOK AIR CHARGING CABLE - MBA CABLE-108211 | LEXAR 128GB CF CARD - LEXAR CF128-108212 | BENQ DATA PROJECTOR - BENQ PROJ-108213 | INSTA360 X4 BATTERY - INSTA X4 BATT-108214 | ZOOM H5 RECORDER CASE - ZOOM H5 CASE-108215 | 
2532210,,@inside.fixture.edu,0,03/19/2025 10:31 AM,04/02/2025 6:30 PM,04/08/2025 1:20 PM,1738140,5,Returned: BENQ DATA PROJECTOR - BENQ PROJ-108216 | PANASONIC S5 II BATTERY CHARGER - PANA S5II CHRG-108217 | INSTA360 X4 CAMERA - INSTA X4-108218 | GODOX LED LIGHT PANEL - GODOX LED-108219 | INSTA360 X4 BATTERY - INSTA X4 BATT-108220 | 
4840714,,@inside.fixture.edu,0,03/19/2025 11:11 AM,03/22/2025 3:30 PM,04/25/2025 9:59 AM,3192480,19,Returned: EQUIPMENT CRATE 12x12 - CRATE12-108221 | GODOX POWER SUPPLY - GODOX PSU-108222 | META QUEST HEADSET - MQUEST HS-108223 | DELL XPS LAPTOP CHARGER - DELL XPS CHRG-108224 | INSTA360 X4 CAMERA - INSTA X4-108225 | LAPTOP SLEEVE CASE - LAPTOP SLEEVE-108226 | MANFROTTO TRIPOD - MANFRO TRIPOD-108227 | GODOX POWER SUPPLY - GODOX PSU-108228 | EQUIPMENT CRATE 12x12 - CRATE12-108229 | XLR CABLE 25FT - XLR25-108230 | AUDIO-TECHNICA HEADPHONES - AT HEADPHONES-108231 | INSTA360 X4 CASE - INSTA X4 CASE-108232 | RODE MIC BATTERY - RODE MIC BATT-108233 | NIKON Z6 III BATTERY CHARGER - NIKON Z6III CHRG-108234 | LAPTOP SLEEVE CASE - LAPTOP SLEEVE-108235 | ZOOM H5 RECORDER - ZOOM H5-108236 | WACOM ONE TABLET - WACOM ONE-108237 | DELL XPS LAPTOP - DELL XPS-108238 | MACBOOK AIR M3 LAPTOP - MBA M3-108239 | 
1348050,STDA,@inside.fixture.edu,0,03/19/2025 1:17 PM,03/19/2025 6:30 PM,03/24/2025 1:38 PM,433260,5,Returned: INSTA360 X4 BATTERY - INSTA X4 BATT-108240 | POWER STRIP - PWRSTRIP-108241 | MANFROTTO TRIPOD CASE - MANFRO CASE-108242 | INSTA360 X4 BATTERY - INSTA X4 BATT-108243 | MACBOOK AIR CHARGING CABLE - MBA CABLE-108244 | 
5521644,,@fixture.edu,0,03/20/2025 8:27 AM,03/21/2025 6:30 PM,03/22/2025 10:06 AM,178740,10,Returned: GODOX POWER SUPPLY - GODOX PSU-108245 | MACBOOK AIR M3 LAPTOP - MBA M3-108246 | OLYMPUS 12-40mm LENS - OLY 1240 LENS-108247 | INSTA360 X4 BATTERY - INSTA X4 BATT-108248 | HUION DRAWING TABLET - HUION TABLET-108249 | GODOX LIGHT STAND - GODOX STAND-108250 | RODE WIRELESS MIC - RODE WIRELESS-108251 | MANFROTTO TRIPOD CASE - MANFRO CASE-108252 | POWER STRIP - PWRSTRIP-108253 | NIKON Z6 III MIRRORLESS BODY - NIKON Z6III-108254 | 
1674975,,@fixture.edu,0,03/20/2025 8:27 AM,03/25/2025 6:30 PM,03/26/2025 1:20 PM,535980,3,Returned: NIKON Z6 III BATTERY CHARGER - NIKON Z6III CHRG-108255 | MANFROTTO TRIPOD CASE - MANFRO CASE-108256 | WACOM CINTIQ PEN - WACOM CINTIQ PEN-108257 | 
3939212,,@fixture.edu,0,03/20/2025 8:05 AM,03/20/2025 12:50 PM,03/20/2025 1:28 PM,19380,25,Returned: NIKON Z6 III BATTERY CHARGER - NIKON Z6III CHRG-108258 | RODE WIRELESS MIC - RODE WIRELESS-108259 | DELL XPS LAPTOP - DELL XPS-108260 | GODOX LIGHT STAND - GODOX STAND-108261 | NIKON Z6 III MIRRORLESS BODY - NIKON Z6III-108262 | LEXAR 128GB CF CARD - LEXAR CF128-108263 | ZOOM H5 RECORDER CASE - ZOOM H5 CASE-108264 | MANFROTTO TRIPOD CASE - MANFRO CASE-108265 | CARD READER - CARDRDR-108266 | GODOX LIGHT STAND - GODOX STAND-108267 | EXTENSION CORD 10FT - EXTCORD10-108268 | OLYMPUS 12-40mm LENS - OLY 1240 LENS-108269 | FUJIFILM X-T5 BODY - FUJI XT5-108270 | MANFROTTO TRIPOD - MANFRO TRIPOD-108271 | INSTA360 X4 CASE - INSTA X4 CASE-108272 | PANASONIC S5 II BATTERY CHARGER - PANA S5II CHRG-108273 | WACOM CINTIQ PEN - WACOM CINTIQ PEN-108274 | FUJIFILM X-T5 BODY - FUJI XT5-108275 | SANDISK 128GB SD CARD - SANDISK 128SD-108276 | MACBOOK AIR M3 CHARGER - MBA M3 CHRG-108277 | ZOOM H5 RECORDER CASE - ZOOM H5 CASE-108278 | LOGITECH WEBCAM - LOGI WEBCAM-108279 | GODOX LED LIGHT PANEL - GODOX LED-108280 | DELL XPS LAPTOP - DELL XPS-108281 | INSTA360 X4 BATTERY - INSTA X4 BATT-108282 | 
8893693,,@fixture.edu,0,03/27/2025 8:03 AM,03/27/2025 12:50 PM,03/27/2025 1:25 PM,19320,25,Returned: FUJIFILM X-T5 BATTERY - FUJI XT5 BATT-108283 | MANFROTTO TRIPOD - MANFRO TRIPOD-108284 | RODE WIRELESS MIC - RODE WIRELESS-108285 | RODE MIC BATTERY - RODE MIC BATT-108286 | WACOM CINTIQ TABLET - WACOM CINTIQ-108287 | GODOX POWER SUPPLY - GODOX PSU-108288 | RODE MIC BATTERY - RODE MIC BATT-108289 | WACOM CINTIQ TABLET - WACOM CINTIQ-108290 | GODOX POWER SUPPLY - GODOX PSU-108291 | PANASONIC S5 II BATTERY CHARGER - PANA S5II CHRG-108292 | OLYMPUS OM-D E-M1 BODY - OLY EM1-108293 | USB-C TO HDMI ADAPTER - USBC HDMI-108294 | RODE WIRELESS MIC - RODE WIRELESS-108295 | FUJIFILM X-T5 BODY - FUJI XT5-108296 | WACOM CINTIQ TABLET - WACOM CINTIQ-108297 | HUION DRAWING TABLET - HUION TABLET-108298 | USB-C TO HDMI ADAPTER - USBC HDMI-108299 | XLR CABLE 15FT - XLR15-108300 | EQUIPMENT CRATE 12x12 - CRATE12-108301 | DELL XPS LAPTOP CHARGER - DELL XPS CHRG-108302 | OLYMPUS OM-D E-M1 BODY - OLY EM1-108303 | DELL XPS LAPTOP CHARGER - DELL XPS CHRG-108304 | RODE MIC BATTERY - RODE MIC BATT-108305 | META QUEST CHARGING CABLE - MQUEST CABLE-108306 | EPSON PROJECTOR HDMI CABLE - EPSON PROJ HDMI-108307 | 
9706768,,@fixture.edu,0,04/03/2025 8:03 AM,04/03/2025 12:50 PM,04/03/2025 1:27 PM,19440,25,Returned: MACBOOK AIR M3 LAPTOP - MBA M3-108308 | DELL XPS LAPTOP - DELL XPS-108309 | DELL XPS LAPTOP - DELL XPS-108310 | AUDIO-TECHNICA HEADPHONES - AT HEADPHONES-108311 | NIKON Z6 III BATTERY - NIKON Z6III BATT-108312 | USB-C TO HDMI ADAPTER - USBC HDMI-108313 | INSTA360 X4 CAMERA - INSTA X4-108314 | DELL XPS LAPTOP - DELL XPS-108315 | HDMI CABLE 10FT - HDMI10-108316 | WACOM ONE TABLET - WACOM ONE-108317 | RODE WIRELESS MIC - RODE WIRELESS-108318 | LEXAR 128GB CF CARD - LEXAR CF128-108319 | LAPTOP SLEEVE CASE - LAPTOP SLEEVE-108320 | OLYMPUS OM-D E-M1 BODY - OLY EM1-108321 | USB-C MULTIPORT HUB - USBC HUB-108322 | WACOM CINTIQ TABLET - WACOM CINTIQ-108323 | RODE WIRELESS MIC - RODE WIRELESS-108324 | HDMI CABLE 10FT - HDMI10-108325 | XLR CABLE 25FT - XLR25-108326 | AUDIO-TECHNICA HEADPHONES - AT HEADPHONES-108327 | NIKON Z6 III MIRRORLESS BODY - NIKON Z6III-108328 | LOGITECH WEBCAM - LOGI WEBCAM-108329 | EQUIPMENT CRATE 12x12 - CRATE12-108330 | MACBOOK AIR M3 LAPTOP - MBA M3-108331 | NIKON Z6 III BATTERY CHARGER - NIKON Z6III CHRG-108332 | 
8419378,,@fixture.edu,0,04/10/2025 8:02 AM,04/10/2025 12:50 PM,04/10/2025 1:00 PM,17880,25,Returned: NIKON Z6 III CAMERA CASE - NIKON Z6III CASE-108333 | LOGITECH WIRELESS MOUSE - LOGI MOUSE-108334 | GODOX LED LIGHT PANEL - GODOX LED-108335 | ZOOM H5 RECORDER - ZOOM H5-108336 | FUJIFILM X-T5 BATTERY - FUJI XT5 BATT-108337 | MANFROTTO TRIPOD CASE - MANFRO CASE-108338 | MACBOOK AIR M3 CHARGER - MBA M3 CHRG-108339 | ZOOM H5 RECORDER - ZOOM H5-108340 | NIKON Z6 III CAMERA CASE - NIKON Z6III CASE-108341 | BENQ DATA PROJECTOR - BENQ PROJ-108342 | GODOX POWER SUPPLY - GODOX PSU-108343 | BENQ DATA PROJECTOR - BENQ PROJ-108344 | NIKON Z6 III BATTERY CHARGER - NIKON Z6III CHRG-108345 | SANDISK 64GB SD CARD - SANDISK 64SD-108346 | OLYMPUS OM-D E-M1 BODY - OLY EM1-108347 | BENQ DATA PROJECTOR - BENQ PROJ-108348 | MACBOOK AIR CHARGING CABLE - MBA CABLE-108349 | SANDISK 128GB SD CARD - SANDISK 128SD-108350 | GODOX POWER SUPPLY - GODOX PSU-108351 | USB KEYBOARD - USB KYBD-108352 | RODE WIRELESS MIC - RODE WIRELESS-108353 | RODE MIC BATTERY - RODE MIC BATT-108354 | INSTA360 X4 CASE - INSTA X4 CASE-108355 | NIKON Z6 III MIRRORLESS BODY - NIKON Z6III-108356 | MACBOOK AIR M3 CHARGER - MBA M3 CHRG-108357 | 
5666692,,@fixture.edu,0,04/17/2025 8:07 AM,04/17/2025 12:50 PM,04/17/2025 1:35 PM,19680,25,Returned: GODOX POWER SUPPLY - GODOX PSU-108358 | FUJIFILM 18-55mm LENS - FUJI 1855 LENS-108359 | NIKON Z6 III MIRRORLESS BODY - NIKON Z6III-108360 | WACOM ONE TABLET - WACOM ONE-108361 | FUJIFILM 18-55mm LENS - FUJI 1855 LENS-108362 | FUJIFILM X-T5 BATTERY - FUJI XT5 BATT-108363 | SANDISK 64GB SD CARD - SANDISK 64SD-108364 | MACBOOK AIR M3 CHARGER - MBA M3 CHRG-108365 | LOGITECH WIRELESS MOUSE - LOGI MOUSE-108366 | DELL XPS LAPTOP CHARGER - DELL XPS CHRG-108367 | NIKON Z6 III CAMERA CASE - NIKON Z6III CASE-108368 | FUJIFILM 18-55mm LENS - FUJI 1855 LENS-108369 | AUDIO-TECHNICA HEADPHONES - AT HEADPHONES-108370 | INSTA360 X4 CASE - INSTA X4 CASE-108371 | LOGITECH WIRELESS MOUSE - LOGI MOUSE-108372 | USB KEYBOARD - USB KYBD-108373 | USB-C TO HDMI ADAPTER - USBC HDMI-108374 | LOGITECH WIRELESS MOUSE - LOGI MOUSE-108375 | GODOX POWER SUPPLY - GODOX PSU-108376 | CARD READER - CARDRDR-108377 | WACOM ONE TABLET - WACOM ONE-108378 | DELL XPS LAPTOP - DELL XPS-108379 | HUION DRAWING TABLET - HUION TABLET-108380 | PANASONIC S5 II BATTERY CHARGER - PANA S5II CHRG-108381 | LOGITECH WIRELESS MOUSE - LOGI MOUSE-108382 | 
4044882,,@inside.fixture.edu,1,03/20/2025 1:27 PM,03/24/2025 6:30 PM,03/24/2025 2:46 PM,350340,16,Returned: GODOX LIGHT STAND - GODOX STAND-108383 | PANASONIC S5 II BODY - PANA S5II-108384 | BENQ DATA PROJECTOR - BENQ PROJ-108385 | USB-C TO HDMI ADAPTER - USBC HDMI-108386 | MACBOOK AIR M3 CHARGER - MBA M3 CHRG-108387 | MANFROTTO TRIPOD CASE - MANFRO CASE-108388 | GODOX LIGHT STAND - GODOX STAND-108389 | INSTA360 X4 CAMERA - INSTA X4-108390 | MACBOOK AIR CHARGING CABLE - MBA CABLE-108391 | GODOX LIGHT STAND - GODOX STAND-108392 | XLR CABLE 25FT - XLR25-108393 | EPSON PROJECTOR - EPSON PROJ-108394 | FUJIFILM X-T5 BATTERY - FUJI XT5 BATT-108395 | AUDIO-TECHNICA HEADPHONES - AT HEADPHONES-108396 | DELL XPS LAPTOP - DELL XPS-108397 | NIKON Z6 III BATTERY - NIKON Z6III BATT-108398 | 
8312936,,@inside.fixture.edu,0,03/20/2025 1:44 PM,03/20/2025 6:30 PM,03/20/2025 3:02 PM,4680,2,Returned: MACBOOK AIR M3 LAPTOP - MBA M3-108399 | WACOM CINTIQ TABLET - WACOM CINTIQ-108400 | 
9249789,,@inside.fixture.edu,0,03/20/2025 1:55 PM,03/20/2025 6:30 PM,03/21/2025 7:56 AM,64860,6,Returned: NIKON Z6 III MIRRORLESS BODY - NIKON Z6III-108401 | RODE WIRELESS MIC - RODE WIRELESS-108402 | GODOX LED LIGHT PANEL - GODOX LED-108403 | META QUEST HEADSET - MQUEST HS-108404 | HUION DRAWING TABLET - HUION TABLET-108405 | NIKON Z6 III BATTERY CHARGER - NIKON Z6III CHRG-108406 | 
2530793,,@inside.fixture.edu,0,04/17/2025 6:06 PM,04/28/2025 6:30 PM,04/28/2025 2:50 PM,938640,15,Returned: META QUEST HEADSET - MQUEST HS-108407 | INSTA360 X4 CAMERA - INSTA X4-108408 | MACBOOK AIR M3 LAPTOP - MBA M3-108409 | EPSON PROJECTOR HDMI CABLE - EPSON PROJ HDMI-108410 | MANFROTTO TRIPOD CASE - MANFRO CASE-108411 | INSTA360 X4 BATTERY - INSTA X4 BATT-108412 | ZOOM H5 RECORDER CASE - ZOOM H5 CASE-108413 | CARD READER - CARDRDR-108414 | MACBOOK AIR CHARGING CABLE - MBA CABLE-108415 | ZOOM H5 RECORDER CASE - ZOOM H5 CASE-108416 | EPSON PROJECTOR - EPSON PROJ-108417 | XLR CABLE 25FT - XLR25-108418 | NIKON Z6 III CAMERA CASE - NIKON Z6III CASE-108419 | GODOX LIGHT STAND - GODOX STAND-108420 | ZOOM H5 RECORDER CASE - ZOOM H5 CASE-108421 | 
8885465,DGTL,@inside.fixture.edu,0,03/20/2025 4:05 PM,03/24/2025 6:30 PM,03/24/2025 1:18 PM,335580,1,Returned: EPSON PROJECTOR HDMI CABLE - EPSON PROJ HDMI-108422 | 
6837817,,@inside.fixture.edu,1,03/20/2025 5:05 PM,03/24/2025 6:30 PM,03/24/2025 2:05 PM,334800,1,Returned: ZOOM H5 RECORDER - ZOOM H5-108423 | 
7850944,MDIA,@inside.fixture.edu,0,03/20/2025 5:11 PM,03/24/2025 6:30 PM,03/26/2025 5:42 PM,520260,2,Returned: EPSON PROJECTOR HDMI CABLE - EPSON PROJ HDMI-108424 | POWER STRIP - PWRSTRIP-108425 | 
6591986,,@inside.fixture.edu,1,03/20/2025 7:17 PM,03/24/2025 6:30 PM,03/24/2025 1:45 PM,325680,1,Returned: MANFROTTO TRIPOD CASE - MANFRO CASE-108426 | 
6386463,MDIA,@inside.fixture.edu,0,03/21/2025 11:22 AM,03/21/2025 6:30 PM,03/21/2025 1:24 PM,7320,2,Returned: HDMI CABLE 10FT - HDMI10-108427 | RODE WIRELESS MIC - RODE WIRELESS-108428 | 
2754894,STDA,@inside.fixture.edu,1,03/21/2025 11:25 AM,04/08/2025 6:30 PM,04/17/2025 4:30 PM,2351100,3,Returned: XLR CABLE 25FT - XLR25-108429 | META QUEST CONTROLLER - MQUEST CTRL-108430 | GODOX LED LIGHT PANEL - GODOX LED-108431 | 
3698193,,@fixture.edu,0,03/21/2025 11:35 AM,03/21/2025 6:00 PM,03/21/2025 12:44 PM,4140,1,Returned: XLR CABLE 15FT - XLR15-108432 | 
6533187,,@fixture.edu,0,03/21/2025 12:45 PM,03/21/2025 6:00 PM,03/24/2025 12:18 PM,257580,1,Returned: MACBOOK AIR M3 LAPTOP - MBA M3-108433 | 
7906258,GNRL,@inside.fixture.edu,0,04/18/2025 8:56 AM,04/28/2025 6:30 PM,04/28/2025 1:17 PM,879660,10,Returned: GODOX LIGHT STAND - GODOX STAND-108434 | WACOM CINTIQ TABLET - WACOM CINTIQ-108435 | META QUEST CHARGING CABLE - MQUEST CABLE-108436 | EXTENSION CORD 10FT - EXTCORD10-108437 | LAPTOP SLEEVE CASE - LAPTOP SLEEVE-108438 | OLYMPUS OM-D E-M1 BODY - OLY EM1-108439 | RODE MIC BATTERY - RODE MIC BATT-108440 | INSTA360 X4 CAMERA - INSTA X4-108441 | ZOOM H5 RECORDER CASE - ZOOM H5 CASE-108442 | WACOM ONE TABLET - WACOM ONE-108443 | 
9312590,DRAW,@inside.fixture.edu,0,03/21/2025 1:15 PM,03/25/2025 6:30 PM,03/25/2025 4:06 PM,355860,8,Returned: AUDIO-TECHNICA HEADPHONES - AT HEADPHONES-108444 | NIKON Z6 III BATTERY CHARGER - NIKON Z6III CHRG-108445 | USB KEYBOARD - USB KYBD-108446 | OLYMPUS 12-40mm LENS - OLY 1240 LENS-108447 | FUJIFILM X-T5 BATTERY - FUJI XT5 BATT-108448 | FUJIFILM X-T5 BATTERY - FUJI XT5 BATT-108449 | META QUEST CHARGING CABLE - MQUEST CABLE-108450 | MACBOOK AIR M3 CHARGER - MBA M3 CHRG-108451 | 
5835492,DRAW,@inside.fixture.edu,0,03/21/2025 1:16 PM,03/25/2025 6:30 PM,03/31/2025 4:34 PM,875880,7,Returned: HDMI CABLE 10FT - HDMI10-108452 | INSTA360 X4 BATTERY - INSTA X4 BATT-108453 | LOGITECH WEBCAM - LOGI WEBCAM-108454 | BENQ DATA PROJECTOR - BENQ PROJ-108455 | LEXAR 128GB CF CARD - LEXAR CF128-108456 | META QUEST HEADSET - MQUEST HS-108457 | PANASONIC S5 II BODY - PANA S5II-108458 | 
7718473,VIZD,@inside.fixture.edu,0,03/21/2025 1:16 PM,03/21/2025 6:30 PM,03/21/2025 3:55 PM,9540,1,Returned: META QUEST HEADSET - MQUEST HS-108459 | 
1615675,VIZD,@inside.fixture.edu,0,03/21/2025 1:53 PM,03/26/2025 6:30 PM,03/28/2025 8:05 AM,583920,8,Returned: HDMI CABLE 10FT - HDMI10-108460 | DELL XPS LAPTOP - DELL XPS-108461 | NIKON Z6 III CAMERA CASE - NIKON Z6III CASE-108462 | WACOM ONE TABLET - WACOM ONE-108463 | FUJIFILM 18-55mm LENS - FUJI 1855 LENS-108464 | USB KEYBOARD - USB KYBD-108465 | FUJIFILM X-T5 BODY - FUJI XT5-108466 | HDMI CABLE 10FT - HDMI10-108467 | 
8630712,,@inside.fixture.edu,0,03/21/2025 2:16 PM,03/24/2025 6:30 PM,03/24/2025 1:45 PM,257340,1,Returned: WACOM ONE TABLET - WACOM ONE-108468 | 
2477398,INDD,@inside.fixture.edu,0,03/21/2025 4:59 PM,03/21/2025 6:30 PM,03/22/2025 10:08 AM,61740,1,Returned: USB KEYBOARD - USB KYBD-108469 | 
6276722,CRFT,@inside.fixture.edu,0,03/21/2025 5:58 PM,03/22/2025 3:00 PM,03/22/2025 1:58 PM,72000,2,Returned: META QUEST CONTROLLER - MQUEST CTRL-108470 | RODE MIC BATTERY - RODE MIC BATT-108471 | 
5234550,MDIA,@inside.fixture.edu,2,03/21/2025 6:04 PM,04/07/2025 6:30 PM,04/08/2025 11:21 AM,1531020,21,Returned: EPSON PROJECTOR - EPSON PROJ-108472 | XLR CABLE 15FT - XLR15-108473 | INSTA360 X4 CASE - INSTA X4 CASE-108474 | WACOM CINTIQ TABLET - WACOM CINTIQ-108475 | PANASONIC S5 II BATTERY CHARGER - PANA S5II CHRG-108476 | LEXAR 128GB CF CARD - LEXAR CF128-108477 | DELL XPS LAPTOP CHARGER - DELL XPS CHRG-108478 | MANFROTTO TRIPOD CASE - MANFRO CASE-108479 | SANDISK 64GB SD CARD - SANDISK 64SD-108480 | OLYMPUS 12-40mm LENS - OLY 1240 LENS-108481 | LOGITECH WEBCAM - LOGI WEBCAM-108482 | LOGITECH WEBCAM - LOGI WEBCAM-108483 | PANASONIC S5 II BATTERY CHARGER - PANA S5II CHRG-108484 | WACOM CINTIQ PEN - WACOM CINTIQ PEN-108485 | HUION DRAWING TABLET - HUION TABLET-108486 | GODOX LIGHT STAND - GODOX STAND-108487 | SANDISK 64GB SD CARD - SANDISK 64SD-108488 | LOGITECH WEBCAM - LOGI WEBCAM-108489 | META QUEST HEADSET - MQUEST HS-108490 | ZOOM H5 RECORDER CASE - ZOOM H5 CASE-108491 | AUDIO-TECHNICA HEADPHONES - AT HEADPHONES-108492 | 
6423634,ANIM,@inside.fixture.edu,0,03/21/2025 6:36 PM,03/29/2025 3:00 PM,03/28/2025 6:39 PM,604980,8,Returned: USB-C TO HDMI ADAPTER - USBC HDMI-108493 | NIKON Z6 III CAMERA CASE - NIKON Z6III CASE-108494 | PANASONIC S5 II BATTERY CHARGER - PANA S5II CHRG-108495 | BENQ DATA PROJECTOR - BENQ PROJ-108496 | META QUEST CONTROLLER - MQUEST CTRL-108497 | GODOX LED LIGHT PANEL - GODOX LED-108498 | MACBOOK AIR CHARGING CABLE - MBA CABLE-108499 | LOGITECH WIRELESS MOUSE - LOGI MOUSE-108500 | 
2944841,CRFT,@inside.fixture.edu,0,03/22/2025 10:48 AM,03/24/2025 6:30 PM,04/15/2025 6:06 PM,2099880,5,Returned: WACOM CINTIQ TABLET - WACOM CINTIQ-108501 | MACBOOK AIR M3 CHARGER - MBA M3 CHRG-108502 | ZOOM H5 RECORDER CASE - ZOOM H5 CASE-108503 | HUION DRAWING TABLET - HUION TABLET-108504 | USB-C TO HDMI ADAPTER - USBC HDMI-108505 | 
7780932,IMAG,@inside.fixture.edu,1,03/22/2025 1:57 PM,03/24/2025 6:30 PM,04/19/2025 2:08 PM,2419860,8,Returned: OLYMPUS OM-D E-M1 BODY - OLY EM1-108506 | NIKON Z6 III CAMERA CASE - NIKON Z6III CASE-108507 | DELL XPS LAPTOP - DELL XPS-108508 | XLR CABLE 15FT - XLR15-108509 | NIKON Z6 III CAMERA CASE - NIKON Z6III CASE-108510 | FUJIFILM X-T5 BODY - FUJI XT5-108511 | POWER STRIP - PWRSTRIP-108512 | RODE WIRELESS MIC - RODE WIRELESS-108513 | 
9633492,,@fixture.edu,0,03/22/2025 2:13 PM,03/25/2025 6:30 PM,03/25/2025 6:31 PM,274680,4,Returned: FUJIFILM 18-55mm LENS - FUJI 1855 LENS-108514 | SANDISK 128GB SD CARD - SANDISK 128SD-108515 | WACOM ONE TABLET - WACOM ONE-108516 | ZOOM H5 RECORDER - ZOOM H5-108517 | 
1019311,,@inside.fixture.edu,1,03/22/2025 2:22 PM,04/11/2025 6:30 PM,04/25/2025 4:34 PM,2945520,9,Returned: SANDISK 128GB SD CARD - SANDISK 128SD-108518 | META QUEST CHARGING CABLE - MQUEST CABLE-108519 | META QUEST CONTROLLER - MQUEST CTRL-108520 | LEXAR 128GB CF CARD - LEXAR CF128-108521 | EPSON PROJECTOR - EPSON PROJ-108522 | NIKON Z6 III CAMERA CASE - NIKON Z6III CASE-108523 | CARD READER - CARDRDR-108524 | INSTA360 X4 BATTERY - INSTA X4 BATT-108525 | FUJIFILM X-T5 BODY - FUJI XT5-108526 | 
8750676,,@fixture.edu,0,03/31/2025 8:13 AM,04/14/2025 6:30 PM,04/14/2025 1:22 PM,1228140,4,Returned: WACOM CINTIQ TABLET - WACOM CINTIQ-108527 | USB KEYBOARD - USB KYBD-108528 | META QUEST CHARGING CABLE - MQUEST CABLE-108529 | MACBOOK AIR CHARGING CABLE - MBA CABLE-108530 | 
7933143,,@fixture.edu,0,03/24/2025 10:12 AM,03/24/2025 1:00 PM,03/24/2025 12:57 PM,9900,24,Returned: XLR CABLE 25FT - XLR25-108531 | NIKON Z6 III CAMERA CASE - NIKON Z6III CASE-108532 | EPSON PROJECTOR - EPSON PROJ-108533 | FUJIFILM 18-55mm LENS - FUJI 1855 LENS-108534 | MACBOOK AIR M3 LAPTOP - MBA M3-108535 | META QUEST CONTROLLER - MQUEST CTRL-108536 | MANFROTTO TRIPOD - MANFRO TRIPOD-108537 | NIKON Z6 III BATTERY - NIKON Z6III BATT-108538 | ZOOM H5 RECORDER - ZOOM H5-108539 | MANFROTTO TRIPOD - MANFRO TRIPOD-108540 | ZOOM H5 RECORDER - ZOOM H5-108541 | EXTENSION CORD 10FT - EXTCORD10-108542 | OLYMPUS OM-D E-M1 BODY - OLY EM1-108543 | USB-C TO HDMI ADAPTER - USBC HDMI-108544 | BENQ DATA PROJECTOR - BENQ PROJ-108545 | META QUEST CONTROLLER - MQUEST CTRL-108546 | GODOX LIGHT STAND - GODOX STAND-108547 | EQUIPMENT CRATE 12x12 - CRATE12-108548 | SANDISK 128GB SD CARD - SANDISK 128SD-108549 | FUJIFILM X-T5 BODY - FUJI XT5-108550 | INSTA360 X4 CAMERA - INSTA X4-108551 | META QUEST HEADSET - MQUEST HS-108552 | EPSON PROJECTOR - EPSON PROJ-108553 | EXTENSION CORD 10FT - EXTCORD10-108554 | 
1909393,,@fixture.edu,0,03/26/2025 9:55 AM,03/26/2025 1:00 PM,03/26/2025 1:18 PM,12180,36,Returned: NIKON Z6 III BATTERY - NIKON Z6III BATT-108555 | INSTA360 X4 BATTERY - INSTA X4 BATT-108556 | INSTA360 X4 CAMERA - INSTA X4-108557 | WACOM CINTIQ PEN - WACOM CINTIQ PEN-108558 | WACOM ONE TABLET - WACOM ONE-108559 | FUJIFILM X-T5 BODY - FUJI XT5-108560 | USB-C TO HDMI ADAPTER - USBC HDMI-108561 | INSTA360 X4 CAMERA - INSTA X4-108562 | MANFROTTO TRIPOD - MANFRO TRIPOD-108563 | NIKON Z6 III BATTERY CHARGER - NIKON Z6III CHRG-108564 | NIKON Z6 III BATTERY - NIKON Z6III BATT-108565 | MACBOOK AIR CHARGING CABLE - MBA CABLE-108566 | GODOX LED LIGHT PANEL - GODOX LED-108567 | DELL XPS LAPTOP - DELL XPS-108568 | RODE WIRELESS MIC - RODE WIRELESS-108569 | USB KEYBOARD - USB KYBD-108570 | INSTA360 X4 BATTERY - INSTA X4 BATT-108571 | NIKON Z6 III BATTERY - NIKON Z6III BATT-108572 | NIKON Z6 III CAMERA CASE - NIKON Z6III CASE-108573 | EXTENSION CORD 10FT - EXTCORD10-108574 | LOGITECH WEBCAM - LOGI WEBCAM-108575 | USB-C MULTIPORT HUB - USBC HUB-108576 | CARD READER - CARDRDR-108577 | GODOX POWER SUPPLY - GODOX PSU-108578 | BENQ DATA PROJECTOR - BENQ PROJ-108579 | USB-C TO HDMI ADAPTER - USBC HDMI-108580 | NIKON Z6 III BATTERY CHARGER - NIKON Z6III CHRG-108581 | EXTENSION CORD 10FT - EXTCORD10-108582 | EPSON PROJECTOR - EPSON PROJ-108583 | DELL XPS LAPTOP - DELL XPS-108584 | DELL XPS LAPTOP - DELL XPS-108585 | OLYMPUS OM-D E-M1 BODY - OLY EM1-108586 | DELL XPS LAPTOP CHARGER - DELL XPS CHRG-108587 | META QUEST HEADSET - MQUEST HS-108588 | INSTA360 X4 CASE - INSTA X4 CASE-108589 | XLR CABLE 15FT - XLR15-108590 | 
4147112,STDA,@inside.fixture.edu,0,03/24/2025 12:49 PM,03/27/2025 6:30 PM,03/31/2025 8:03 AM,587640,10,Returned: PANASONIC S5 II BATTERY CHARGER - PANA S5II CHRG-108591 | DELL XPS LAPTOP CHARGER - DELL XPS CHRG-108592 | NIKON Z6 III CAMERA CASE - NIKON Z6III CASE-108593 | SANDISK 128GB SD CARD - SANDISK 128SD-108594 | WACOM CINTIQ PEN - WACOM CINTIQ PEN-108595 | SANDISK 128GB SD CARD - SANDISK 128SD-108596 | HDMI CABLE 10FT - HDMI10-108597 | EQUIPMENT CRATE 12x12 - CRATE12-108598 | POWER STRIP - PWRSTRIP-108599 | WACOM CINTIQ TABLET - WACOM CINTIQ-108600 | 
9697969,STDA,@inside.fixture.edu,0,03/31/2025 8:24 AM,04/16/2025 6:30 PM,04/15/2025 2:23 PM,1317540,34,Returned: INSTA360 X4 CASE - INSTA X4 CASE-108601 | NIKON Z6 III MIRRORLESS BODY - NIKON Z6III-108602 | EPSON PROJECTOR HDMI CABLE - EPSON PROJ HDMI-108603 | LOGITECH WEBCAM - LOGI WEBCAM-108604 | FUJIFILM X-T5 BODY - FUJI XT5-108605 | FUJIFILM 18-55mm LENS - FUJI 1855 LENS-108606 | PANASONIC S5 II BODY - PANA S5II-108607 | NIKON Z6 III BATTERY CHARGER - NIKON Z6III CHRG-108608 | ZOOM H5 RECORDER CASE - ZOOM H5 CASE-108609 | GODOX LIGHT STAND - GODOX STAND-108610 | LEXAR 128GB CF CARD - LEXAR CF128-108611 | RODE WIRELESS MIC - RODE WIRELESS-108612 | WACOM ONE TABLET - WACOM ONE-108613 | MACBOOK AIR M3 CHARGER - MBA M3 CHRG-108614 | FUJIFILM 18-55mm LENS - FUJI 1855 LENS-108615 | FUJIFILM X-T5 BODY - FUJI XT5-108616 | LEXAR 128GB CF CARD - LEXAR CF128-108617 | USB-C MULTIPORT HUB - USBC HUB-108618 | MACBOOK AIR CHARGING CABLE - MBA CABLE-108619 | BENQ DATA PROJECTOR - BENQ PROJ-108620 | ZOOM H5 RECORDER CASE - ZOOM H5 CASE-108621 | META QUEST CONTROLLER - MQUEST CTRL-108622 | SANDISK 128GB SD CARD - SANDISK 128SD-108623 | EPSON PROJECTOR HDMI CABLE - EPSON PROJ HDMI-108624 | META QUEST CHARGING CABLE - MQUEST CABLE-108625 | EXTENSION CORD 10FT - EXTCORD10-108626 | RODE WIRELESS MIC - RODE WIRELESS-108627 | GODOX LED LIGHT PANEL - GODOX LED-108628 | LAPTOP SLEEVE CASE - LAPTOP SLEEVE-108629 | MANFROTTO TRIPOD - MANFRO TRIPOD-108630 | EPSON PROJECTOR - EPSON PROJ-108631 | MACBOOK AIR CHARGING CABLE - MBA CABLE-108632 | NIKON Z6 III BATTERY CHARGER - NIKON Z6III CHRG-108633 | META QUEST HEADSET - MQUEST HS-108634 | 
7069650,,@fixture.edu,0,03/28/2025 9:30 AM,04/09/2025 6:30 PM,04/09/2025 9:40 AM,1037400,1,Returned: EPSON PROJECTOR - EPSON PROJ-108635 | 
9363326,STDA,@inside.fixture.edu,1,03/24/2025 1:44 PM,04/07/2025 6:30 PM,04/07/2025 9:36 AM,1194720,1,Returned: HUION DRAWING TABLET - HUION TABLET-108636 | 
8416216,,@inside.fixture.edu,0,03/24/2025 2:29 PM,04/14/2025 9:30 PM,04/14/2025 2:00 PM,1812660,25,Returned: MANFROTTO TRIPOD CASE - MANFRO CASE-108637 | SANDISK 64GB SD CARD - SANDISK 64SD-108638 | OLYMPUS OM-D E-M1 BODY - OLY EM1-108639 | INSTA360 X4 BATTERY - INSTA X4 BATT-108640 | SANDISK 128GB SD CARD - SANDISK 128SD-108641 | BENQ DATA PROJECTOR - BENQ PROJ-108642 | SANDISK 64GB SD CARD - SANDISK 64SD-108643 | XLR CABLE 15FT - XLR15-108644 | LOGITECH WEBCAM - LOGI WEBCAM-108645 | OLYMPUS OM-D E-M1 BODY - OLY EM1-108646 | INSTA360 X4 BATTERY - INSTA X4 BATT-108647 | EPSON PROJECTOR - EPSON PROJ-108648 | GODOX LED LIGHT PANEL - GODOX LED-108649 | DELL XPS LAPTOP CHARGER - DELL XPS CHRG-108650 | FUJIFILM 18-55mm LENS - FUJI 1855 LENS-108651 | MACBOOK AIR CHARGING CABLE - MBA CABLE-108652 | NIKON Z6 III BATTERY - NIKON Z6III BATT-108653 | MANFROTTO TRIPOD CASE - MANFRO CASE-108654 | XLR CABLE 25FT - XLR25-108655 | LOGITECH WIRELESS MOUSE - LOGI MOUSE-108656 | FUJIFILM X-T5 BODY - FUJI XT5-108657 | MANFROTTO TRIPOD CASE - MANFRO CASE-108658 | WACOM ONE TABLET - WACOM ONE-108659 | MACBOOK AIR CHARGING CABLE - MBA CABLE-108660 | CARD READER - CARDRDR-108661 | 
1865901,MDIA,@inside.fixture.edu,0,03/24/2025 3:45 PM,03/24/2025 6:30 PM,03/24/2025 5:59 PM,8040,1,Returned: XLR CABLE 25FT - XLR25-108662 | 
4415140,MDIA,@inside.fixture.edu,0,03/24/2025 4:08 PM,03/26/2025 6:30 PM,03/24/2025 5:59 PM,6660,3,Returned: NIKON Z6 III BATTERY CHARGER - NIKON Z6III CHRG-108663 | SANDISK 64GB SD CARD - SANDISK 64SD-108664 | PANASONIC S5 II BATTERY CHARGER - PANA S5II CHRG-108665 | 
5480460,MDIA,@inside.fixture.edu,0,03/24/2025 4:10 PM,03/26/2025 6:30 PM,03/24/2025 5:59 PM,6540,2,Returned: DELL XPS LAPTOP - DELL XPS-108666 | NIKON Z6 III BATTERY CHARGER - NIKON Z6III CHRG-108667 | 
3198037,IMAG,@inside.fixture.edu,1,03/24/2025 5:11 PM,04/07/2025 6:30 PM,04/07/2025 12:06 PM,1191300,7,Returned: RODE WIRELESS MIC - RODE WIRELESS-108668 | USB-C MULTIPORT HUB - USBC HUB-108669 | ZOOM H5 RECORDER CASE - ZOOM H5 CASE-108670 | NIKON Z6 III BATTERY - NIKON Z6III BATT-108671 | WACOM ONE TABLET - WACOM ONE-108672 | META QUEST HEADSET - MQUEST HS-108673 | META QUEST CONTROLLER - MQUEST CTRL-108674 | 
5832327,GDES,@inside.fixture.edu,0,03/24/2025 6:45 PM,03/26/2025 6:30 PM,03/26/2025 6:08 PM,170580,10,Returned: META QUEST HEADSET - MQUEST HS-108675 | LOGITECH WEBCAM - LOGI WEBCAM-108676 | WACOM CINTIQ PEN - WACOM CINTIQ PEN-108677 | HDMI CABLE 10FT - HDMI10-108678 | ZOOM H5 RECORDER - ZOOM H5-108679 | LOGITECH WIRELESS MOUSE - LOGI MOUSE-108680 | DELL XPS LAPTOP - DELL XPS-108681 | DELL XPS LAPTOP - DELL XPS-108682 | BENQ DATA PROJECTOR - BENQ PROJ-108683 | BENQ DATA PROJECTOR - BENQ PROJ-108684 | 
8350368,,@inside.fixture.edu,0,03/24/2025 7:01 PM,04/03/2025 6:30 PM,04/11/2025 4:00 PM,1544340,11,Returned: NIKON Z6 III CAMERA CASE - NIKON Z6III CASE-108685 | FUJIFILM 18-55mm LENS - FUJI 1855 LENS-108686 | XLR CABLE 25FT - XLR25-108687 | EPSON PROJECTOR HDMI CABLE - EPSON PROJ HDMI-108688 | GODOX POWER SUPPLY - GODOX PSU-108689 | CARD READER - CARDRDR-108690 | META QUEST CHARGING CABLE - MQUEST CABLE-108691 | MACBOOK AIR M3 LAPTOP - MBA M3-108692 | WACOM CINTIQ TABLET - WACOM CINTIQ-108693 | WACOM CINTIQ TABLET - WACOM CINTIQ-108694 | LAPTOP SLEEVE CASE - LAPTOP SLEEVE-108695 | 
9132114,,@fixture.edu,1,03/25/2025 8:24 AM,04/10/2025 6:30 PM,04/15/2025 2:02 PM,1834680,5,Returned: OLYMPUS 12-40mm LENS - OLY 1240 LENS-108696 | XLR CABLE 15FT - XLR15-108697 | HDMI CABLE 10FT - HDMI10-108698 | META QUEST CONTROLLER - MQUEST CTRL-108699 | OLYMPUS OM-D E-M1 BODY - OLY EM1-108700 | 
3037191,,@fixture.edu,0,03/26/2025 5:31 PM,03/31/2025 9:15 AM,04/04/2025 11:14 AM,754980,10,Returned: NIKON Z6 III MIRRORLESS BODY - NIKON Z6III-108701 | POWER STRIP - PWRSTRIP-108702 | INSTA360 X4 CAMERA - INSTA X4-108703 | FUJIFILM X-T5 BODY - FUJI XT5-108704 | LEXAR 128GB CF CARD - LEXAR CF128-108705 | USB-C MULTIPORT HUB - USBC HUB-108706 | ZOOM H5 RECORDER - ZOOM H5-108707 | XLR CABLE 25FT - XLR25-108708 | WACOM ONE TABLET - WACOM ONE-108709 | ZOOM H5 RECORDER CASE - ZOOM H5 CASE-108710 | 
1484348,CRFT,@inside.fixture.edu,0,03/25/2025 12:36 PM,03/25/2025 6:30 PM,04/04/2025 3:39 PM,874980,2,Returned: GODOX LIGHT STAND - GODOX STAND-108711 | POWER STRIP - PWRSTRIP-108712 | 
5014745,STDA,@inside.fixture.edu,1,04/03/2025 8:51 AM,04/21/2025 6:30 PM,04/21/2025 2:15 PM,1574640,33,Returned: LOGITECH WEBCAM - LOGI WEBCAM-108713 | WACOM ONE TABLET - WACOM ONE-108714 | FUJIFILM 18-55mm LENS - FUJI 1855 LENS-108715 | WACOM CINTIQ TABLET - WACOM CINTIQ-108716 | RODE MIC BATTERY - RODE MIC BATT-108717 | MANFROTTO TRIPOD - MANFRO TRIPOD-108718 | PANASONIC S5 II BODY - PANA S5II-108719 | MACBOOK AIR M3 LAPTOP - MBA M3-108720 | DELL XPS LAPTOP CHARGER - DELL XPS CHRG-108721 | MACBOOK AIR M3 LAPTOP - MBA M3-108722 | INSTA360 X4 BATTERY - INSTA X4 BATT-108723 | MACBOOK AIR M3 CHARGER - MBA M3 CHRG-108724 | USB KEYBOARD - USB KYBD-108725 | SANDISK 64GB SD CARD - SANDISK 64SD-108726 | NIKON Z6 III CAMERA CASE - NIKON Z6III CASE-108727 | META QUEST CHARGING CABLE - MQUEST CABLE-108728 | MANFROTTO TRIPOD CASE - MANFRO CASE-108729 | WACOM ONE TABLET - WACOM ONE-108730 | RODE MIC BATTERY - RODE MIC BATT-108731 | NIKON Z6 III CAMERA CASE - NIKON Z6III CASE-108732 | PANASONIC S5 II BODY - PANA S5II-108733 | EXTENSION CORD 10FT - EXTCORD10-108734 | MANFROTTO TRIPOD CASE - MANFRO CASE-108735 | CARD READER - CARDRDR-108736 | FUJIFILM 18-55mm LENS - FUJI 1855 LENS-108737 | HUION DRAWING TABLET - HUION TABLET-108738 | OLYMPUS 12-40mm LENS - OLY 1240 LENS-108739 | WACOM ONE TABLET - WACOM ONE-108740 | NIKON Z6 III BATTERY CHARGER - NIKON Z6III CHRG-108741 | FUJIFILM 18-55mm LENS - FUJI 1855 LENS-108742 | NIKON Z6 III BATTERY CHARGER - NIKON Z6III CHRG-108743 | GODOX POWER SUPPLY - GODOX PSU-108744 | CARD READER - CARDRDR-108745 | 
3657144,,@inside.fixture.edu,0,03/25/2025 2:18 PM,03/26/2025 6:30 PM,03/26/2025 4:20 PM,93720,8,Returned: WACOM CINTIQ TABLET - WACOM CINTIQ-108746 | NIKON Z6 III BATTERY CHARGER - NIKON Z6III CHRG-108747 | EPSON PROJECTOR HDMI CABLE - EPSON PROJ HDMI-108748 | NIKON Z6 III CAMERA CASE - NIKON Z6III CASE-108749 | EPSON PROJECTOR HDMI CABLE - EPSON PROJ HDMI-108750 | MANFROTTO TRIPOD - MANFRO TRIPOD-108751 | MANFROTTO TRIPOD - MANFRO TRIPOD-108752 | GODOX POWER SUPPLY - GODOX PSU-108753 | 
6213522,DRAW,@inside.fixture.edu,0,03/25/2025 2:44 PM,03/26/2025 6:30 PM,03/26/2025 7:58 AM,62040,1,Returned: CARD READER - CARDRDR-108754 | 
1229419,VIZD,@inside.fixture.edu,0,03/27/2025 8:11 AM,04/01/2025 1:00 PM,04/01/2025 9:41 AM,437400,7,Returned: ZOOM H5 RECORDER CASE - ZOOM H5 CASE-108755 | EPSON PROJECTOR HDMI CABLE - EPSON PROJ HDMI-108756 | WACOM ONE TABLET - WACOM ONE-108757 | ZOOM H5 RECORDER CASE - ZOOM H5 CASE-108758 | FUJIFILM X-T5 BODY - FUJI XT5-108759 | DELL XPS LAPTOP CHARGER - DELL XPS CHRG-108760 | LAPTOP SLEEVE CASE - LAPTOP SLEEVE-108761 | 
7844947,,@inside.fixture.edu,0,03/25/2025 5:56 PM,03/27/2025 6:30 PM,03/28/2025 8:21 AM,224700,1,Returned: LEXAR 128GB CF CARD - LEXAR CF128-108762 | 
2563790,,@alumni.fixture.edu,0,03/26/2025 8:30 AM,03/26/2025 6:30 PM,03/26/2025 2:54 PM,23040,2,Returned: RODE MIC BATTERY - RODE MIC BATT-108763 | XLR CABLE 15FT - XLR15-108764 | 
4769851,,@fixture.edu,3,03/28/2025 8:01 AM,04/22/2025 6:30 PM,04/22/2025 6:29 PM,2197680,12,Returned: LOGITECH WIRELESS MOUSE - LOGI MOUSE-108765 | AUDIO-TECHNICA HEADPHONES - AT HEADPHONES-108766 | GODOX LED LIGHT PANEL - GODOX LED-108767 | EQUIPMENT CRATE 12x12 - CRATE12-108768 | OLYMPUS OM-D E-M1 BODY - OLY EM1-108769 | RODE MIC BATTERY - RODE MIC BATT-108770 | POWER STRIP - PWRSTRIP-108771 | ZOOM H5 RECORDER - ZOOM H5-108772 | AUDIO-TECHNICA HEADPHONES - AT HEADPHONES-108773 | GODOX LED LIGHT PANEL - GODOX LED-108774 | MACBOOK AIR M3 LAPTOP - MBA M3-108775 | INSTA360 X4 BATTERY - INSTA X4 BATT-108776 | 
2903561,MDIA,@inside.fixture.edu,0,03/26/2025 1:49 PM,03/27/2025 6:30 PM,03/27/2025 11:09 AM,76800,13,Returned: HUION DRAWING TABLET - HUION TABLET-108777 | OLYMPUS 12-40mm LENS - OLY 1240 LENS-108778 | NIKON Z6 III BATTERY CHARGER - NIKON Z6III CHRG-108779 | META QUEST CHARGING CABLE - MQUEST CABLE-108780 | META QUEST CONTROLLER - MQUEST CTRL-108781 | NIKON Z6 III BATTERY - NIKON Z6III BATT-108782 | WACOM ONE TABLET - WACOM ONE-108783 | LOGITECH WEBCAM - LOGI WEBCAM-108784 | LAPTOP SLEEVE CASE - LAPTOP SLEEVE-108785 | EXTENSION CORD 10FT - EXTCORD10-108786 | MACBOOK AIR CHARGING CABLE - MBA CABLE-108787 | WACOM CINTIQ TABLET - WACOM CINTIQ-108788 | ZOOM H5 RECORDER - ZOOM H5-108789 | 
8741810,,@inside.fixture.edu,1,03/26/2025 4:58 PM,03/29/2025 3:30 PM,03/31/2025 8:03 AM,399900,12,Returned: SANDISK 64GB SD CARD - SANDISK 64SD-108790 | LOGITECH WIRELESS MOUSE - LOGI MOUSE-108791 | NIKON Z6 III BATTERY - NIKON Z6III BATT-108792 | EPSON PROJECTOR HDMI CABLE - EPSON PROJ HDMI-108793 | XLR CABLE 15FT - XLR15-108794 | INSTA360 X4 CASE - INSTA X4 CASE-108795 | FUJIFILM X-T5 BODY - FUJI XT5-108796 | FUJIFILM X-T5 BODY - FUJI XT5-108797 | META QUEST CHARGING CABLE - MQUEST CABLE-108798 | SANDISK 128GB SD CARD - SANDISK 128SD-108799 | MACBOOK AIR CHARGING CABLE - MBA CABLE-108800 | WACOM CINTIQ TABLET - WACOM CINTIQ-108801 | 
2970754,MDIA,@inside.fixture.edu,0,04/04/2025 8:07 AM,04/05/2025 3:30 PM,04/07/2025 7:58 AM,258660,9,Returned: USB-C TO HDMI ADAPTER - USBC HDMI-108802 | AUDIO-TECHNICA HEADPHONES - AT HEADPHONES-108803 | BENQ DATA PROJECTOR - BENQ PROJ-108804 | USB KEYBOARD - USB KYBD-108805 | USB-C MULTIPORT HUB - USBC HUB-108806 | NIKON Z6 III BATTERY CHARGER - NIKON Z6III CHRG-108807 | MACBOOK AIR M3 LAPTOP - MBA M3-108808 | LAPTOP SLEEVE CASE - LAPTOP SLEEVE-108809 | DELL XPS LAPTOP CHARGER - DELL XPS CHRG-108810 | 
3583206,MDIA,@inside.fixture.edu,0,03/26/2025 5:09 PM,03/27/2025 6:30 PM,03/27/2025 6:27 PM,91080,4,Returned: MANFROTTO TRIPOD - MANFRO TRIPOD-108811 | LOGITECH WIRELESS MOUSE - LOGI MOUSE-108812 | RODE WIRELESS MIC - RODE WIRELESS-108813 | LEXAR 128GB CF CARD - LEXAR CF128-108814 | 
9361353,,@inside.fixture.edu,0,03/27/2025 8:15 AM,03/31/2025 2:00 PM,03/31/2025 2:05 PM,366600,3,Returned: LEXAR 128GB CF CARD - LEXAR CF128-108815 | EXTENSION CORD 10FT - EXTCORD10-108816 | ZOOM H5 RECORDER CASE - ZOOM H5 CASE-108817 | 
5896624,,@inside.fixture.edu,0,03/26/2025 6:56 PM,03/28/2025 6:30 PM,03/28/2025 1:06 PM,151800,6,Returned: MACBOOK AIR M3 LAPTOP - MBA M3-108818 | HDMI CABLE 10FT - HDMI10-108819 | FUJIFILM 18-55mm LENS - FUJI 1855 LENS-108820 | LEXAR 128GB CF CARD - LEXAR CF128-108821 | BENQ DATA PROJECTOR - BENQ PROJ-108822 | EQUIPMENT CRATE 12x12 - CRATE12-108823 | 
9537455,STDA,@inside.fixture.edu,0,03/27/2025 11:08 AM,04/10/2025 6:30 PM,04/15/2025 1:27 PM,1649940,6,Returned: ZOOM H5 RECORDER CASE - ZOOM H5 CASE-108824 | ZOOM H5 RECORDER CASE - ZOOM H5 CASE-108825 | MACBOOK AIR CHARGING CABLE - MBA CABLE-108826 | META QUEST CONTROLLER - MQUEST CTRL-108827 | GODOX LED LIGHT PANEL - GODOX LED-108828 | WACOM ONE TABLET - WACOM ONE-108829 | 
5587308,GNRL,@inside.fixture.edu,0,04/18/2025 12:56 PM,04/28/2025 6:30 PM,04/28/2025 2:04 PM,868080,14,Returned: DELL XPS LAPTOP CHARGER - DELL XPS CHRG-108830 | DELL XPS LAPTOP - DELL XPS-108831 | WACOM CINTIQ TABLET - WACOM CINTIQ-108832 | LOGITECH WIRELESS MOUSE - LOGI MOUSE-108833 | FUJIFILM 18-55mm LENS - FUJI 1855 LENS-108834 | USB-C MULTIPORT HUB - USBC HUB-108835 | EXTENSION CORD 10FT - EXTCORD10-108836 | AUDIO-TECHNICA HEADPHONES - AT HEADPHONES-108837 | WACOM CINTIQ PEN - WACOM CINTIQ PEN-108838 | OLYMPUS OM-D E-M1 BODY - OLY EM1-108839 | MANFROTTO TRIPOD - MANFRO TRIPOD-108840 | MANFROTTO TRIPOD CASE - MANFRO CASE-108841 | RODE MIC BATTERY - RODE MIC BATT-108842 | FUJIFILM X-T5 BODY - FUJI XT5-108843 | 
7970771,DRAW,@inside.fixture.edu,2,03/27/2025 12:26 PM,04/25/2025 6:30 PM,04/25/2025 3:08 PM,2515320,1,Returned: DELL XPS LAPTOP - DELL XPS-108844 | 
9094999,,@fixture.edu,0,03/27/2025 12:28 PM,04/25/2025 6:30 PM,04/28/2025 12:08 PM,2763600,3,Returned: INSTA360 X4 CASE - INSTA X4 CASE-108845 | WACOM CINTIQ TABLET - WACOM CINTIQ-108846 | HUION DRAWING TABLET - HUION TABLET-108847 | 
8922533,,@inside.fixture.edu,0,03/28/2025 8:01 AM,03/28/2025 6:30 PM,03/28/2025 12:58 PM,17820,4,Returned: EXTENSION CORD 10FT - EXTCORD10-108848 | META QUEST HEADSET - MQUEST HS-108849 | EQUIPMENT CRATE 12x12 - CRATE12-108850 | NIKON Z6 III MIRRORLESS BODY - NIKON Z6III-108851 | 
5089126,,@inside.fixture.edu,0,03/27/2025 3:30 PM,03/27/2025 6:30 PM,03/27/2025 6:18 PM,10080,1,Returned: FUJIFILM 18-55mm LENS - FUJI 1855 LENS-108852 | 
8663605,,@inside.fixture.edu,0,03/27/2025 4:40 PM,03/31/2025 6:30 PM,03/31/2025 2:05 PM,336300,10,Returned: MANFROTTO TRIPOD - MANFRO TRIPOD-108853 | USB-C TO HDMI ADAPTER - USBC HDMI-108854 | META QUEST CHARGING CABLE - MQUEST CABLE-108855 | BENQ DATA PROJECTOR - BENQ PROJ-108856 | FUJIFILM 18-55mm LENS - FUJI 1855 LENS-108857 | NIKON Z6 III BATTERY - NIKON Z6III BATT-108858 | DELL XPS LAPTOP - DELL XPS-108859 | GODOX POWER SUPPLY - GODOX PSU-108860 | INSTA360 X4 CASE - INSTA X4 CASE-108861 | OLYMPUS OM-D E-M1 BODY - OLY EM1-108862 | 
3426689,STDA,@inside.fixture.edu,1,03/27/2025 4:58 PM,04/04/2025 6:30 PM,04/04/2025 11:51 AM,672780,2,Returned: CARD READER - CARDRDR-108863 | META QUEST CONTROLLER - MQUEST CTRL-108864 | 
7435505,VIZD,@inside.fixture.edu,0,03/27/2025 5:19 PM,03/27/2025 6:30 PM,03/27/2025 5:39 PM,1200,2,Returned: META QUEST HEADSET - MQUEST HS-108865 | ZOOM H5 RECORDER CASE - ZOOM H5 CASE-108866 | 
4197911,,@fixture.edu,0,03/28/2025 8:55 AM,03/28/2025 6:00 PM,03/28/2025 10:09 AM,4440,8,Returned: AUDIO-TECHNICA HEADPHONES - AT HEADPHONES-108867 | USB-C TO HDMI ADAPTER - USBC HDMI-108868 | EPSON PROJECTOR HDMI CABLE - EPSON PROJ HDMI-108869 | FUJIFILM 18-55mm LENS - FUJI 1855 LENS-108870 | META QUEST HEADSET - MQUEST HS-108871 | META QUEST HEADSET - MQUEST HS-108872 | WACOM CINTIQ PEN - WACOM CINTIQ PEN-108873 | WACOM ONE TABLET - WACOM ONE-108874 | 
9526867,GNRL,@inside.fixture.edu,0,03/28/2025 9:39 AM,03/28/2025 6:30 PM,03/28/2025 2:12 PM,16380,6,Returned: INSTA360 X4 CASE - INSTA X4 CASE-108875 | NIKON Z6 III BATTERY CHARGER - NIKON Z6III CHRG-108876 | BENQ DATA PROJECTOR - BENQ PROJ-108877 | ZOOM H5 RECORDER CASE - ZOOM H5 CASE-108878 | DELL XPS LAPTOP CHARGER - DELL XPS CHRG-108879 | AUDIO-TECHNICA HEADPHONES - AT HEADPHONES-108880 | 
3290229,,@inside.fixture.edu,0,03/28/2025 1:00 PM,03/29/2025 6:30 PM,04/08/2025 1:26 PM,951960,2,Returned: DELL XPS LAPTOP CHARGER - DELL XPS CHRG-108881 | LOGITECH WIRELESS MOUSE - LOGI MOUSE-108882 | 
2171218,,@fixture.edu,0,03/28/2025 2:24 PM,03/28/2025 6:30 PM,03/28/2025 6:08 PM,13440,3,Returned: MANFROTTO TRIPOD CASE - MANFRO CASE-108883 | MACBOOK AIR M3 CHARGER - MBA M3 CHRG-108884 | OLYMPUS OM-D E-M1 BODY - OLY EM1-108885 | 
5634662,,@inside.fixture.edu,0,03/28/2025 2:39 PM,04/11/2025 6:30 PM,04/11/2025 3:47 PM,1213680,2,Returned: PANASONIC S5 II BATTERY CHARGER - PANA S5II CHRG-108886 | EXTENSION CORD 10FT - EXTCORD10-108887 | 
7961578,GNRL,@inside.fixture.edu,0,03/28/2025 3:00 PM,03/31/2025 6:30 PM,03/31/2025 3:23 PM,260580,18,Returned: META QUEST CONTROLLER - MQUEST CTRL-108888 | META QUEST CHARGING CABLE - MQUEST CABLE-108889 | FUJIFILM X-T5 BODY - FUJI XT5-108890 | META QUEST HEADSET - MQUEST HS-108891 | WACOM CINTIQ PEN - WACOM CINTIQ PEN-108892 | XLR CABLE 15FT - XLR15-108893 | GODOX LED LIGHT PANEL - GODOX LED-108894 | XLR CABLE 15FT - XLR15-108895 | DELL XPS LAPTOP CHARGER - DELL XPS CHRG-108896 | MACBOOK AIR CHARGING CABLE - MBA CABLE-108897 | WACOM CINTIQ PEN - WACOM CINTIQ PEN-108898 | META QUEST CHARGING CABLE - MQUEST CABLE-108899 | FUJIFILM X-T5 BATTERY - FUJI XT5 BATT-108900 | RODE WIRELESS MIC - RODE WIRELESS-108901 | ZOOM H5 RECORDER - ZOOM H5-108902 | WACOM CINTIQ TABLET - WACOM CINTIQ-108903 | META QUEST HEADSET - MQUEST HS-108904 | WACOM CINTIQ TABLET - WACOM CINTIQ-108905 | 
6702160,,@inside.fixture.edu,0,03/28/2025 3:05 PM,04/11/2025 6:30 PM,04/11/2025 3:47 PM,1212120,6,Returned: USB KEYBOARD - USB KYBD-108906 | DELL XPS LAPTOP - DELL XPS-108907 | RODE MIC BATTERY - RODE MIC BATT-108908 | RODE MIC BATTERY - RODE MIC BATT-108909 | PANASONIC S5 II BODY - PANA S5II-108910 | OLYMPUS OM-D E-M1 BODY - OLY EM1-108911 | 
9518424,,@inside.fixture.edu,2,03/28/2025 3:50 PM,04/02/2025 6:30 PM,04/03/2025 10:51 AM,500460,3,Returned: LOGITECH WEBCAM - LOGI WEBCAM-108912 | BENQ DATA PROJECTOR - BENQ PROJ-108913 | INSTA360 X4 CASE - INSTA X4 CASE-108914 | 
5482413,GNRL,@inside.fixture.edu,0,03/28/2025 5:31 PM,03/31/2025 6:30 PM,03/31/2025 3:23 PM,251520,1,Returned: SANDISK 64GB SD CARD - SANDISK 64SD-108915 | 
1043037,VIZD,@inside.fixture.edu,0,03/29/2025 12:01 PM,04/02/2025 6:00 PM,04/03/2025 10:55 AM,428040,17,Returned: LAPTOP SLEEVE CASE - LAPTOP SLEEVE-108916 | WACOM CINTIQ TABLET - WACOM CINTIQ-108917 | WACOM ONE TABLET - WACOM ONE-108918 | FUJIFILM X-T5 BATTERY - FUJI XT5 BATT-108919 | MANFROTTO TRIPOD CASE - MANFRO CASE-108920 | FUJIFILM 18-55mm LENS - FUJI 1855 LENS-108921 | MANFROTTO TRIPOD CASE - MANFRO CASE-108922 | DELL XPS LAPTOP CHARGER - DELL XPS CHRG-108923 | EQUIPMENT CRATE 12x12 - CRATE12-108924 | MANFROTTO TRIPOD CASE - MANFRO CASE-108925 | META QUEST CONTROLLER - MQUEST CTRL-108926 | INSTA360 X4 CASE - INSTA X4 CASE-108927 | HDMI CABLE 10FT - HDMI10-108928 | META QUEST CONTROLLER - MQUEST CTRL-108929 | GODOX LIGHT STAND - GODOX STAND-108930 | OLYMPUS OM-D E-M1 BODY - OLY EM1-108931 | SANDISK 64GB SD CARD - SANDISK 64SD-108932 | 
5745250,,@inside.fixture.edu,1,03/31/2025 11:06 AM,04/11/2025 6:30 PM,04/28/2025 11:40 AM,2421240,3,Returned: USB KEYBOARD - USB KYBD-108933 | HDMI CABLE 10FT - HDMI10-108934 | NIKON Z6 III BATTERY - NIKON Z6III BATT-108935 | 
6008935,,@inside.fixture.edu,0,04/01/2025 12:46 PM,04/14/2025 6:30 PM,04/28/2025 11:58 AM,2329920,3,Returned: META QUEST HEADSET - MQUEST HS-108936 | INSTA360 X4 CAMERA - INSTA X4-108937 | USB-C MULTIPORT HUB - USBC HUB-108938 | 
9214801,MDIA,@inside.fixture.edu,0,03/31/2025 12:39 PM,04/02/2025 6:30 PM,04/02/2025 3:00 PM,181260,3,Returned: POWER STRIP - PWRSTRIP-108939 | NIKON Z6 III MIRRORLESS BODY - NIKON Z6III-108940 | LOGITECH WIRELESS MOUSE - LOGI MOUSE-108941 | 
3493017,MDIA,@inside.fixture.edu,0,03/31/2025 12:47 PM,04/03/2025 6:30 PM,04/03/2025 1:15 PM,260880,2,Returned: NIKON Z6 III BATTERY - NIKON Z6III BATT-108942 | SANDISK 64GB SD CARD - SANDISK 64SD-108943 | 
8491822,,@inside.fixture.edu,1,03/31/2025 12:50 PM,04/02/2025 6:30 PM,04/02/2025 12:51 PM,172860,7,Returned: META QUEST CHARGING CABLE - MQUEST CABLE-108944 | WACOM CINTIQ TABLET - WACOM CINTIQ-108945 | BENQ DATA PROJECTOR - BENQ PROJ-108946 | LAPTOP SLEEVE CASE - LAPTOP SLEEVE-108947 | LOGITECH WIRELESS MOUSE - LOGI MOUSE-108948 | RODE WIRELESS MIC - RODE WIRELESS-108949 | FUJIFILM 18-55mm LENS - FUJI 1855 LENS-108950 | 
9125900,STDA,@inside.fixture.edu,0,03/31/2025 1:16 PM,04/02/2025 6:30 PM,04/03/2025 2:01 PM,261900,1,Returned: EPSON PROJECTOR - EPSON PROJ-108951 | 
6790218,STDA,@inside.fixture.edu,1,03/31/2025 2:26 PM,04/10/2025 6:30 PM,04/08/2025 3:09 PM,693780,1,Returned: USB KEYBOARD - USB KYBD-108952 | 
6577416,,@fixture.edu,1,04/02/2025 7:55 AM,04/03/2025 6:30 PM,04/03/2025 8:31 AM,88560,6,Returned: DELL XPS LAPTOP CHARGER - DELL XPS CHRG-108953 | DELL XPS LAPTOP - DELL XPS-108954 | MANFROTTO TRIPOD - MANFRO TRIPOD-108955 | CARD READER - CARDRDR-108956 | INSTA360 X4 CASE - INSTA X4 CASE-108957 | BENQ DATA PROJECTOR - BENQ PROJ-108958 | 
7328534,ANIM,@inside.fixture.edu,0,03/31/2025 3:44 PM,04/07/2025 6:30 PM,04/08/2025 8:00 AM,663360,2,Returned: FUJIFILM 18-55mm LENS - FUJI 1855 LENS-108959 | ZOOM H5 RECORDER CASE - ZOOM H5 CASE-108960 | 
8639414,GNRL,@inside.fixture.edu,0,03/31/2025 4:35 PM,03/31/2025 6:30 PM,03/31/2025 6:36 PM,7260,1,Returned: FUJIFILM X-T5 BODY - FUJI XT5-108961 | 
6398528,,@inside.fixture.edu,0,03/31/2025 6:01 PM,04/02/2025 6:30 PM,04/01/2025 12:30 PM,66540,14,Returned: POWER STRIP - PWRSTRIP-108962 | BENQ DATA PROJECTOR - BENQ PROJ-108963 | RODE MIC BATTERY - RODE MIC BATT-108964 | MACBOOK AIR CHARGING CABLE - MBA CABLE-108965 | MANFROTTO TRIPOD CASE - MANFRO CASE-108966 | HUION DRAWING TABLET - HUION TABLET-108967 | LAPTOP SLEEVE CASE - LAPTOP SLEEVE-108968 | EXTENSION CORD 10FT - EXTCORD10-108969 | EPSON PROJECTOR - EPSON PROJ-108970 | RODE MIC BATTERY - RODE MIC BATT-108971 | META QUEST CONTROLLER - MQUEST CTRL-108972 | DELL XPS LAPTOP - DELL XPS-108973 | META QUEST CHARGING CABLE - MQUEST CABLE-108974 | POWER STRIP - PWRSTRIP-108975 | 
4165061,,@inside.fixture.edu,0,04/01/2025 9:15 AM,04/01/2025 6:30 PM,04/01/2025 12:30 PM,11700,1,Returned: RODE MIC BATTERY - RODE MIC BATT-108976 | 
5006492,,@fixture.edu,0,04/01/2025 10:45 AM,04/01/2025 6:30 PM,04/01/2025 5:12 PM,23220,2,Returned: USB KEYBOARD - USB KYBD-108977 | GODOX LIGHT STAND - GODOX STAND-108978 | 
7425184,VIZD,@inside.fixture.edu,0,04/01/2025 12:45 PM,04/04/2025 6:30 PM,04/04/2025 5:04 PM,274740,8,Returned: EQUIPMENT CRATE 12x12 - CRATE12-108979 | NIKON Z6 III BATTERY - NIKON Z6III BATT-108980 | HUION DRAWING TABLET - HUION TABLET-108981 | NIKON Z6 III MIRRORLESS BODY - NIKON Z6III-108982 | OLYMPUS OM-D E-M1 BODY - OLY EM1-108983 | XLR CABLE 15FT - XLR15-108984 | META QUEST CHARGING CABLE - MQUEST CABLE-108985 | GODOX POWER SUPPLY - GODOX PSU-108986 | 
4918527,,@inside.fixture.edu,4,04/01/2025 1:53 PM,04/22/2025 6:30 PM,04/22/2025 12:52 PM,1810740,2,Returned: MANFROTTO TRIPOD - MANFRO TRIPOD-108987 | OLYMPUS 12-40mm LENS - OLY 1240 LENS-108988 | 
7891662,,@inside.fixture.edu,0,04/01/2025 4:36 PM,04/04/2025 6:30 PM,04/04/2025 3:39 PM,255780,3,Returned: LOGITECH WEBCAM - LOGI WEBCAM-108989 | BENQ DATA PROJECTOR - BENQ PROJ-108990 | MANFROTTO TRIPOD CASE - MANFRO CASE-108991 | 
1732280,VIZD,@inside.fixture.edu,0,04/01/2025 5:30 PM,04/02/2025 6:30 PM,04/08/2025 2:10 PM,592800,2,Returned: PANASONIC S5 II BATTERY CHARGER - PANA S5II CHRG-108992 | EQUIPMENT CRATE 12x12 - CRATE12-108993 | 
6338112,INDD,@inside.fixture.edu,0,04/01/2025 5:36 PM,04/04/2025 6:30 PM,04/02/2025 4:30 PM,82440,7,Returned: INSTA360 X4 CAMERA - INSTA X4-108994 | CARD READER - CARDRDR-108995 | HDMI CABLE 10FT - HDMI10-108996 | NIKON Z6 III MIRRORLESS BODY - NIKON Z6III-108997 | NIKON Z6 III CAMERA CASE - NIKON Z6III CASE-108998 | USB-C TO HDMI ADAPTER - USBC HDMI-108999 | SANDISK 64GB SD CARD - SANDISK 64SD-109000 | 
8935224,,@fixture.edu,0,04/07/2025 7:56 AM,04/09/2025 6:30 PM,04/11/2025 8:17 AM,346860,10,Returned: PANASONIC S5 II BODY - PANA S5II-109001 | AUDIO-TECHNICA HEADPHONES - AT HEADPHONES-109002 | MANFROTTO TRIPOD - MANFRO TRIPOD-109003 | XLR CABLE 15FT - XLR15-109004 | WACOM CINTIQ PEN - WACOM CINTIQ PEN-109005 | GODOX LED LIGHT PANEL - GODOX LED-109006 | MACBOOK AIR M3 CHARGER - MBA M3 CHRG-109007 | GODOX LIGHT STAND - GODOX STAND-109008 | PANASONIC S5 II BODY - PANA S5II-109009 | RODE WIRELESS MIC - RODE WIRELESS-109010 | 
7395997,,@inside.fixture.edu,0,04/01/2025 6:23 PM,04/02/2025 6:30 PM,04/03/2025 1:07 PM,153840,2,Returned: SANDISK 128GB SD CARD - SANDISK 128SD-109011 | RODE WIRELESS MIC - RODE WIRELESS-109012 | 
7477326,VIZD,@inside.fixture.edu,0,04/03/2025 10:55 AM,04/08/2025 1:00 PM,04/08/2025 8:46 AM,424260,7,Returned: MACBOOK AIR M3 CHARGER - MBA M3 CHRG-109013 | POWER STRIP - PWRSTRIP-109014 | XLR CABLE 25FT - XLR25-109015 | ZOOM H5 RECORDER CASE - ZOOM H5 CASE-109016 | MACBOOK AIR M3 CHARGER - MBA M3 CHRG-109017 | FUJIFILM X-T5 BATTERY - FUJI XT5 BATT-109018 | FUJIFILM 18-55mm LENS - FUJI 1855 LENS-109019 | 
3551903,MDIA,@inside.fixture.edu,0,04/02/2025 8:18 AM,04/02/2025 6:30 PM,04/02/2025 12:33 PM,15300,2,Returned: EQUIPMENT CRATE 12x12 - CRATE12-109020 | HDMI CABLE 10FT - HDMI10-109021 | 
9310235,,@inside.fixture.edu,0,04/02/2025 8:19 AM,04/02/2025 6:30 PM,04/02/2025 12:57 PM,16680,34,Returned: MANFROTTO TRIPOD CASE - MANFRO CASE-109022 | INSTA360 X4 BATTERY - INSTA X4 BATT-109023 | RODE MIC BATTERY - RODE MIC BATT-109024 | GODOX LIGHT STAND - GODOX STAND-109025 | FUJIFILM 18-55mm LENS - FUJI 1855 LENS-109026 | MACBOOK AIR M3 LAPTOP - MBA M3-109027 | RODE MIC BATTERY - RODE MIC BATT-109028 | FUJIFILM 18-55mm LENS - FUJI 1855 LENS-109029 | EPSON PROJECTOR - EPSON PROJ-109030 | EPSON PROJECTOR - EPSON PROJ-109031 | EXTENSION CORD 10FT - EXTCORD10-109032 | MACBOOK AIR M3 CHARGER - MBA M3 CHRG-109033 | LOGITECH WEBCAM - LOGI WEBCAM-109034 | MACBOOK AIR M3 CHARGER - MBA M3 CHRG-109035 | AUDIO-TECHNICA HEADPHONES - AT HEADPHONES-109036 | SANDISK 128GB SD CARD - SANDISK 128SD-109037 | RODE WIRELESS MIC - RODE WIRELESS-109038 | MACBOOK AIR CHARGING CABLE - MBA CABLE-109039 | EQUIPMENT CRATE 12x12 - CRATE12-109040 | POWER STRIP - PWRSTRIP-109041 | NIKON Z6 III CAMERA CASE - NIKON Z6III CASE-109042 | EXTENSION CORD 10FT - EXTCORD10-109043 | MANFROTTO TRIPOD - MANFRO TRIPOD-109044 | RODE MIC BATTERY - RODE MIC BATT-109045 | XLR CABLE 25FT - XLR25-109046 | DELL XPS LAPTOP CHARGER - DELL XPS CHRG-109047 | XLR CABLE 25FT - XLR25-109048 | META QUEST CONTROLLER - MQUEST CTRL-109049 | MANFROTTO TRIPOD - MANFRO TRIPOD-109050 | BENQ DATA PROJECTOR - BENQ PROJ-109051 | ZOOM H5 RECORDER - ZOOM H5-109052 | LOGITECH WIRELESS MOUSE - LOGI MOUSE-109053 | RODE WIRELESS MIC - RODE WIRELESS-109054 | AUDIO-TECHNICA HEADPHONES - AT HEADPHONES-109055 | 
1621086,,@fixture.edu,0,04/02/2025 9:12 AM,04/16/2025 6:30 PM,04/14/2025 1:22 PM,1051800,9,Returned: WACOM CINTIQ TABLET - WACOM CINTIQ-109056 | PANASONIC S5 II BODY - PANA S5II-109057 | SANDISK 64GB SD CARD - SANDISK 64SD-109058 | HUION DRAWING TABLET - HUION TABLET-109059 | INSTA360 X4 CAMERA - INSTA X4-109060 | WACOM ONE TABLET - WACOM ONE-109061 | ZOOM H5 RECORDER - ZOOM H5-109062 | WACOM ONE TABLET - WACOM ONE-109063 | NIKON Z6 III BATTERY - NIKON Z6III BATT-109064 | 
3118060,,@fixture.edu,0,04/02/2025 10:41 AM,04/02/2025 6:30 PM,04/02/2025 4:26 PM,20700,2,Returned: EPSON PROJECTOR HDMI CABLE - EPSON PROJ HDMI-109065 | LOGITECH WEBCAM - LOGI WEBCAM-109066 | 
9427047,INDD,@inside.fixture.edu,3,04/02/2025 12:04 PM,04/18/2025 6:30 PM,05/20/2025 10:09 AM,4140300,27,Returned: FUJIFILM X-T5 BODY - FUJI XT5-109067 | EPSON PROJECTOR - EPSON PROJ-109068 | META QUEST CONTROLLER - MQUEST CTRL-109069 | EXTENSION CORD 10FT - EXTCORD10-109070 | USB-C TO HDMI ADAPTER - USBC HDMI-109071 | GODOX LIGHT STAND - GODOX STAND-109072 | LAPTOP SLEEVE CASE - LAPTOP SLEEVE-109073 | ZOOM H5 RECORDER CASE - ZOOM H5 CASE-109074 | PANASONIC S5 II BATTERY CHARGER - PANA S5II CHRG-109075 | OLYMPUS 12-40mm LENS - OLY 1240 LENS-109076 | USB-C MULTIPORT HUB - USBC HUB-109077 | CARD READER - CARDRDR-109078 | SANDISK 128GB SD CARD - SANDISK 128SD-109079 | LOGITECH WEBCAM - LOGI WEBCAM-109080 | META QUEST CONTROLLER - MQUEST CTRL-109081 | ZOOM H5 RECORDER - ZOOM H5-109082 | SANDISK 64GB SD CARD - SANDISK 64SD-109083 | BENQ DATA PROJECTOR - BENQ PROJ-109084 | META QUEST CHARGING CABLE - MQUEST CABLE-109085 | NIKON Z6 III BATTERY - NIKON Z6III BATT-109086 | NIKON Z6 III BATTERY - NIKON Z6III BATT-109087 | META QUEST CHARGING CABLE - MQUEST CABLE-109088 | FUJIFILM X-T5 BATTERY - FUJI XT5 BATT-109089 | XLR CABLE 25FT - XLR25-109090 | MACBOOK AIR M3 CHARGER - MBA M3 CHRG-109091 | OLYMPUS 12-40mm LENS - OLY 1240 LENS-109092 | RODE WIRELESS MIC - RODE WIRELESS-109093 | 
6569946,INDD,@inside.fixture.edu,0,04/02/2025 12:22 PM,04/02/2025 6:30 PM,04/02/2025 4:30 PM,14880,1,Returned: SANDISK 128GB SD CARD - SANDISK 128SD-109094 | 
2683838,MDIA,@inside.fixture.edu,0,04/02/2025 12:44 PM,04/03/2025 6:30 PM,04/03/2025 8:31 AM,71220,17,Returned: EXTENSION CORD 10FT - EXTCORD10-109095 | LEXAR 128GB CF CARD - LEXAR CF128-109096 | MANFROTTO TRIPOD - MANFRO TRIPOD-109097 | FUJIFILM 18-55mm LENS - FUJI 1855 LENS-109098 | POWER STRIP - PWRSTRIP-109099 | GODOX LIGHT STAND - GODOX STAND-109100 | OLYMPUS OM-D E-M1 BODY - OLY EM1-109101 | BENQ DATA PROJECTOR - BENQ PROJ-109102 | MANFROTTO TRIPOD - MANFRO TRIPOD-109103 | FUJIFILM X-T5 BODY - FUJI XT5-109104 | FUJIFILM X-T5 BODY - FUJI XT5-109105 | EPSON PROJECTOR HDMI CABLE - EPSON PROJ HDMI-109106 | HDMI CABLE 10FT - HDMI10-109107 | AUDIO-TECHNICA HEADPHONES - AT HEADPHONES-109108 | NIKON Z6 III MIRRORLESS BODY - NIKON Z6III-109109 | LOGITECH WIRELESS MOUSE - LOGI MOUSE-109110 | WACOM ONE TABLET - WACOM ONE-109111 | 
8387112,,@inside.fixture.edu,1,04/02/2025 2:50 PM,04/11/2025 6:30 PM,04/28/2025 12:14 PM,2237040,4,Returned: OLYMPUS 12-40mm LENS - OLY 1240 LENS-109112 | BENQ DATA PROJECTOR - BENQ PROJ-109113 | POWER STRIP - PWRSTRIP-109114 | PANASONIC S5 II BATTERY CHARGER - PANA S5II CHRG-109115 | 
2672884,DRAW,@inside.fixture.edu,0,04/03/2025 12:25 PM,04/07/2025 6:30 PM,04/07/2025 1:00 PM,347700,4,Returned: WACOM ONE TABLET - WACOM ONE-109116 | RODE MIC BATTERY - RODE MIC BATT-109117 | RODE MIC BATTERY - RODE MIC BATT-109118 | LAPTOP SLEEVE CASE - LAPTOP SLEEVE-109119 | 
9823994,,@fixture.edu,2,04/03/2025 3:03 PM,04/14/2025 6:30 PM,04/14/2025 11:27 AM,937440,3,Returned: NIKON Z6 III BATTERY - NIKON Z6III BATT-109120 | MANFROTTO TRIPOD CASE - MANFRO CASE-109121 | SANDISK 64GB SD CARD - SANDISK 64SD-109122 | 
8665981,,@fixture.edu,0,04/03/2025 4:40 PM,04/04/2025 6:30 PM,04/04/2025 12:40 PM,72000,11,Returned: MANFROTTO TRIPOD - MANFRO TRIPOD-109123 | GODOX LIGHT STAND - GODOX STAND-109124 | MACBOOK AIR M3 LAPTOP - MBA M3-109125 | RODE WIRELESS MIC - RODE WIRELESS-109126 | FUJIFILM X-T5 BATTERY - FUJI XT5 BATT-109127 | INSTA360 X4 BATTERY - INSTA X4 BATT-109128 | USB-C TO HDMI ADAPTER - USBC HDMI-109129 | MACBOOK AIR M3 CHARGER - MBA M3 CHRG-109130 | META QUEST HEADSET - MQUEST HS-109131 | USB-C MULTIPORT HUB - USBC HUB-109132 | LEXAR 128GB CF CARD - LEXAR CF128-109133 | 
1257489,,@fixture.edu,0,04/04/2025 8:00 AM,04/07/2025 6:30 PM,04/04/2025 11:37 AM,13020,4,Returned: NIKON Z6 III MIRRORLESS BODY - NIKON Z6III-109134 | MACBOOK AIR CHARGING CABLE - MBA CABLE-109135 | XLR CABLE 25FT - XLR25-109136 | XLR CABLE 15FT - XLR15-109137 | 
3418526,MDIA,@inside.fixture.edu,0,04/04/2025 11:36 AM,04/04/2025 6:30 PM,04/07/2025 9:25 AM,251340,2,Returned: USB-C TO HDMI ADAPTER - USBC HDMI-109138 | FUJIFILM X-T5 BATTERY - FUJI XT5 BATT-109139 | 
7878299,,@fixture.edu,0,04/07/2025 8:12 AM,04/08/2025 6:30 PM,04/09/2025 9:19 AM,176820,12,Returned: SANDISK 128GB SD CARD - SANDISK 128SD-109140 | INSTA360 X4 BATTERY - INSTA X4 BATT-109141 | XLR CABLE 25FT - XLR25-109142 | SANDISK 128GB SD CARD - SANDISK 128SD-109143 | XLR CABLE 15FT - XLR15-109144 | USB-C TO HDMI ADAPTER - USBC HDMI-109145 | GODOX LED LIGHT PANEL - GODOX LED-109146 | ZOOM H5 RECORDER - ZOOM H5-109147 | LOGITECH WEBCAM - LOGI WEBCAM-109148 | INSTA360 X4 BATTERY - INSTA X4 BATT-109149 | FUJIFILM X-T5 BATTERY - FUJI XT5 BATT-109150 | PANASONIC S5 II BODY - PANA S5II-109151 | 
3589751,,@fixture.edu,0,04/25/2025 8:17 AM,04/26/2025 6:30 PM,04/28/2025 2:57 PM,283200,23,Returned: CARD READER - CARDRDR-109152 | MACBOOK AIR M3 CHARGER - MBA M3 CHRG-109153 | LEXAR 128GB CF CARD - LEXAR CF128-109154 | OLYMPUS OM-D E-M1 BODY - OLY EM1-109155 | WACOM ONE TABLET - WACOM ONE-109156 | MACBOOK AIR M3 CHARGER - MBA M3 CHRG-109157 | EPSON PROJECTOR HDMI CABLE - EPSON PROJ HDMI-109158 | WACOM CINTIQ TABLET - WACOM CINTIQ-109159 | SANDISK 128GB SD CARD - SANDISK 128SD-109160 | EXTENSION CORD 10FT - EXTCORD10-109161 | LEXAR 128GB CF CARD - LEXAR CF128-109162 | RODE MIC BATTERY - RODE MIC BATT-109163 | ZOOM H5 RECORDER - ZOOM H5-109164 | OLYMPUS 12-40mm LENS - OLY 1240 LENS-109165 | RODE MIC BATTERY - RODE MIC BATT-109166 | WACOM CINTIQ TABLET - WACOM CINTIQ-109167 | AUDIO-TECHNICA HEADPHONES - AT HEADPHONES-109168 | NIKON Z6 III MIRRORLESS BODY - NIKON Z6III-109169 | GODOX POWER SUPPLY - GODOX PSU-109170 | HDMI CABLE 10FT - HDMI10-109171 | POWER STRIP - PWRSTRIP-109172 | USB-C TO HDMI ADAPTER - USBC HDMI-109173 | RODE MIC BATTERY - RODE MIC BATT-109174 | 
2255409,STDA,@inside.fixture.edu,0,04/04/2025 12:59 PM,04/15/2025 6:30 PM,04/15/2025 1:27 PM,952080,3,Returned: GODOX LED LIGHT PANEL - GODOX LED-109175 | RODE MIC BATTERY - RODE MIC BATT-109176 | EPSON PROJECTOR - EPSON PROJ-109177 | 
8876745,,@inside.fixture.edu,0,04/21/2025 8:37 AM,04/28/2025 6:30 PM,04/21/2025 12:01 PM,12240,3,Returned: LAPTOP SLEEVE CASE - LAPTOP SLEEVE-109178 | CARD READER - CARDRDR-109179 | INSTA360 X4 CASE - INSTA X4 CASE-109180 | 
5446344,MDIA,@inside.fixture.edu,0,04/04/2025 3:38 PM,04/08/2025 6:30 PM,04/07/2025 7:55 AM,231420,13,Returned: FUJIFILM X-T5 BODY - FUJI XT5-109181 | FUJIFILM X-T5 BATTERY - FUJI XT5 BATT-109182 | EPSON PROJECTOR - EPSON PROJ-109183 | XLR CABLE 15FT - XLR15-109184 | HDMI CABLE 10FT - HDMI10-109185 | OLYMPUS 12-40mm LENS - OLY 1240 LENS-109186 | HDMI CABLE 10FT - HDMI10-109187 | PANASONIC S5 II BODY - PANA S5II-109188 | DELL XPS LAPTOP CHARGER - DELL XPS CHRG-109189 | INSTA360 X4 BATTERY - INSTA X4 BATT-109190 | NIKON Z6 III BATTERY CHARGER - NIKON Z6III CHRG-109191 | DELL XPS LAPTOP - DELL XPS-109192 | PANASONIC S5 II BODY - PANA S5II-109193 | 
6680114,VIZD,@inside.fixture.edu,0,04/04/2025 4:58 PM,04/04/2025 6:30 PM,04/04/2025 5:25 PM,1620,2,Returned: LOGITECH WEBCAM - LOGI WEBCAM-109194 | MACBOOK AIR M3 CHARGER - MBA M3 CHRG-109195 | 
7668663,VIZD,@inside.fixture.edu,0,04/08/2025 8:07 AM,04/11/2025 6:30 PM,04/11/2025 12:16 PM,274140,8,Returned: HDMI CABLE 10FT - HDMI10-109196 | USB-C TO HDMI ADAPTER - USBC HDMI-109197 | XLR CABLE 25FT - XLR25-109198 | RODE WIRELESS MIC - RODE WIRELESS-109199 | DELL XPS LAPTOP - DELL XPS-109200 | RODE WIRELESS MIC - RODE WIRELESS-109201 | META QUEST CONTROLLER - MQUEST CTRL-109202 | GODOX POWER SUPPLY - GODOX PSU-109203 | 
2347467,DRAW,@inside.fixture.edu,0,04/05/2025 11:22 AM,04/16/2025 9:30 PM,04/24/2025 10:35 AM,1638780,2,Returned: LAPTOP SLEEVE CASE - LAPTOP SLEEVE-109204 | WACOM ONE TABLET - WACOM ONE-109205 | 
6512415,STDA,@inside.fixture.edu,0,04/07/2025 9:36 AM,04/17/2025 6:30 PM,04/08/2025 3:09 PM,106380,2,Returned: XLR CABLE 15FT - XLR15-109206 | GODOX LED LIGHT PANEL - GODOX LED-109207 | 
9952696,MDIA,@inside.fixture.edu,0,04/07/2025 10:27 AM,04/10/2025 6:00 PM,04/10/2025 2:21 PM,273240,3,Returned: OLYMPUS OM-D E-M1 BODY - OLY EM1-109208 | LAPTOP SLEEVE CASE - LAPTOP SLEEVE-109209 | SANDISK 64GB SD CARD - SANDISK 64SD-109210 | 
7375499,IMAG,@inside.fixture.edu,0,04/07/2025 12:31 PM,04/14/2025 6:00 PM,04/14/2025 11:44 AM,601980,11,Returned: WACOM ONE TABLET - WACOM ONE-109211 | EPSON PROJECTOR HDMI CABLE - EPSON PROJ HDMI-109212 | LAPTOP SLEEVE CASE - LAPTOP SLEEVE-109213 | LEXAR 128GB CF CARD - LEXAR CF128-109214 | MACBOOK AIR M3 LAPTOP - MBA M3-109215 | META QUEST CHARGING CABLE - MQUEST CABLE-109216 | META QUEST CONTROLLER - MQUEST CTRL-109217 | EPSON PROJECTOR HDMI CABLE - EPSON PROJ HDMI-109218 | USB KEYBOARD - USB KYBD-109219 | OLYMPUS OM-D E-M1 BODY - OLY EM1-109220 | LAPTOP SLEEVE CASE - LAPTOP SLEEVE-109221 | 
6312692,,@inside.fixture.edu,1,04/07/2025 12:56 PM,04/14/2025 6:30 PM,04/15/2025 4:14 PM,703080,9,Returned: LOGITECH WIRELESS MOUSE - LOGI MOUSE-109222 | NIKON Z6 III MIRRORLESS BODY - NIKON Z6III-109223 | AUDIO-TECHNICA HEADPHONES - AT HEADPHONES-109224 | OLYMPUS 12-40mm LENS - OLY 1240 LENS-109225 | NIKON Z6 III CAMERA CASE - NIKON Z6III CASE-109226 | INSTA360 X4 BATTERY - INSTA X4 BATT-109227 | RODE MIC BATTERY - RODE MIC BATT-109228 | PANASONIC S5 II BATTERY CHARGER - PANA S5II CHRG-109229 | EPSON PROJECTOR - EPSON PROJ-109230 | 
9186400,INDD,@inside.fixture.edu,2,04/07/2025 12:59 PM,04/17/2025 6:30 PM,04/24/2025 4:30 PM,1481460,10,Returned: USB-C MULTIPORT HUB - USBC HUB-109231 | ZOOM H5 RECORDER - ZOOM H5-109232 | NIKON Z6 III CAMERA CASE - NIKON Z6III CASE-109233 | MACBOOK AIR M3 LAPTOP - MBA M3-109234 | OLYMPUS 12-40mm LENS - OLY 1240 LENS-109235 | ZOOM H5 RECORDER CASE - ZOOM H5 CASE-109236 | USB-C TO HDMI ADAPTER - USBC HDMI-109237 | SANDISK 128GB SD CARD - SANDISK 128SD-109238 | HUION DRAWING TABLET - HUION TABLET-109239 | META QUEST CHARGING CABLE - MQUEST CABLE-109240 | 
1602286,GNRL,@inside.fixture.edu,0,04/21/2025 8:46 AM,04/26/2025 6:30 PM,05/19/2025 11:52 AM,2430360,8,Returned: MANFROTTO TRIPOD CASE - MANFRO CASE-109241 | LOGITECH WIRELESS MOUSE - LOGI MOUSE-109242 | CARD READER - CARDRDR-109243 | WACOM CINTIQ PEN - WACOM CINTIQ PEN-109244 | RODE WIRELESS MIC - RODE WIRELESS-109245 | HUION DRAWING TABLET - HUION TABLET-109246 | AUDIO-TECHNICA HEADPHONES - AT HEADPHONES-109247 | MANFROTTO TRIPOD - MANFRO TRIPOD-109248 | 
2147909,STDA,@inside.fixture.edu,0,04/07/2025 1:50 PM,04/08/2025 6:30 PM,04/11/2025 4:10 PM,354000,6,Returned: USB-C MULTIPORT HUB - USBC HUB-109249 | GODOX LIGHT STAND - GODOX STAND-109250 | FUJIFILM X-T5 BODY - FUJI XT5-109251 | OLYMPUS 12-40mm LENS - OLY 1240 LENS-109252 | BENQ DATA PROJECTOR - BENQ PROJ-109253 | MANFROTTO TRIPOD CASE - MANFRO CASE-109254 | 
4938791,STDA,@inside.fixture.edu,0,04/07/2025 2:53 PM,04/21/2025 6:30 PM,04/19/2025 3:38 PM,1039500,4,Returned: MANFROTTO TRIPOD - MANFRO TRIPOD-109255 | FUJIFILM X-T5 BATTERY - FUJI XT5 BATT-109256 | POWER STRIP - PWRSTRIP-109257 | WACOM CINTIQ PEN - WACOM CINTIQ PEN-109258 | 
5821419,,@inside.fixture.edu,0,04/07/2025 3:15 PM,04/11/2025 6:30 PM,10/17/2025 5:12 PM,16682220,3,Returned: EXTENSION CORD 10FT - EXTCORD10-109259 | ZOOM H5 RECORDER - ZOOM H5-109260 | EXTENSION CORD 10FT - EXTCORD10-109261 | 
4816586,INDD,@inside.fixture.edu,4,04/07/2025 3:46 PM,04/25/2025 6:30 PM,04/25/2025 1:30 PM,1547040,2,Returned: WACOM CINTIQ PEN - WACOM CINTIQ PEN-109262 | MANFROTTO TRIPOD CASE - MANFRO CASE-109263 | 
2516313,MDIA,@inside.fixture.edu,0,04/07/2025 5:55 PM,04/08/2025 6:30 PM,04/08/2025 4:35 PM,81600,2,Returned: LOGITECH WEBCAM - LOGI WEBCAM-109264 | CARD READER - CARDRDR-109265 | 
8280833,INDD,@inside.fixture.edu,0,04/08/2025 9:16 AM,04/08/2025 6:30 PM,04/08/2025 12:25 PM,11340,1,Returned: GODOX LIGHT STAND - GODOX STAND-109266 | 
2651601,,@inside.fixture.edu,0,04/09/2025 8:17 AM,04/11/2025 4:00 PM,04/11/2025 4:21 PM,201840,14,Returned: MACBOOK AIR M3 CHARGER - MBA M3 CHRG-109267 | PANASONIC S5 II BODY - PANA S5II-109268 | POWER STRIP - PWRSTRIP-109269 | INSTA360 X4 CASE - INSTA X4 CASE-109270 | FUJIFILM X-T5 BATTERY - FUJI XT5 BATT-109271 | LOGITECH WEBCAM - LOGI WEBCAM-109272 | OLYMPUS 12-40mm LENS - OLY 1240 LENS-109273 | PANASONIC S5 II BODY - PANA S5II-109274 | EQUIPMENT CRATE 12x12 - CRATE12-109275 | RODE MIC BATTERY - RODE MIC BATT-109276 | META QUEST HEADSET - MQUEST HS-109277 | NIKON Z6 III BATTERY CHARGER - NIKON Z6III CHRG-109278 | LAPTOP SLEEVE CASE - LAPTOP SLEEVE-109279 | DELL XPS LAPTOP CHARGER - DELL XPS CHRG-109280 | 
2686231,SPAC,@inside.fixture.edu,0,04/08/2025 12:31 PM,04/11/2025 12:30 PM,04/09/2025 12:57 PM,87960,7,Returned: GODOX LIGHT STAND - GODOX STAND-109281 | RODE MIC BATTERY - RODE MIC BATT-109282 | MACBOOK AIR CHARGING CABLE - MBA CABLE-109283 | FUJIFILM 18-55mm LENS - FUJI 1855 LENS-109284 | USB-C TO HDMI ADAPTER - USBC HDMI-109285 | XLR CABLE 15FT - XLR15-109286 | XLR CABLE 25FT - XLR25-109287 | 
8443690,,@inside.fixture.edu,0,04/08/2025 1:17 PM,04/09/2025 6:30 PM,04/11/2025 12:51 PM,257640,2,Returned: MACBOOK AIR M3 CHARGER - MBA M3 CHRG-109288 | RODE MIC BATTERY - RODE MIC BATT-109289 | 
3791137,,@inside.fixture.edu,0,04/08/2025 2:11 PM,04/11/2025 6:30 PM,08/11/2025 9:25 AM,10782840,2,Returned: LAPTOP SLEEVE CASE - LAPTOP SLEEVE-109290 | USB-C MULTIPORT HUB - USBC HUB-109291 | 
6024207,MDIA,@inside.fixture.edu,0,04/11/2025 9:34 AM,04/14/2025 6:30 PM,04/14/2025 12:56 PM,271320,9,Returned: EQUIPMENT CRATE 12x12 - CRATE12-109292 | USB KEYBOARD - USB KYBD-109293 | INSTA360 X4 CAMERA - INSTA X4-109294 | INSTA360 X4 CAMERA - INSTA X4-109295 | LOGITECH WIRELESS MOUSE - LOGI MOUSE-109296 | EPSON PROJECTOR HDMI CABLE - EPSON PROJ HDMI-109297 | USB KEYBOARD - USB KYBD-109298 | USB-C TO HDMI ADAPTER - USBC HDMI-109299 | MACBOOK AIR M3 CHARGER - MBA M3 CHRG-109300 | 
1485654,EDES,@inside.fixture.edu,0,04/11/2025 9:34 AM,04/14/2025 6:30 PM,04/14/2025 12:51 PM,271020,6,Returned: POWER STRIP - PWRSTRIP-109301 | GODOX POWER SUPPLY - GODOX PSU-109302 | USB-C TO HDMI ADAPTER - USBC HDMI-109303 | DELL XPS LAPTOP - DELL XPS-109304 | ZOOM H5 RECORDER CASE - ZOOM H5 CASE-109305 | NIKON Z6 III BATTERY - NIKON Z6III BATT-109306 | 
1771600,EDES,@inside.fixture.edu,0,04/08/2025 3:15 PM,04/09/2025 6:30 PM,04/09/2025 5:02 PM,92820,4,Returned: XLR CABLE 15FT - XLR15-109307 | MACBOOK AIR M3 LAPTOP - MBA M3-109308 | GODOX LIGHT STAND - GODOX STAND-109309 | BENQ DATA PROJECTOR - BENQ PROJ-109310 | 
6442103,EDES,@inside.fixture.edu,0,04/08/2025 3:25 PM,04/09/2025 6:30 PM,04/09/2025 4:59 PM,92040,4,Returned: SANDISK 64GB SD CARD - SANDISK 64SD-109311 | USB-C TO HDMI ADAPTER - USBC HDMI-109312 | INSTA360 X4 CASE - INSTA X4 CASE-109313 | META QUEST CHARGING CABLE - MQUEST CABLE-109314 | 
1941524,INDD,@inside.fixture.edu,0,04/08/2025 3:51 PM,04/11/2025 3:51 PM,06/05/2025 8:33 AM,4984920,1,Returned: XLR CABLE 25FT - XLR25-109315 | 
5921894,SPAC,@inside.fixture.edu,1,04/08/2025 4:09 PM,04/14/2025 6:30 PM,04/16/2025 8:06 AM,662220,10,Returned: PANASONIC S5 II BODY - PANA S5II-109316 | HDMI CABLE 10FT - HDMI10-109317 | NIKON Z6 III MIRRORLESS BODY - NIKON Z6III-109318 | DELL XPS LAPTOP CHARGER - DELL XPS CHRG-109319 | LAPTOP SLEEVE CASE - LAPTOP SLEEVE-109320 | NIKON Z6 III MIRRORLESS BODY - NIKON Z6III-109321 | RODE MIC BATTERY - RODE MIC BATT-109322 | FUJIFILM X-T5 BATTERY - FUJI XT5 BATT-109323 | XLR CABLE 15FT - XLR15-109324 | LEXAR 128GB CF CARD - LEXAR CF128-109325 | 
7014016,GNRL,@inside.fixture.edu,0,04/11/2025 9:35 AM,04/14/2025 6:30 PM,04/14/2025 12:51 PM,270960,3,Returned: META QUEST CONTROLLER - MQUEST CTRL-109326 | WACOM ONE TABLET - WACOM ONE-109327 | NIKON Z6 III BATTERY - NIKON Z6III BATT-109328 | 
7288789,,@fixture.edu,0,04/21/2025 4:17 PM,04/23/2025 6:30 PM,04/23/2025 2:29 PM,166320,11,Returned: MANFROTTO TRIPOD CASE - MANFRO CASE-109329 | MACBOOK AIR M3 CHARGER - MBA M3 CHRG-109330 | NIKON Z6 III BATTERY CHARGER - NIKON Z6III CHRG-109331 | EPSON PROJECTOR - EPSON PROJ-109332 | LEXAR 128GB CF CARD - LEXAR CF128-109333 | HUION DRAWING TABLET - HUION TABLET-109334 | INSTA360 X4 BATTERY - INSTA X4 BATT-109335 | LOGITECH WIRELESS MOUSE - LOGI MOUSE-109336 | CARD READER - CARDRDR-109337 | META QUEST CHARGING CABLE - MQUEST CABLE-109338 | INSTA360 X4 CASE - INSTA X4 CASE-109339 | 
8225725,,@fixture.edu,0,04/09/2025 9:28 AM,04/09/2025 6:30 PM,04/09/2025 12:55 PM,12420,1,Returned: HUION DRAWING TABLET - HUION TABLET-109340 | 
3442255,DRAW,@inside.fixture.edu,0,04/09/2025 1:13 PM,04/11/2025 6:30 PM,04/11/2025 12:25 PM,169920,2,Returned: MACBOOK AIR M3 CHARGER - MBA M3 CHRG-109341 | MACBOOK AIR M3 CHARGER - MBA M3 CHRG-109342 | 
5096953,,@fixture.edu,0,04/15/2025 8:29 AM,04/16/2025 6:30 PM,04/16/2025 5:40 PM,119460,10,Returned: EQUIPMENT CRATE 12x12 - CRATE12-109343 | HDMI CABLE 10FT - HDMI10-109344 | LOGITECH WEBCAM - LOGI WEBCAM-109345 | NIKON Z6 III BATTERY CHARGER - NIKON Z6III CHRG-109346 | NIKON Z6 III BATTERY - NIKON Z6III BATT-109347 | META QUEST HEADSET - MQUEST HS-109348 | OLYMPUS 12-40mm LENS - OLY 1240 LENS-109349 | BENQ DATA PROJECTOR - BENQ PROJ-109350 | CARD READER - CARDRDR-109351 | OLYMPUS OM-D E-M1 BODY - OLY EM1-109352 | 
9911492,,@fixture.edu,0,04/22/2025 7:55 AM,04/23/2025 6:30 PM,04/22/2025 6:11 PM,36960,10,Returned: DELL XPS LAPTOP - DELL XPS-109353 | USB KEYBOARD - USB KYBD-109354 | NIKON Z6 III CAMERA CASE - NIKON Z6III CASE-109355 | GODOX LED LIGHT PANEL - GODOX LED-109356 | NIKON Z6 III CAMERA CASE - NIKON Z6III CASE-109357 | FUJIFILM X-T5 BATTERY - FUJI XT5 BATT-109358 | USB-C MULTIPORT HUB - USBC HUB-109359 | INSTA360 X4 CASE - INSTA X4 CASE-109360 | PANASONIC S5 II BATTERY CHARGER - PANA S5II CHRG-109361 | WACOM ONE TABLET - WACOM ONE-109362 | 
7913081,,@fixture.edu,0,04/22/2025 1:51 PM,04/22/2025 6:44 PM,04/22/2025 5:31 PM,13200,60,Returned: NIKON Z6 III MIRRORLESS BODY - NIKON Z6III-109363 | USB KEYBOARD - USB KYBD-109364 | USB KEYBOARD - USB KYBD-109365 | RODE MIC BATTERY - RODE MIC BATT-109366 | EPSON PROJECTOR HDMI CABLE - EPSON PROJ HDMI-109367 | META QUEST HEADSET - MQUEST HS-109368 | WACOM CINTIQ PEN - WACOM CINTIQ PEN-109369 | META QUEST CHARGING CABLE - MQUEST CABLE-109370 | LAPTOP SLEEVE CASE - LAPTOP SLEEVE-109371 | META QUEST CHARGING CABLE - MQUEST CABLE-109372 | AUDIO-TECHNICA HEADPHONES - AT HEADPHONES-109373 | USB KEYBOARD - USB KYBD-109374 | GODOX LIGHT STAND - GODOX STAND-109375 | NIKON Z6 III CAMERA CASE - NIKON Z6III CASE-109376 | LOGITECH WIRELESS MOUSE - LOGI MOUSE-109377 | MACBOOK AIR CHARGING CABLE - MBA CABLE-109378 | BENQ DATA PROJECTOR - BENQ PROJ-109379 | FUJIFILM X-T5 BODY - FUJI XT5-109380 | DELL XPS LAPTOP CHARGER - DELL XPS CHRG-109381 | MANFROTTO TRIPOD CASE - MANFRO CASE-109382 | PANASONIC S5 II BATTERY CHARGER - PANA S5II CHRG-109383 | MACBOOK AIR CHARGING CABLE - MBA CABLE-109384 | PANASONIC S5 II BODY - PANA S5II-109385 | HDMI CABLE 10FT - HDMI10-109386 | USB KEYBOARD - USB KYBD-109387 | NIKON Z6 III MIRRORLESS BODY - NIKON Z6III-109388 | MANFROTTO TRIPOD CASE - MANFRO CASE-109389 | ZOOM H5 RECORDER CASE - ZOOM H5 CASE-109390 | ZOOM H5 RECORDER - ZOOM H5-109391 | WACOM CINTIQ TABLET - WACOM CINTIQ-109392 | EPSON PROJECTOR - EPSON PROJ-109393 | WACOM CINTIQ TABLET - WACOM CINTIQ-109394 | MACBOOK AIR M3 LAPTOP - MBA M3-109395 | FUJIFILM 18-55mm LENS - FUJI 1855 LENS-109396 | FUJIFILM X-T5 BODY - FUJI XT5-109397 | BENQ DATA PROJECTOR - BENQ PROJ-109398 | PANASONIC S5 II BATTERY CHARGER - PANA S5II CHRG-109399 | WACOM CINTIQ PEN - WACOM CINTIQ PEN-109400 | INSTA360 X4 BATTERY - INSTA X4 BATT-109401 | EXTENSION CORD 10FT - EXTCORD10-109402 | POWER STRIP - PWRSTRIP-109403 | SANDISK 64GB SD CARD - SANDISK 64SD-109404 | XLR CABLE 15FT - XLR15-109405 | FUJIFILM X-T5 BODY - FUJI XT5-109406 | EPSON PROJECTOR HDMI CABLE - EPSON PROJ HDMI-109407 | LEXAR 128GB CF CARD - LEXAR CF128-109408 | USB KEYBOARD - USB KYBD-109409 | GODOX LED LIGHT PANEL - GODOX LED-109410 | META QUEST HEADSET - MQUEST HS-109411 | PANASONIC S5 II BATTERY CHARGER - PANA S5II CHRG-109412 | HDMI CABLE 10FT - HDMI10-109413 | OLYMPUS OM-D E-M1 BODY - OLY EM1-109414 | NIKON Z6 III BATTERY CHARGER - NIKON Z6III CHRG-109415 | EPSON PROJECTOR - EPSON PROJ-109416 | PANASONIC S5 II BODY - PANA S5II-109417 | OLYMPUS OM-D E-M1 BODY - OLY EM1-109418 | RODE MIC BATTERY - RODE MIC BATT-109419 | SANDISK 128GB SD CARD - SANDISK 128SD-109420 | PANASONIC S5 II BATTERY CHARGER - PANA S5II CHRG-109421 | EQUIPMENT CRATE 12x12 - CRATE12-109422 | 
4020853,,@inside.fixture.edu,0,04/21/2025 8:54 AM,04/26/2025 4:30 PM,04/28/2025 2:27 PM,624780,4,Returned: PANASONIC S5 II BODY - PANA S5II-109423 | RODE WIRELESS MIC - RODE WIRELESS-109424 | EPSON PROJECTOR - EPSON PROJ-109425 | MANFROTTO TRIPOD - MANFRO TRIPOD-109426 | 
3851852,MDIA,@inside.fixture.edu,0,04/09/2025 5:01 PM,04/11/2025 6:30 PM,04/21/2025 10:29 AM,1013280,4,Returned: MACBOOK AIR M3 CHARGER - MBA M3 CHRG-109427 | WACOM CINTIQ TABLET - WACOM CINTIQ-109428 | ZOOM H5 RECORDER CASE - ZOOM H5 CASE-109429 | GODOX LED LIGHT PANEL - GODOX LED-109430 | 
3937176,,@fixture.edu,0,04/11/2025 9:45 AM,04/17/2025 6:30 PM,04/18/2025 8:44 AM,601140,6,Returned: DELL XPS LAPTOP CHARGER - DELL XPS CHRG-109431 | HUION DRAWING TABLET - HUION TABLET-109432 | LOGITECH WIRELESS MOUSE - LOGI MOUSE-109433 | NIKON Z6 III BATTERY CHARGER - NIKON Z6III CHRG-109434 | LOGITECH WIRELESS MOUSE - LOGI MOUSE-109435 | XLR CABLE 25FT - XLR25-109436 | 
2324869,DRAW,@inside.fixture.edu,0,04/10/2025 7:48 AM,04/10/2025 6:30 PM,04/10/2025 12:09 PM,15660,1,Returned: USB-C MULTIPORT HUB - USBC HUB-109437 | 
7418028,ANIM,@inside.fixture.edu,0,04/10/2025 11:07 AM,04/17/2025 6:30 PM,04/17/2025 8:54 AM,596820,5,Returned: SANDISK 64GB SD CARD - SANDISK 64SD-109438 | EPSON PROJECTOR - EPSON PROJ-109439 | ZOOM H5 RECORDER CASE - ZOOM H5 CASE-109440 | LOGITECH WEBCAM - LOGI WEBCAM-109441 | POWER STRIP - PWRSTRIP-109442 | 
5040453,,@inside.fixture.edu,0,04/10/2025 11:24 AM,04/11/2025 6:30 PM,04/11/2025 1:46 PM,94920,1,Returned: SANDISK 64GB SD CARD - SANDISK 64SD-109443 | 
9349470,,@inside.fixture.edu,0,04/10/2025 1:28 PM,04/10/2025 6:30 PM,04/11/2025 12:51 PM,84180,2,Returned: EPSON PROJECTOR - EPSON PROJ-109444 | MACBOOK AIR CHARGING CABLE - MBA CABLE-109445 | 
3401116,MDIA,@inside.fixture.edu,0,04/18/2025 8:26 AM,04/19/2025 3:30 PM,04/21/2025 2:18 PM,280320,33,Returned: LOGITECH WIRELESS MOUSE - LOGI MOUSE-109446 | POWER STRIP - PWRSTRIP-109447 | FUJIFILM X-T5 BODY - FUJI XT5-109448 | EXTENSION CORD 10FT - EXTCORD10-109449 | MANFROTTO TRIPOD - MANFRO TRIPOD-109450 | MACBOOK AIR M3 LAPTOP - MBA M3-109451 | NIKON Z6 III BATTERY - NIKON Z6III BATT-109452 | FUJIFILM 18-55mm LENS - FUJI 1855 LENS-109453 | GODOX LIGHT STAND - GODOX STAND-109454 | PANASONIC S5 II BATTERY CHARGER - PANA S5II CHRG-109455 | OLYMPUS OM-D E-M1 BODY - OLY EM1-109456 | WACOM CINTIQ PEN - WACOM CINTIQ PEN-109457 | XLR CABLE 15FT - XLR15-109458 | XLR CABLE 15FT - XLR15-109459 | WACOM CINTIQ PEN - WACOM CINTIQ PEN-109460 | NIKON Z6 III BATTERY - NIKON Z6III BATT-109461 | EPSON PROJECTOR - EPSON PROJ-109462 | HUION DRAWING TABLET - HUION TABLET-109463 | CARD READER - CARDRDR-109464 | NIKON Z6 III MIRRORLESS BODY - NIKON Z6III-109465 | DELL XPS LAPTOP - DELL XPS-109466 | ZOOM H5 RECORDER - ZOOM H5-109467 | GODOX LED LIGHT PANEL - GODOX LED-109468 | FUJIFILM X-T5 BATTERY - FUJI XT5 BATT-109469 | META QUEST CONTROLLER - MQUEST CTRL-109470 | RODE WIRELESS MIC - RODE WIRELESS-109471 | MACBOOK AIR M3 LAPTOP - MBA M3-109472 | PANASONIC S5 II BATTERY CHARGER - PANA S5II CHRG-109473 | NIKON Z6 III BATTERY - NIKON Z6III BATT-109474 | LOGITECH WEBCAM - LOGI WEBCAM-109475 | MACBOOK AIR M3 LAPTOP - MBA M3-109476 | WACOM CINTIQ TABLET - WACOM CINTIQ-109477 | DELL XPS LAPTOP - DELL XPS-109478 | 
4895475,MDIA,@inside.fixture.edu,0,04/22/2025 7:55 AM,04/28/2025 3:30 PM,04/23/2025 2:36 PM,110460,3,Returned: XLR CABLE 25FT - XLR25-109479 | LOGITECH WIRELESS MOUSE - LOGI MOUSE-109480 | LEXAR 128GB CF CARD - LEXAR CF128-109481 | 
8736811,MDIA,@inside.fixture.edu,1,04/10/2025 2:43 PM,04/17/2025 6:30 PM,04/17/2025 5:45 PM,615720,8,Returned: XLR CABLE 15FT - XLR15-109482 | ZOOM H5 RECORDER - ZOOM H5-109483 | GODOX POWER SUPPLY - GODOX PSU-109484 | RODE WIRELESS MIC - RODE WIRELESS-109485 | INSTA360 X4 BATTERY - INSTA X4 BATT-109486 | EQUIPMENT CRATE 12x12 - CRATE12-109487 | HDMI CABLE 10FT - HDMI10-109488 | META QUEST HEADSET - MQUEST HS-109489 | 
5261032,,@inside.fixture.edu,1,04/11/2025 9:36 AM,04/15/2025 6:30 PM,04/14/2025 3:04 PM,278880,6,Returned: MACBOOK AIR CHARGING CABLE - MBA CABLE-109490 | DELL XPS LAPTOP - DELL XPS-109491 | EXTENSION CORD 10FT - EXTCORD10-109492 | INSTA360 X4 CAMERA - INSTA X4-109493 | AUDIO-TECHNICA HEADPHONES - AT HEADPHONES-109494 | NIKON Z6 III BATTERY - NIKON Z6III BATT-109495 | 
8710313,,@inside.fixture.edu,0,04/11/2025 12:52 PM,04/12/2025 6:30 PM,04/23/2025 6:21 PM,1056540,2,Returned: LAPTOP SLEEVE CASE - LAPTOP SLEEVE-109496 | META QUEST CONTROLLER - MQUEST CTRL-109497 | 
5283671,MDIA,@inside.fixture.edu,0,04/11/2025 1:05 PM,04/15/2025 6:30 PM,04/15/2025 2:22 PM,350220,4,Returned: EQUIPMENT CRATE 12x12 - CRATE12-109498 | INSTA360 X4 BATTERY - INSTA X4 BATT-109499 | META QUEST CHARGING CABLE - MQUEST CABLE-109500 | PANASONIC S5 II BATTERY CHARGER - PANA S5II CHRG-109501 | 
1157662,DRAW,@inside.fixture.edu,0,04/11/2025 2:46 PM,04/11/2025 6:30 PM,04/12/2025 10:08 AM,69720,1,Returned: INSTA360 X4 BATTERY - INSTA X4 BATT-109502 | 
8805654,,@fixture.edu,0,04/11/2025 3:55 PM,04/11/2025 6:30 PM,04/11/2025 4:28 PM,1980,3,Returned: HDMI CABLE 10FT - HDMI10-109503 | OLYMPUS OM-D E-M1 BODY - OLY EM1-109504 | ZOOM H5 RECORDER - ZOOM H5-109505 | 
5825658,STDA,@inside.fixture.edu,0,04/11/2025 4:09 PM,04/17/2025 6:30 PM,04/21/2025 1:25 PM,854160,4,Returned: INSTA360 X4 CAMERA - INSTA X4-109506 | INSTA360 X4 BATTERY - INSTA X4 BATT-109507 | RODE MIC BATTERY - RODE MIC BATT-109508 | EXTENSION CORD 10FT - EXTCORD10-109509 | 
3650391,DRAW,@inside.fixture.edu,1,04/11/2025 5:34 PM,04/16/2025 6:30 PM,04/16/2025 6:37 PM,435780,7,Returned: LOGITECH WEBCAM - LOGI WEBCAM-109510 | MACBOOK AIR M3 LAPTOP - MBA M3-109511 | PANASONIC S5 II BODY - PANA S5II-109512 | NIKON Z6 III MIRRORLESS BODY - NIKON Z6III-109513 | OLYMPUS 12-40mm LENS - OLY 1240 LENS-109514 | EQUIPMENT CRATE 12x12 - CRATE12-109515 | RODE WIRELESS MIC - RODE WIRELESS-109516 | 
2239197,,@inside.fixture.edu,0,04/12/2025 11:25 AM,04/14/2025 9:30 PM,04/15/2025 4:13 PM,276480,1,Returned: FUJIFILM X-T5 BODY - FUJI XT5-109517 | 
8410995,VIZD,@inside.fixture.edu,0,04/12/2025 11:55 AM,04/17/2025 6:30 PM,04/18/2025 9:51 AM,510960,1,Returned: SANDISK 128GB SD CARD - SANDISK 128SD-109518 | 
6797629,VIZD,@inside.fixture.edu,0,04/12/2025 1:33 PM,04/14/2025 6:30 PM,04/12/2025 3:32 PM,7140,2,Returned: SANDISK 64GB SD CARD - SANDISK 64SD-109519 | FUJIFILM X-T5 BODY - FUJI XT5-109520 | 
6018975,DRAW,@inside.fixture.edu,0,04/14/2025 10:18 AM,04/14/2025 6:30 PM,04/14/2025 1:06 PM,10080,1,Returned: LEXAR 128GB CF CARD - LEXAR CF128-109521 | 
8118722,,@fixture.edu,0,04/15/2025 8:58 AM,04/17/2025 6:30 PM,04/16/2025 4:57 PM,115140,1,Returned: GODOX POWER SUPPLY - GODOX PSU-109522 | 
5195951,,@inside.fixture.edu,0,04/14/2025 11:07 AM,04/15/2025 6:30 PM,04/14/2025 3:39 PM,16320,8,Returned: USB KEYBOARD - USB KYBD-109523 | XLR CABLE 15FT - XLR15-109524 | MACBOOK AIR M3 CHARGER - MBA M3 CHRG-109525 | ZOOM H5 RECORDER - ZOOM H5-109526 | MACBOOK AIR M3 LAPTOP - MBA M3-109527 | GODOX POWER SUPPLY - GODOX PSU-109528 | EPSON PROJECTOR - EPSON PROJ-109529 | META QUEST CONTROLLER - MQUEST CTRL-109530 | 
8664433,STDA,@inside.fixture.edu,0,04/14/2025 12:07 PM,04/21/2025 6:30 PM,04/21/2025 6:32 PM,627900,6,Returned: GODOX LIGHT STAND - GODOX STAND-109531 | LOGITECH WIRELESS MOUSE - LOGI MOUSE-109532 | EPSON PROJECTOR - EPSON PROJ-109533 | HDMI CABLE 10FT - HDMI10-109534 | FUJIFILM X-T5 BATTERY - FUJI XT5 BATT-109535 | OLYMPUS OM-D E-M1 BODY - OLY EM1-109536 | 
6068760,DRAW,@inside.fixture.edu,0,04/14/2025 12:56 PM,04/16/2025 6:30 PM,04/16/2025 1:15 PM,173940,4,Returned: HDMI CABLE 10FT - HDMI10-109537 | OLYMPUS OM-D E-M1 BODY - OLY EM1-109538 | EXTENSION CORD 10FT - EXTCORD10-109539 | META QUEST HEADSET - MQUEST HS-109540 | 
4342306,INDD,@inside.fixture.edu,0,04/14/2025 1:10 PM,04/17/2025 6:30 PM,04/24/2025 5:06 PM,878160,8,Returned: LOGITECH WIRELESS MOUSE - LOGI MOUSE-109541 | BENQ DATA PROJECTOR - BENQ PROJ-109542 | DELL XPS LAPTOP - DELL XPS-109543 | XLR CABLE 25FT - XLR25-109544 | NIKON Z6 III CAMERA CASE - NIKON Z6III CASE-109545 | MACBOOK AIR M3 CHARGER - MBA M3 CHRG-109546 | BENQ DATA PROJECTOR - BENQ PROJ-109547 | WACOM CINTIQ PEN - WACOM CINTIQ PEN-109548 | 
7454081,STDA,@inside.fixture.edu,1,04/14/2025 4:07 PM,04/21/2025 6:30 PM,04/21/2025 1:27 PM,595200,4,Returned: SANDISK 128GB SD CARD - SANDISK 128SD-109549 | WACOM ONE TABLET - WACOM ONE-109550 | EXTENSION CORD 10FT - EXTCORD10-109551 | XLR CABLE 15FT - XLR15-109552 | 
9106886,MDIA,@inside.fixture.edu,0,04/15/2025 8:32 AM,04/15/2025 6:30 PM,04/15/2025 1:34 PM,18120,4,Returned: ZOOM H5 RECORDER - ZOOM H5-109553 | LOGITECH WIRELESS MOUSE - LOGI MOUSE-109554 | WACOM ONE TABLET - WACOM ONE-109555 | HDMI CABLE 10FT - HDMI10-109556 | 
2789344,,@fixture.edu,0,04/17/2025 11:34 AM,04/17/2025 6:30 PM,04/17/2025 3:08 PM,12840,4,Returned: META QUEST CONTROLLER - MQUEST CTRL-109557 | GODOX LED LIGHT PANEL - GODOX LED-109558 | OLYMPUS OM-D E-M1 BODY - OLY EM1-109559 | PANASONIC S5 II BATTERY CHARGER - PANA S5II CHRG-109560 | 
4979651,GDES,@inside.fixture.edu,0,04/15/2025 10:53 AM,04/15/2025 6:30 PM,04/15/2025 2:20 PM,12420,20,Returned: SANDISK 64GB SD CARD - SANDISK 64SD-109561 | DELL XPS LAPTOP - DELL XPS-109562 | ZOOM H5 RECORDER - ZOOM H5-109563 | GODOX LED LIGHT PANEL - GODOX LED-109564 | DELL XPS LAPTOP - DELL XPS-109565 | MANFROTTO TRIPOD CASE - MANFRO CASE-109566 | XLR CABLE 25FT - XLR25-109567 | LOGITECH WIRELESS MOUSE - LOGI MOUSE-109568 | NIKON Z6 III BATTERY - NIKON Z6III BATT-109569 | INSTA360 X4 CAMERA - INSTA X4-109570 | DELL XPS LAPTOP - DELL XPS-109571 | OLYMPUS 12-40mm LENS - OLY 1240 LENS-109572 | GODOX POWER SUPPLY - GODOX PSU-109573 | LOGITECH WIRELESS MOUSE - LOGI MOUSE-109574 | MACBOOK AIR M3 LAPTOP - MBA M3-109575 | FUJIFILM X-T5 BODY - FUJI XT5-109576 | GODOX POWER SUPPLY - GODOX PSU-109577 | FUJIFILM X-T5 BATTERY - FUJI XT5 BATT-109578 | CARD READER - CARDRDR-109579 | LOGITECH WEBCAM - LOGI WEBCAM-109580 | 
7398231,,@fixture.edu,0,04/15/2025 2:03 PM,04/28/2025 6:30 PM,04/25/2025 1:29 PM,861960,8,Returned: NIKON Z6 III MIRRORLESS BODY - NIKON Z6III-109581 | RODE MIC BATTERY - RODE MIC BATT-109582 | WACOM CINTIQ TABLET - WACOM CINTIQ-109583 | XLR CABLE 25FT - XLR25-109584 | MACBOOK AIR M3 LAPTOP - MBA M3-109585 | MACBOOK AIR M3 CHARGER - MBA M3 CHRG-109586 | INSTA360 X4 CAMERA - INSTA X4-109587 | AUDIO-TECHNICA HEADPHONES - AT HEADPHONES-109588 | 
7022335,ANIM,@inside.fixture.edu,0,04/17/2025 6:05 PM,04/22/2025 6:30 PM,04/23/2025 5:15 PM,515400,10,Returned: EXTENSION CORD 10FT - EXTCORD10-109589 | RODE WIRELESS MIC - RODE WIRELESS-109590 | MANFROTTO TRIPOD - MANFRO TRIPOD-109591 | HUION DRAWING TABLET - HUION TABLET-109592 | WACOM ONE TABLET - WACOM ONE-109593 | LOGITECH WEBCAM - LOGI WEBCAM-109594 | DELL XPS LAPTOP CHARGER - DELL XPS CHRG-109595 | XLR CABLE 15FT - XLR15-109596 | MACBOOK AIR M3 CHARGER - MBA M3 CHRG-109597 | ZOOM H5 RECORDER - ZOOM H5-109598 | 
5963914,,@inside.fixture.edu,0,04/15/2025 6:36 PM,04/16/2025 6:30 PM,04/15/2025 6:39 PM,180,1,Returned: USB-C MULTIPORT HUB - USBC HUB-109599 | 
5953150,MDIA,@inside.fixture.edu,0,04/17/2025 6:06 PM,04/22/2025 6:30 PM,04/22/2025 5:10 PM,428640,4,Returned: XLR CABLE 15FT - XLR15-109600 | POWER STRIP - PWRSTRIP-109601 | INSTA360 X4 BATTERY - INSTA X4 BATT-109602 | USB-C MULTIPORT HUB - USBC HUB-109603 | 
1368085,GNRL,@inside.fixture.edu,0,04/16/2025 4:18 PM,04/16/2025 6:30 PM,04/17/2025 1:48 PM,77400,1,Returned: XLR CABLE 25FT - XLR25-109604 | 
7640518,,@inside.fixture.edu,0,04/16/2025 4:33 PM,04/17/2025 6:30 PM,04/18/2025 8:44 AM,144660,16,Returned: GODOX POWER SUPPLY - GODOX PSU-109605 | OLYMPUS 12-40mm LENS - OLY 1240 LENS-109606 | ZOOM H5 RECORDER - ZOOM H5-109607 | META QUEST CHARGING CABLE - MQUEST CABLE-109608 | WACOM CINTIQ PEN - WACOM CINTIQ PEN-109609 | PANASONIC S5 II BATTERY CHARGER - PANA S5II CHRG-109610 | LOGITECH WEBCAM - LOGI WEBCAM-109611 | BENQ DATA PROJECTOR - BENQ PROJ-109612 | MACBOOK AIR M3 LAPTOP - MBA M3-109613 | NIKON Z6 III BATTERY CHARGER - NIKON Z6III CHRG-109614 | MANFROTTO TRIPOD CASE - MANFRO CASE-109615 | FUJIFILM 18-55mm LENS - FUJI 1855 LENS-109616 | MACBOOK AIR M3 CHARGER - MBA M3 CHRG-109617 | XLR CABLE 15FT - XLR15-109618 | EQUIPMENT CRATE 12x12 - CRATE12-109619 | GODOX POWER SUPPLY - GODOX PSU-109620 | 
5605016,,@inside.fixture.edu,0,04/16/2025 5:19 PM,04/17/2025 6:30 PM,04/16/2025 5:56 PM,2220,1,Returned: LEXAR 128GB CF CARD - LEXAR CF128-109621 | 
1135861,ANIM,@inside.fixture.edu,1,04/16/2025 7:00 PM,04/21/2025 6:30 PM,04/21/2025 6:16 PM,429360,3,Returned: ZOOM H5 RECORDER - ZOOM H5-109622 | RODE WIRELESS MIC - RODE WIRELESS-109623 | LOGITECH WIRELESS MOUSE - LOGI MOUSE-109624 | 
1822825,,@fixture.edu,0,04/17/2025 12:47 PM,04/18/2025 6:30 PM,04/18/2025 1:54 PM,90420,3,Returned: USB-C MULTIPORT HUB - USBC HUB-109625 | PANASONIC S5 II BODY - PANA S5II-109626 | ZOOM H5 RECORDER CASE - ZOOM H5 CASE-109627 | 
9333700,ANIM,@inside.fixture.edu,0,04/17/2025 1:51 PM,04/21/2025 6:30 PM,04/25/2025 7:57 AM,669960,7,Returned: NIKON Z6 III MIRRORLESS BODY - NIKON Z6III-109628 | RODE MIC BATTERY - RODE MIC BATT-109629 | HUION DRAWING TABLET - HUION TABLET-109630 | WACOM CINTIQ PEN - WACOM CINTIQ PEN-109631 | ZOOM H5 RECORDER CASE - ZOOM H5 CASE-109632 | NIKON Z6 III BATTERY CHARGER - NIKON Z6III CHRG-109633 | BENQ DATA PROJECTOR - BENQ PROJ-109634 | 
5801541,,@fixture.edu,2,04/17/2025 2:50 PM,05/02/2025 6:30 PM,05/05/2025 3:04 PM,1556040,3,Returned: LEXAR 128GB CF CARD - LEXAR CF128-109635 | FUJIFILM X-T5 BODY - FUJI XT5-109636 | FUJIFILM X-T5 BATTERY - FUJI XT5 BATT-109637 | 
4860745,ANIM,@inside.fixture.edu,0,04/17/2025 3:26 PM,04/24/2025 6:30 PM,04/25/2025 8:10 AM,665040,12,Returned: EPSON PROJECTOR HDMI CABLE - EPSON PROJ HDMI-109638 | HUION DRAWING TABLET - HUION TABLET-109639 | DELL XPS LAPTOP - DELL XPS-109640 | MANFROTTO TRIPOD CASE - MANFRO CASE-109641 | INSTA360 X4 BATTERY - INSTA X4 BATT-109642 | GODOX POWER SUPPLY - GODOX PSU-109643 | LEXAR 128GB CF CARD - LEXAR CF128-109644 | LOGITECH WIRELESS MOUSE - LOGI MOUSE-109645 | LOGITECH WIRELESS MOUSE - LOGI MOUSE-109646 | BENQ DATA PROJECTOR - BENQ PROJ-109647 | LAPTOP SLEEVE CASE - LAPTOP SLEEVE-109648 | MACBOOK AIR M3 LAPTOP - MBA M3-109649 | 
6910964,,@inside.fixture.edu,0,04/17/2025 4:48 PM,04/17/2025 6:30 PM,04/21/2025 2:40 PM,337920,10,Returned: FUJIFILM X-T5 BODY - FUJI XT5-109650 | XLR CABLE 15FT - XLR15-109651 | OLYMPUS 12-40mm LENS - OLY 1240 LENS-109652 | INSTA360 X4 BATTERY - INSTA X4 BATT-109653 | GODOX LED LIGHT PANEL - GODOX LED-109654 | EQUIPMENT CRATE 12x12 - CRATE12-109655 | XLR CABLE 25FT - XLR25-109656 | INSTA360 X4 BATTERY - INSTA X4 BATT-109657 | FUJIFILM X-T5 BODY - FUJI XT5-109658 | META QUEST CHARGING CABLE - MQUEST CABLE-109659 | 
4674286,,@fixture.edu,0,04/17/2025 5:13 PM,04/21/2025 4:30 PM,04/17/2025 6:24 PM,4260,11,Returned: HDMI CABLE 10FT - HDMI10-109660 | DELL XPS LAPTOP - DELL XPS-109661 | NIKON Z6 III BATTERY - NIKON Z6III BATT-109662 | INSTA360 X4 CAMERA - INSTA X4-109663 | MANFROTTO TRIPOD - MANFRO TRIPOD-109664 | GODOX LED LIGHT PANEL - GODOX LED-109665 | EQUIPMENT CRATE 12x12 - CRATE12-109666 | USB KEYBOARD - USB KYBD-109667 | DELL XPS LAPTOP - DELL XPS-109668 | FUJIFILM 18-55mm LENS - FUJI 1855 LENS-109669 | PANASONIC S5 II BATTERY CHARGER - PANA S5II CHRG-109670 | 
4189885,,@inside.fixture.edu,0,04/17/2025 5:19 PM,04/17/2025 6:30 PM,04/17/2025 5:57 PM,2280,1,Returned: MANFROTTO TRIPOD - MANFRO TRIPOD-109671 | 
5204819,,@inside.fixture.edu,0,04/17/2025 5:54 PM,04/24/2025 6:30 PM,04/25/2025 9:53 AM,662340,7,Returned: RODE WIRELESS MIC - RODE WIRELESS-109672 | LAPTOP SLEEVE CASE - LAPTOP SLEEVE-109673 | USB KEYBOARD - USB KYBD-109674 | LEXAR 128GB CF CARD - LEXAR CF128-109675 | POWER STRIP - PWRSTRIP-109676 | XLR CABLE 15FT - XLR15-109677 | MACBOOK AIR M3 CHARGER - MBA M3 CHRG-109678 | 
3294774,,@inside.fixture.edu,0,04/17/2025 5:58 PM,04/17/2025 6:30 PM,04/18/2025 9:51 AM,57180,1,Returned: HDMI CABLE 10FT - HDMI10-109679 | 
2630140,,@fixture.edu,0,04/17/2025 7:16 PM,04/18/2025 3:30 PM,04/18/2025 12:04 AM,17280,1,Returned: DELL XPS LAPTOP CHARGER - DELL XPS CHRG-109680 | 
1661401,VIZD,@inside.fixture.edu,0,04/22/2025 7:59 AM,04/24/2025 4:00 PM,04/24/2025 1:38 PM,193140,7,Returned: HDMI CABLE 10FT - HDMI10-109681 | EXTENSION CORD 10FT - EXTCORD10-109682 | MANFROTTO TRIPOD CASE - MANFRO CASE-109683 | GODOX LIGHT STAND - GODOX STAND-109684 | WACOM ONE TABLET - WACOM ONE-109685 | META QUEST CONTROLLER - MQUEST CTRL-109686 | GODOX POWER SUPPLY - GODOX PSU-109687 | 
6183033,,@inside.fixture.edu,0,04/18/2025 11:03 AM,04/21/2025 6:30 PM,04/23/2025 2:03 PM,442800,13,Returned: MANFROTTO TRIPOD - MANFRO TRIPOD-109688 | AUDIO-TECHNICA HEADPHONES - AT HEADPHONES-109689 | NIKON Z6 III BATTERY - NIKON Z6III BATT-109690 | AUDIO-TECHNICA HEADPHONES - AT HEADPHONES-109691 | OLYMPUS OM-D E-M1 BODY - OLY EM1-109692 | MANFROTTO TRIPOD - MANFRO TRIPOD-109693 | WACOM CINTIQ PEN - WACOM CINTIQ PEN-109694 | INSTA360 X4 BATTERY - INSTA X4 BATT-109695 | RODE MIC BATTERY - RODE MIC BATT-109696 | SANDISK 128GB SD CARD - SANDISK 128SD-109697 | NIKON Z6 III MIRRORLESS BODY - NIKON Z6III-109698 | RODE MIC BATTERY - RODE MIC BATT-109699 | NIKON Z6 III CAMERA CASE - NIKON Z6III CASE-109700 | 
8395785,MDIA,@inside.fixture.edu,1,04/18/2025 11:45 AM,04/21/2025 6:30 PM,04/21/2025 8:21 AM,246960,20,Returned: MANFROTTO TRIPOD CASE - MANFRO CASE-109701 | EPSON PROJECTOR HDMI CABLE - EPSON PROJ HDMI-109702 | LOGITECH WIRELESS MOUSE - LOGI MOUSE-109703 | WACOM CINTIQ PEN - WACOM CINTIQ PEN-109704 | HUION DRAWING TABLET - HUION TABLET-109705 | ZOOM H5 RECORDER - ZOOM H5-109706 | XLR CABLE 25FT - XLR25-109707 | META QUEST CHARGING CABLE - MQUEST CABLE-109708 | NIKON Z6 III MIRRORLESS BODY - NIKON Z6III-109709 | ZOOM H5 RECORDER - ZOOM H5-109710 | ZOOM H5 RECORDER CASE - ZOOM H5 CASE-109711 | DELL XPS LAPTOP CHARGER - DELL XPS CHRG-109712 | MACBOOK AIR M3 LAPTOP - MBA M3-109713 | BENQ DATA PROJECTOR - BENQ PROJ-109714 | SANDISK 64GB SD CARD - SANDISK 64SD-109715 | EPSON PROJECTOR - EPSON PROJ-109716 | GODOX POWER SUPPLY - GODOX PSU-109717 | MANFROTTO TRIPOD - MANFRO TRIPOD-109718 | NIKON Z6 III BATTERY - NIKON Z6III BATT-109719 | USB KEYBOARD - USB KYBD-109720 | 
1559763,,@inside.fixture.edu,0,04/18/2025 11:56 AM,04/19/2025 6:30 PM,04/28/2025 12:14 PM,865080,4,Returned: INSTA360 X4 BATTERY - INSTA X4 BATT-109721 | HUION DRAWING TABLET - HUION TABLET-109722 | USB-C TO HDMI ADAPTER - USBC HDMI-109723 | ZOOM H5 RECORDER - ZOOM H5-109724 | 
7121355,MDIA,@inside.fixture.edu,0,04/18/2025 12:03 PM,04/19/2025 3:00 PM,04/19/2025 10:08 AM,79500,2,Returned: SANDISK 64GB SD CARD - SANDISK 64SD-109725 | INSTA360 X4 CASE - INSTA X4 CASE-109726 | 
3204724,,@fixture.edu,0,04/18/2025 4:21 PM,04/18/2025 6:30 PM,04/18/2025 6:23 PM,7320,2,Returned: XLR CABLE 15FT - XLR15-109727 | RODE WIRELESS MIC - RODE WIRELESS-109728 | 
2512187,MDIA,@inside.fixture.edu,0,04/18/2025 4:25 PM,04/22/2025 6:30 PM,04/18/2025 5:57 PM,5520,5,Returned: RODE MIC BATTERY - RODE MIC BATT-109729 | GODOX POWER SUPPLY - GODOX PSU-109730 | NIKON Z6 III BATTERY - NIKON Z6III BATT-109731 | HUION DRAWING TABLET - HUION TABLET-109732 | PANASONIC S5 II BODY - PANA S5II-109733 | 
5951131,MDIA,@inside.fixture.edu,0,04/18/2025 5:26 PM,04/22/2025 6:30 PM,04/22/2025 5:37 PM,346260,11,Returned: ZOOM H5 RECORDER CASE - ZOOM H5 CASE-109734 | DELL XPS LAPTOP - DELL XPS-109735 | INSTA360 X4 CASE - INSTA X4 CASE-109736 | NIKON Z6 III BATTERY - NIKON Z6III BATT-109737 | INSTA360 X4 BATTERY - INSTA X4 BATT-109738 | USB-C TO HDMI ADAPTER - USBC HDMI-109739 | MACBOOK AIR M3 CHARGER - MBA M3 CHRG-109740 | SANDISK 128GB SD CARD - SANDISK 128SD-109741 | META QUEST CONTROLLER - MQUEST CTRL-109742 | OLYMPUS OM-D E-M1 BODY - OLY EM1-109743 | WACOM ONE TABLET - WACOM ONE-109744 | 
6481437,MDIA,@inside.fixture.edu,0,04/18/2025 6:10 PM,04/18/2025 6:30 PM,04/21/2025 8:18 AM,223680,1,Returned: USB KEYBOARD - USB KYBD-109745 | 
7970985,IMAG,@inside.fixture.edu,0,04/18/2025 7:26 PM,04/22/2025 6:30 PM,04/24/2025 6:45 PM,515940,14,Returned: FUJIFILM X-T5 BATTERY - FUJI XT5 BATT-109746 | SANDISK 128GB SD CARD - SANDISK 128SD-109747 | INSTA360 X4 CASE - INSTA X4 CASE-109748 | WACOM CINTIQ TABLET - WACOM CINTIQ-109749 | PANASONIC S5 II BODY - PANA S5II-109750 | OLYMPUS 12-40mm LENS - OLY 1240 LENS-109751 | EXTENSION CORD 10FT - EXTCORD10-109752 | BENQ DATA PROJECTOR - BENQ PROJ-109753 | AUDIO-TECHNICA HEADPHONES - AT HEADPHONES-109754 | AUDIO-TECHNICA HEADPHONES - AT HEADPHONES-109755 | HDMI CABLE 10FT - HDMI10-109756 | AUDIO-TECHNICA HEADPHONES - AT HEADPHONES-109757 | WACOM CINTIQ PEN - WACOM CINTIQ PEN-109758 | RODE MIC BATTERY - RODE MIC BATT-109759 | 
3946751,GDES,@inside.fixture.edu,0,04/21/2025 9:00 AM,04/23/2025 6:00 PM,04/23/2025 11:36 AM,182160,10,Returned: ZOOM H5 RECORDER CASE - ZOOM H5 CASE-109760 | FUJIFILM X-T5 BATTERY - FUJI XT5 BATT-109761 | EQUIPMENT CRATE 12x12 - CRATE12-109762 | INSTA360 X4 CAMERA - INSTA X4-109763 | HDMI CABLE 10FT - HDMI10-109764 | RODE MIC BATTERY - RODE MIC BATT-109765 | USB-C MULTIPORT HUB - USBC HUB-109766 | XLR CABLE 25FT - XLR25-109767 | CARD READER - CARDRDR-109768 | MACBOOK AIR CHARGING CABLE - MBA CABLE-109769 | 
4368777,,@fixture.edu,1,04/23/2025 8:16 AM,04/29/2025 6:30 PM,04/29/2025 10:37 AM,526860,3,Returned: MACBOOK AIR M3 LAPTOP - MBA M3-109770 | LOGITECH WIRELESS MOUSE - LOGI MOUSE-109771 | DELL XPS LAPTOP CHARGER - DELL XPS CHRG-109772 | 
3217273,INDD,@inside.fixture.edu,0,04/21/2025 8:59 AM,04/23/2025 6:30 PM,04/24/2025 4:47 PM,287280,2,Returned: META QUEST CONTROLLER - MQUEST CTRL-109773 | PANASONIC S5 II BODY - PANA S5II-109774 | 
7138070,,@inside.fixture.edu,0,04/21/2025 11:33 AM,04/25/2025 6:30 PM,04/28/2025 3:04 PM,617460,6,Returned: MANFROTTO TRIPOD CASE - MANFRO CASE-109775 | USB-C MULTIPORT HUB - USBC HUB-109776 | ZOOM H5 RECORDER - ZOOM H5-109777 | MACBOOK AIR M3 LAPTOP - MBA M3-109778 | PANASONIC S5 II BODY - PANA S5II-109779 | META QUEST HEADSET - MQUEST HS-109780 | 
9906224,STDA,@inside.fixture.edu,0,04/21/2025 12:08 PM,04/23/2025 6:30 PM,04/23/2025 12:13 PM,173100,3,Returned: XLR CABLE 25FT - XLR25-109781 | GODOX LED LIGHT PANEL - GODOX LED-109782 | INSTA360 X4 BATTERY - INSTA X4 BATT-109783 | 
9418719,MDIA,@inside.fixture.edu,0,04/22/2025 8:00 AM,04/22/2025 5:00 PM,04/22/2025 5:54 PM,35640,9,Returned: AUDIO-TECHNICA HEADPHONES - AT HEADPHONES-109784 | GODOX LED LIGHT PANEL - GODOX LED-109785 | HUION DRAWING TABLET - HUION TABLET-109786 | OLYMPUS OM-D E-M1 BODY - OLY EM1-109787 | HUION DRAWING TABLET - HUION TABLET-109788 | INSTA360 X4 CASE - INSTA X4 CASE-109789 | WACOM CINTIQ PEN - WACOM CINTIQ PEN-109790 | BENQ DATA PROJECTOR - BENQ PROJ-109791 | INSTA360 X4 CAMERA - INSTA X4-109792 | 
5572250,VIZD,@inside.fixture.edu,0,04/24/2025 9:08 AM,04/25/2025 6:30 PM,04/25/2025 1:29 PM,102060,1,Returned: RODE MIC BATTERY - RODE MIC BATT-109793 | 
3760597,STDA,@inside.fixture.edu,0,04/21/2025 2:15 PM,04/26/2025 6:30 PM,04/28/2025 1:17 PM,601320,14,Returned: LEXAR 128GB CF CARD - LEXAR CF128-109794 | WACOM CINTIQ TABLET - WACOM CINTIQ-109795 | MACBOOK AIR M3 LAPTOP - MBA M3-109796 | FUJIFILM X-T5 BATTERY - FUJI XT5 BATT-109797 | XLR CABLE 15FT - XLR15-109798 | BENQ DATA PROJECTOR - BENQ PROJ-109799 | EQUIPMENT CRATE 12x12 - CRATE12-109800 | GODOX LED LIGHT PANEL - GODOX LED-109801 | USB-C TO HDMI ADAPTER - USBC HDMI-109802 | CARD READER - CARDRDR-109803 | USB KEYBOARD - USB KYBD-109804 | OLYMPUS 12-40mm LENS - OLY 1240 LENS-109805 | XLR CABLE 15FT - XLR15-109806 | EQUIPMENT CRATE 12x12 - CRATE12-109807 | 
5311242,MDIA,@inside.fixture.edu,0,04/21/2025 2:27 PM,04/22/2025 6:30 PM,04/22/2025 5:10 PM,96180,3,Returned: PANASONIC S5 II BODY - PANA S5II-109808 | META QUEST CHARGING CABLE - MQUEST CABLE-109809 | META QUEST CONTROLLER - MQUEST CTRL-109810 | 
9084065,,@inside.fixture.edu,0,04/21/2025 2:37 PM,04/28/2025 6:30 PM,04/22/2025 10:57 AM,73200,4,Returned: RODE MIC BATTERY - RODE MIC BATT-109811 | RODE WIRELESS MIC - RODE WIRELESS-109812 | META QUEST HEADSET - MQUEST HS-109813 | SANDISK 64GB SD CARD - SANDISK 64SD-109814 | 
5951651,STDA,@inside.fixture.edu,0,04/21/2025 3:04 PM,04/28/2025 6:30 PM,04/28/2025 12:30 PM,595560,8,Returned: MACBOOK AIR M3 LAPTOP - MBA M3-109815 | LEXAR 128GB CF CARD - LEXAR CF128-109816 | WACOM ONE TABLET - WACOM ONE-109817 | INSTA360 X4 CASE - INSTA X4 CASE-109818 | POWER STRIP - PWRSTRIP-109819 | INSTA360 X4 BATTERY - INSTA X4 BATT-109820 | MACBOOK AIR CHARGING CABLE - MBA CABLE-109821 | FUJIFILM 18-55mm LENS - FUJI 1855 LENS-109822 | 
6682698,,@inside.fixture.edu,0,04/21/2025 3:45 PM,04/25/2025 6:30 PM,04/28/2025 3:00 PM,602100,12,Returned: WACOM ONE TABLET - WACOM ONE-109823 | ZOOM H5 RECORDER - ZOOM H5-109824 | META QUEST CONTROLLER - MQUEST CTRL-109825 | OLYMPUS 12-40mm LENS - OLY 1240 LENS-109826 | MACBOOK AIR M3 LAPTOP - MBA M3-109827 | INSTA360 X4 CAMERA - INSTA X4-109828 | NIKON Z6 III MIRRORLESS BODY - NIKON Z6III-109829 | NIKON Z6 III BATTERY - NIKON Z6III BATT-109830 | GODOX POWER SUPPLY - GODOX PSU-109831 | CARD READER - CARDRDR-109832 | INSTA360 X4 CASE - INSTA X4 CASE-109833 | CARD READER - CARDRDR-109834 | 
2932227,IMAG,@inside.fixture.edu,0,04/21/2025 5:53 PM,04/22/2025 6:30 PM,04/23/2025 4:23 PM,167400,2,Returned: NIKON Z6 III CAMERA CASE - NIKON Z6III CASE-109835 | AUDIO-TECHNICA HEADPHONES - AT HEADPHONES-109836 | 
8857296,,@fixture.edu,0,04/22/2025 9:09 AM,04/22/2025 6:30 PM,04/22/2025 12:51 PM,13320,2,Returned: MANFROTTO TRIPOD - MANFRO TRIPOD-109837 | EPSON PROJECTOR HDMI CABLE - EPSON PROJ HDMI-109838 | 
2263313,INDD,@inside.fixture.edu,0,04/22/2025 10:02 AM,04/22/2025 6:30 PM,04/22/2025 1:06 PM,11040,1,Returned: FUJIFILM 18-55mm LENS - FUJI 1855 LENS-109839 | 
3361510,,@inside.fixture.edu,0,04/22/2025 12:28 PM,04/23/2025 6:30 PM,04/22/2025 3:00 PM,9120,5,Returned: EXTENSION CORD 10FT - EXTCORD10-109840 | GODOX LED LIGHT PANEL - GODOX LED-109841 | USB-C MULTIPORT HUB - USBC HUB-109842 | NIKON Z6 III BATTERY - NIKON Z6III BATT-109843 | MACBOOK AIR M3 CHARGER - MBA M3 CHRG-109844 | 
4785186,STDA,@inside.fixture.edu,0,04/22/2025 12:48 PM,04/28/2025 6:30 PM,04/28/2025 12:30 PM,517320,4,Returned: EPSON PROJECTOR HDMI CABLE - EPSON PROJ HDMI-109845 | RODE WIRELESS MIC - RODE WIRELESS-109846 | XLR CABLE 25FT - XLR25-109847 | LOGITECH WIRELESS MOUSE - LOGI MOUSE-109848 | 
7667458,MDIA,@inside.fixture.edu,0,04/22/2025 12:48 PM,04/23/2025 8:00 AM,04/22/2025 5:38 PM,17400,3,Returned: EXTENSION CORD 10FT - EXTCORD10-109849 | ZOOM H5 RECORDER CASE - ZOOM H5 CASE-109850 | EPSON PROJECTOR HDMI CABLE - EPSON PROJ HDMI-109851 | 
7136687,MDIA,@inside.fixture.edu,0,04/22/2025 1:54 PM,04/22/2025 6:30 PM,04/22/2025 5:37 PM,13380,1,Returned: LAPTOP SLEEVE CASE - LAPTOP SLEEVE-109852 | 
2515030,VIZD,@inside.fixture.edu,0,04/22/2025 2:44 PM,04/22/2025 6:30 PM,04/22/2025 4:51 PM,7620,10,Returned: GODOX LED LIGHT PANEL - GODOX LED-109853 | DELL XPS LAPTOP - DELL XPS-109854 | FUJIFILM 18-55mm LENS - FUJI 1855 LENS-109855 | OLYMPUS 12-40mm LENS - OLY 1240 LENS-109856 | MANFROTTO TRIPOD - MANFRO TRIPOD-109857 | LOGITECH WIRELESS MOUSE - LOGI MOUSE-109858 | HDMI CABLE 10FT - HDMI10-109859 | FUJIFILM 18-55mm LENS - FUJI 1855 LENS-109860 | PANASONIC S5 II BODY - PANA S5II-109861 | AUDIO-TECHNICA HEADPHONES - AT HEADPHONES-109862 | 
7619862,SPAC,@inside.fixture.edu,0,04/22/2025 3:41 PM,04/22/2025 6:30 PM,04/22/2025 4:49 PM,4080,4,Returned: ZOOM H5 RECORDER - ZOOM H5-109863 | META QUEST CONTROLLER - MQUEST CTRL-109864 | POWER STRIP - PWRSTRIP-109865 | SANDISK 64GB SD CARD - SANDISK 64SD-109866 | 
1233516,VIZD,@inside.fixture.edu,1,04/22/2025 3:43 PM,04/23/2025 6:30 PM,04/22/2025 6:24 PM,9660,2,Returned: FUJIFILM X-T5 BATTERY - FUJI XT5 BATT-109867 | GODOX LED LIGHT PANEL - GODOX LED-109868 | 
5436878,GNRL,@inside.fixture.edu,0,04/23/2025 8:18 AM,04/24/2025 6:30 PM,04/23/2025 1:12 PM,17640,1,Returned: FUJIFILM X-T5 BODY - FUJI XT5-109869 | 
3073474,,@inside.fixture.edu,0,04/22/2025 4:51 PM,04/25/2025 5:30 PM,04/28/2025 12:19 PM,502080,4,Returned: META QUEST HEADSET - MQUEST HS-109870 | MACBOOK AIR CHARGING CABLE - MBA CABLE-109871 | LEXAR 128GB CF CARD - LEXAR CF128-109872 | MANFROTTO TRIPOD - MANFRO TRIPOD-109873 | 
8630043,ANIM,@inside.fixture.edu,0,04/22/2025 4:55 PM,04/24/2025 6:30 PM,04/24/2025 1:12 PM,159420,2,Returned: RODE WIRELESS MIC - RODE WIRELESS-109874 | DELL XPS LAPTOP CHARGER - DELL XPS CHRG-109875 | 
7183841,,@inside.fixture.edu,0,04/22/2025 6:44 PM,04/25/2025 6:30 PM,04/28/2025 11:58 AM,494040,11,Returned: POWER STRIP - PWRSTRIP-109876 | EPSON PROJECTOR - EPSON PROJ-109877 | WACOM CINTIQ TABLET - WACOM CINTIQ-109878 | WACOM CINTIQ PEN - WACOM CINTIQ PEN-109879 | HDMI CABLE 10FT - HDMI10-109880 | OLYMPUS 12-40mm LENS - OLY 1240 LENS-109881 | MANFROTTO TRIPOD CASE - MANFRO CASE-109882 | SANDISK 128GB SD CARD - SANDISK 128SD-109883 | XLR CABLE 15FT - XLR15-109884 | ZOOM H5 RECORDER CASE - ZOOM H5 CASE-109885 | RODE WIRELESS MIC - RODE WIRELESS-109886 | 
5398338,,@inside.fixture.edu,0,04/23/2025 7:56 AM,04/25/2025 5:00 PM,04/28/2025 12:19 PM,447780,1,Returned: META QUEST CHARGING CABLE - MQUEST CABLE-109887 | 
7392547,,@fixture.edu,0,04/23/2025 9:36 AM,04/24/2025 6:30 PM,04/25/2025 2:00 PM,188640,4,Returned: OLYMPUS 12-40mm LENS - OLY 1240 LENS-109888 | HUION DRAWING TABLET - HUION TABLET-109889 | MACBOOK AIR M3 CHARGER - MBA M3 CHRG-109890 | DELL XPS LAPTOP CHARGER - DELL XPS CHRG-109891 | 
7232293,MDIA,@inside.fixture.edu,0,04/23/2025 11:34 AM,04/28/2025 6:30 PM,04/28/2025 12:02 PM,433680,3,Returned: RODE WIRELESS MIC - RODE WIRELESS-109892 | BENQ DATA PROJECTOR - BENQ PROJ-109893 | EPSON PROJECTOR - EPSON PROJ-109894 | 
2817745,,@inside.fixture.edu,0,04/23/2025 1:27 PM,04/28/2025 6:30 PM,04/28/2025 12:56 PM,430140,2,Returned: OLYMPUS 12-40mm LENS - OLY 1240 LENS-109895 | RODE WIRELESS MIC - RODE WIRELESS-109896 | 
4922880,VIZD,@inside.fixture.edu,0,04/23/2025 2:38 PM,04/23/2025 6:30 PM,04/24/2025 10:49 AM,72660,23,Returned: XLR CABLE 25FT - XLR25-109897 | GODOX LED LIGHT PANEL - GODOX LED-109898 | NIKON Z6 III BATTERY - NIKON Z6III BATT-109899 | SANDISK 64GB SD CARD - SANDISK 64SD-109900 | RODE WIRELESS MIC - RODE WIRELESS-109901 | WACOM CINTIQ PEN - WACOM CINTIQ PEN-109902 | MANFROTTO TRIPOD - MANFRO TRIPOD-109903 | EPSON PROJECTOR HDMI CABLE - EPSON PROJ HDMI-109904 | HDMI CABLE 10FT - HDMI10-109905 | INSTA360 X4 CASE - INSTA X4 CASE-109906 | AUDIO-TECHNICA HEADPHONES - AT HEADPHONES-109907 | HUION DRAWING TABLET - HUION TABLET-109908 | PANASONIC S5 II BODY - PANA S5II-109909 | ZOOM H5 RECORDER - ZOOM H5-109910 | OLYMPUS 12-40mm LENS - OLY 1240 LENS-109911 | USB KEYBOARD - USB KYBD-109912 | RODE MIC BATTERY - RODE MIC BATT-109913 | XLR CABLE 15FT - XLR15-109914 | CARD READER - CARDRDR-109915 | MACBOOK AIR M3 CHARGER - MBA M3 CHRG-109916 | PANASONIC S5 II BODY - PANA S5II-109917 | LAPTOP SLEEVE CASE - LAPTOP SLEEVE-109918 | PANASONIC S5 II BODY - PANA S5II-109919 | 
8910069,,@inside.fixture.edu,0,04/23/2025 3:24 PM,04/26/2025 3:22 PM,04/28/2025 2:42 PM,429480,2,Returned: META QUEST HEADSET - MQUEST HS-109920 | NIKON Z6 III MIRRORLESS BODY - NIKON Z6III-109921 | 
1419843,MDIA,@inside.fixture.edu,0,04/23/2025 3:29 PM,04/25/2025 6:30 PM,04/28/2025 2:42 PM,429180,2,Returned: INSTA360 X4 CAMERA - INSTA X4-109922 | ZOOM H5 RECORDER - ZOOM H5-109923 | 
6503032,,@inside.fixture.edu,0,04/23/2025 3:30 PM,04/25/2025 9:30 PM,04/29/2025 2:34 PM,515040,1,Returned: RODE MIC BATTERY - RODE MIC BATT-109924 | 
4713925,GNRL,@inside.fixture.edu,0,04/23/2025 4:16 PM,04/25/2025 6:30 PM,07/02/2025 5:39 PM,6052980,2,Returned: SANDISK 128GB SD CARD - SANDISK 128SD-109925 | MANFROTTO TRIPOD CASE - MANFRO CASE-109926 | 
2060605,,@inside.fixture.edu,0,04/23/2025 6:42 PM,04/25/2025 6:30 PM,06/20/2025 2:13 PM,4995060,4,Returned: EXTENSION CORD 10FT - EXTCORD10-109927 | POWER STRIP - PWRSTRIP-109928 | GODOX LED LIGHT PANEL - GODOX LED-109929 | ZOOM H5 RECORDER CASE - ZOOM H5 CASE-109930 | 
8789116,,@fixture.edu,0,04/24/2025 8:02 AM,04/24/2025 1:00 PM,04/24/2025 1:34 PM,19920,25,Returned: MACBOOK AIR M3 LAPTOP - MBA M3-109931 | META QUEST CONTROLLER - MQUEST CTRL-109932 | META QUEST HEADSET - MQUEST HS-109933 | USB KEYBOARD - USB KYBD-109934 | USB KEYBOARD - USB KYBD-109935 | POWER STRIP - PWRSTRIP-109936 | LAPTOP SLEEVE CASE - LAPTOP SLEEVE-109937 | SANDISK 128GB SD CARD - SANDISK 128SD-109938 | SANDISK 64GB SD CARD - SANDISK 64SD-109939 | GODOX LIGHT STAND - GODOX STAND-109940 | XLR CABLE 25FT - XLR25-109941 | FUJIFILM X-T5 BATTERY - FUJI XT5 BATT-109942 | ZOOM H5 RECORDER - ZOOM H5-109943 | NIKON Z6 III CAMERA CASE - NIKON Z6III CASE-109944 | USB-C TO HDMI ADAPTER - USBC HDMI-109945 | USB-C MULTIPORT HUB - USBC HUB-109946 | BENQ DATA PROJECTOR - BENQ PROJ-109947 | CARD READER - CARDRDR-109948 | INSTA360 X4 BATTERY - INSTA X4 BATT-109949 | NIKON Z6 III CAMERA CASE - NIKON Z6III CASE-109950 | WACOM CINTIQ TABLET - WACOM CINTIQ-109951 | LEXAR 128GB CF CARD - LEXAR CF128-109952 | MANFROTTO TRIPOD - MANFRO TRIPOD-109953 | BENQ DATA PROJECTOR - BENQ PROJ-109954 | GODOX POWER SUPPLY - GODOX PSU-109955 | 
6069909,ANIM,@inside.fixture.edu,0,04/24/2025 1:45 PM,04/28/2025 6:30 PM,04/28/2025 3:42 PM,352620,9,Returned: GODOX LED LIGHT PANEL - GODOX LED-109956 | LEXAR 128GB CF CARD - LEXAR CF128-109957 | GODOX POWER SUPPLY - GODOX PSU-109958 | MACBOOK AIR M3 LAPTOP - MBA M3-109959 | NIKON Z6 III BATTERY CHARGER - NIKON Z6III CHRG-109960 | WACOM ONE TABLET - WACOM ONE-109961 | USB-C TO HDMI ADAPTER - USBC HDMI-109962 | FUJIFILM X-T5 BATTERY - FUJI XT5 BATT-109963 | PANASONIC S5 II BATTERY CHARGER - PANA S5II CHRG-109964 | 
7850067,,@inside.fixture.edu,0,04/24/2025 1:52 PM,04/24/2025 6:30 PM,04/25/2025 2:39 PM,89220,1,Returned: LOGITECH WIRELESS MOUSE - LOGI MOUSE-109965 | 
2957497,,@inside.fixture.edu,0,04/24/2025 4:48 PM,04/25/2025 6:30 PM,04/28/2025 2:15 PM,336420,2,Returned: NIKON Z6 III CAMERA CASE - NIKON Z6III CASE-109966 | META QUEST HEADSET - MQUEST HS-109967 | 
3345069,STDA,@inside.fixture.edu,0,04/24/2025 6:03 PM,04/25/2025 5:30 PM,04/28/2025 12:14 PM,324660,10,Returned: LAPTOP SLEEVE CASE - LAPTOP SLEEVE-109968 | NIKON Z6 III CAMERA CASE - NIKON Z6III CASE-109969 | SANDISK 128GB SD CARD - SANDISK 128SD-109970 | WACOM CINTIQ PEN - WACOM CINTIQ PEN-109971 | WACOM CINTIQ TABLET - WACOM CINTIQ-109972 | MACBOOK AIR M3 LAPTOP - MBA M3-109973 | USB-C MULTIPORT HUB - USBC HUB-109974 | EXTENSION CORD 10FT - EXTCORD10-109975 | RODE MIC BATTERY - RODE MIC BATT-109976 | HUION DRAWING TABLET - HUION TABLET-109977 | 
1760793,ANIM,@inside.fixture.edu,0,04/25/2025 12:11 PM,04/28/2025 6:30 PM,04/28/2025 3:55 PM,272640,9,Returned: PANASONIC S5 II BATTERY CHARGER - PANA S5II CHRG-109978 | FUJIFILM 18-55mm LENS - FUJI 1855 LENS-109979 | FUJIFILM X-T5 BODY - FUJI XT5-109980 | PANASONIC S5 II BATTERY CHARGER - PANA S5II CHRG-109981 | USB-C MULTIPORT HUB - USBC HUB-109982 | SANDISK 64GB SD CARD - SANDISK 64SD-109983 | MACBOOK AIR M3 CHARGER - MBA M3 CHRG-109984 | WACOM CINTIQ TABLET - WACOM CINTIQ-109985 | WACOM CINTIQ TABLET - WACOM CINTIQ-109986 | 
1624315,MDIA,@inside.fixture.edu,0,04/25/2025 12:47 PM,04/25/2025 5:00 PM,04/25/2025 1:37 PM,3000,4,Returned: CARD READER - CARDRDR-109987 | FUJIFILM 18-55mm LENS - FUJI 1855 LENS-109988 | EQUIPMENT CRATE 12x12 - CRATE12-109989 | EXTENSION CORD 10FT - EXTCORD10-109990 | 
6106390,,@fixture.edu,0,04/25/2025 1:30 PM,05/19/2025 6:30 PM,06/03/2025 11:30 AM,3362400,9,Returned: PANASONIC S5 II BATTERY CHARGER - PANA S5II CHRG-109991 | LOGITECH WEBCAM - LOGI WEBCAM-109992 | WACOM ONE TABLET - WACOM ONE-109993 | MACBOOK AIR M3 LAPTOP - MBA M3-109994 | NIKON Z6 III MIRRORLESS BODY - NIKON Z6III-109995 | HDMI CABLE 10FT - HDMI10-109996 | WACOM ONE TABLET - WACOM ONE-109997 | MACBOOK AIR CHARGING CABLE - MBA CABLE-109998 | PANASONIC S5 II BODY - PANA S5II-109999 | 
9264869,INDD,@inside.fixture.edu,0,04/25/2025 2:21 PM,04/25/2025 6:30 PM,04/28/2025 11:50 AM,250140,16,Returned: MACBOOK AIR CHARGING CABLE - MBA CABLE-110000 | LAPTOP SLEEVE CASE - LAPTOP SLEEVE-110001 | INSTA360 X4 CAMERA - INSTA X4-110002 | RODE WIRELESS MIC - RODE WIRELESS-110003 | CARD READER - CARDRDR-110004 | LEXAR 128GB CF CARD - LEXAR CF128-110005 | MANFROTTO TRIPOD CASE - MANFRO CASE-110006 | USB-C TO HDMI ADAPTER - USBC HDMI-110007 | RODE WIRELESS MIC - RODE WIRELESS-110008 | DELL XPS LAPTOP CHARGER - DELL XPS CHRG-110009 | INSTA360 X4 BATTERY - INSTA X4 BATT-110010 | INSTA360 X4 CAMERA - INSTA X4-110011 | MACBOOK AIR M3 CHARGER - MBA M3 CHRG-110012 | RODE MIC BATTERY - RODE MIC BATT-110013 | INSTA360 X4 BATTERY - INSTA X4 BATT-110014 | MACBOOK AIR M3 LAPTOP - MBA M3-110015 | 
2948178,,@fixture.edu,1,04/30/2025 9:36 AM,05/05/2025 3:30 PM,05/05/2025 9:13 AM,430620,10,Returned: OLYMPUS 12-40mm LENS - OLY 1240 LENS-110016 | NIKON Z6 III CAMERA CASE - NIKON Z6III CASE-110017 | DELL XPS LAPTOP - DELL XPS-110018 | RODE WIRELESS MIC - RODE WIRELESS-110019 | META QUEST CONTROLLER - MQUEST CTRL-110020 | DELL XPS LAPTOP CHARGER - DELL XPS CHRG-110021 | GODOX LED LIGHT PANEL - GODOX LED-110022 | USB-C MULTIPORT HUB - USBC HUB-110023 | PANASONIC S5 II BATTERY CHARGER - PANA S5II CHRG-110024 | EXTENSION CORD 10FT - EXTCORD10-110025 | 
2630611,,@fixture.edu,0,04/30/2025 9:36 AM,05/02/2025 3:30 PM,05/02/2025 10:11 AM,174900,8,Returned: HDMI CABLE 10FT - HDMI10-110026 | SANDISK 64GB SD CARD - SANDISK 64SD-110027 | MACBOOK AIR CHARGING CABLE - MBA CABLE-110028 | RODE MIC BATTERY - RODE MIC BATT-110029 | USB-C MULTIPORT HUB - USBC HUB-110030 | FUJIFILM X-T5 BATTERY - FUJI XT5 BATT-110031 | RODE WIRELESS MIC - RODE WIRELESS-110032 | WACOM ONE TABLET - WACOM ONE-110033 | 
4939290,,@fixture.edu,0,05/12/2025 10:48 AM,05/14/2025 3:30 PM,05/13/2025 1:44 PM,96960,87,Returned: WACOM CINTIQ TABLET - WACOM CINTIQ-110034 | OLYMPUS 12-40mm LENS - OLY 1240 LENS-110035 | OLYMPUS 12-40mm LENS - OLY 1240 LENS-110036 | EXTENSION CORD 10FT - EXTCORD10-110037 | POWER STRIP - PWRSTRIP-110038 | USB KEYBOARD - USB KYBD-110039 | WACOM ONE TABLET - WACOM ONE-110040 | OLYMPUS 12-40mm LENS - OLY 1240 LENS-110041 | INSTA360 X4 CAMERA - INSTA X4-110042 | INSTA360 X4 BATTERY - INSTA X4 BATT-110043 | GODOX LED LIGHT PANEL - GODOX LED-110044 | POWER STRIP - PWRSTRIP-110045 | EXTENSION CORD 10FT - EXTCORD10-110046 | MANFROTTO TRIPOD - MANFRO TRIPOD-110047 | META QUEST CHARGING CABLE - MQUEST CABLE-110048 | MACBOOK AIR M3 LAPTOP - MBA M3-110049 | CARD READER - CARDRDR-110050 | RODE WIRELESS MIC - RODE WIRELESS-110051 | OLYMPUS OM-D E-M1 BODY - OLY EM1-110052 | ZOOM H5 RECORDER - ZOOM H5-110053 | ZOOM H5 RECORDER CASE - ZOOM H5 CASE-110054 | BENQ DATA PROJECTOR - BENQ PROJ-110055 | DELL XPS LAPTOP CHARGER - DELL XPS CHRG-110056 | DELL XPS LAPTOP - DELL XPS-110057 | XLR CABLE 25FT - XLR25-110058 | AUDIO-TECHNICA HEADPHONES - AT HEADPHONES-110059 | HDMI CABLE 10FT - HDMI10-110060 | AUDIO-TECHNICA HEADPHONES - AT HEADPHONES-110061 | INSTA360 X4 BATTERY - INSTA X4 BATT-110062 | ZOOM H5 RECORDER CASE - ZOOM H5 CASE-110063 | LOGITECH WEBCAM - LOGI WEBCAM-110064 | INSTA360 X4 BATTERY - INSTA X4 BATT-110065 | EXTENSION CORD 10FT - EXTCORD10-110066 | NIKON Z6 III BATTERY - NIKON Z6III BATT-110067 | EPSON PROJECTOR - EPSON PROJ-110068 | SANDISK 64GB SD CARD - SANDISK 64SD-110069 | EPSON PROJECTOR HDMI CABLE - EPSON PROJ HDMI-110070 | RODE WIRELESS MIC - RODE WIRELESS-110071 | XLR CABLE 15FT - XLR15-110072 | RODE MIC BATTERY - RODE MIC BATT-110073 | POWER STRIP - PWRSTRIP-110074 | RODE MIC BATTERY - RODE MIC BATT-110075 | USB-C TO HDMI ADAPTER - USBC HDMI-110076 | PANASONIC S5 II BATTERY CHARGER - PANA S5II CHRG-110077 | SANDISK 64GB SD CARD - SANDISK 64SD-110078 | MACBOOK AIR CHARGING CABLE - MBA CABLE-110079 | CARD READER - CARDRDR-110080 | FUJIFILM X-T5 BATTERY - FUJI XT5 BATT-110081 | LEXAR 128GB CF CARD - LEXAR CF128-110082 | RODE MIC BATTERY - RODE MIC BATT-110083 | MACBOOK AIR M3 CHARGER - MBA M3 CHRG-110084 | EPSON PROJECTOR HDMI CABLE - EPSON PROJ HDMI-110085 | MACBOOK AIR M3 LAPTOP - MBA M3-110086 | INSTA360 X4 BATTERY - INSTA X4 BATT-110087 | NIKON Z6 III BATTERY CHARGER - NIKON Z6III CHRG-110088 | GODOX LIGHT STAND - GODOX STAND-110089 | GODOX POWER SUPPLY - GODOX PSU-110090 | META QUEST HEADSET - MQUEST HS-110091 | MACBOOK AIR M3 CHARGER - MBA M3 CHRG-110092 | MANFROTTO TRIPOD CASE - MANFRO CASE-110093 | WACOM ONE TABLET - WACOM ONE-110094 | XLR CABLE 15FT - XLR15-110095 | FUJIFILM X-T5 BATTERY - FUJI XT5 BATT-110096 | GODOX LED LIGHT PANEL - GODOX LED-110097 | MANFROTTO TRIPOD CASE - MANFRO CASE-110098 | XLR CABLE 15FT - XLR15-110099 | META QUEST CONTROLLER - MQUEST CTRL-110100 | FUJIFILM 18-55mm LENS - FUJI 1855 LENS-110101 | OLYMPUS OM-D E-M1 BODY - OLY EM1-110102 | HDMI CABLE 10FT - HDMI10-110103 | RODE MIC BATTERY - RODE MIC BATT-110104 | EXTENSION CORD 10FT - EXTCORD10-110105 | AUDIO-TECHNICA HEADPHONES - AT HEADPHONES-110106 | OLYMPUS 12-40mm LENS - OLY 1240 LENS-110107 | OLYMPUS 12-40mm LENS - OLY 1240 LENS-110108 | RODE WIRELESS MIC - RODE WIRELESS-110109 | PANASONIC S5 II BATTERY CHARGER - PANA S5II CHRG-110110 | FUJIFILM X-T5 BODY - FUJI XT5-110111 | LEXAR 128GB CF CARD - LEXAR CF128-110112 | WACOM CINTIQ TABLET - WACOM CINTIQ-110113 | HDMI CABLE 10FT - HDMI10-110114 | MANFROTTO TRIPOD - MANFRO TRIPOD-110115 | USB-C MULTIPORT HUB - USBC HUB-110116 | RODE WIRELESS MIC - RODE WIRELESS-110117 | NIKON Z6 III BATTERY - NIKON Z6III BATT-110118 | EXTENSION CORD 10FT - EXTCORD10-110119 | NIKON Z6 III CAMERA CASE - NIKON Z6III CASE-110120 | 
3276065,,@fixture.edu,0,05/06/2025 9:24 AM,05/07/2025 6:30 PM,05/08/2025 11:09 AM,179100,18,Returned: POWER STRIP - PWRSTRIP-110121 | EPSON PROJECTOR HDMI CABLE - EPSON PROJ HDMI-110122 | RODE MIC BATTERY - RODE MIC BATT-110123 | USB KEYBOARD - USB KYBD-110124 | META QUEST HEADSET - MQUEST HS-110125 | DELL XPS LAPTOP CHARGER - DELL XPS CHRG-110126 | EQUIPMENT CRATE 12x12 - CRATE12-110127 | PANASONIC S5 II BATTERY CHARGER - PANA S5II CHRG-110128 | MACBOOK AIR M3 LAPTOP - MBA M3-110129 | MACBOOK AIR M3 LAPTOP - MBA M3-110130 | ZOOM H5 RECORDER - ZOOM H5-110131 | GODOX POWER SUPPLY - GODOX PSU-110132 | EPSON PROJECTOR - EPSON PROJ-110133 | MANFROTTO TRIPOD - MANFRO TRIPOD-110134 | HDMI CABLE 10FT - HDMI10-110135 | NIKON Z6 III BATTERY - NIKON Z6III BATT-110136 | FUJIFILM 18-55mm LENS - FUJI 1855 LENS-110137 | AUDIO-TECHNICA HEADPHONES - AT HEADPHONES-110138 | 
7520395,,@fixture.edu,1,05/09/2025 12:19 PM,06/04/2025 6:30 PM,07/07/2025 2:21 PM,5104920,14,Returned: XLR CABLE 25FT - XLR25-110139 | MACBOOK AIR M3 CHARGER - MBA M3 CHRG-110140 | NIKON Z6 III BATTERY CHARGER - NIKON Z6III CHRG-110141 | USB-C MULTIPORT HUB - USBC HUB-110142 | META QUEST CONTROLLER - MQUEST CTRL-110143 | LAPTOP SLEEVE CASE - LAPTOP SLEEVE-110144 | NIKON Z6 III MIRRORLESS BODY - NIKON Z6III-110145 | DELL XPS LAPTOP CHARGER - DELL XPS CHRG-110146 | NIKON Z6 III BATTERY - NIKON Z6III BATT-110147 | MACBOOK AIR CHARGING CABLE - MBA CABLE-110148 | POWER STRIP - PWRSTRIP-110149 | POWER STRIP - PWRSTRIP-110150 | MACBOOK AIR CHARGING CABLE - MBA CABLE-110151 | WACOM CINTIQ TABLET - WACOM CINTIQ-110152 | 
8610879,,@fixture.edu,0,05/12/2025 3:54 PM,05/31/2025 6:30 PM,05/13/2025 2:48 PM,82440,4,Returned: HUION DRAWING TABLET - HUION TABLET-110153 | BENQ DATA PROJECTOR - BENQ PROJ-110154 | WACOM CINTIQ TABLET - WACOM CINTIQ-110155 | INSTA360 X4 BATTERY - INSTA X4 BATT-110156 | 
7224540,,@fixture.edu,0,05/13/2025 10:00 AM,05/19/2025 6:30 PM,05/20/2025 8:42 AM,600120,7,Returned: EXTENSION CORD 10FT - EXTCORD10-110157 | USB-C MULTIPORT HUB - USBC HUB-110158 | POWER STRIP - PWRSTRIP-110159 | USB KEYBOARD - USB KYBD-110160 | FUJIFILM X-T5 BODY - FUJI XT5-110161 | META QUEST CONTROLLER - MQUEST CTRL-110162 | WACOM ONE TABLET - WACOM ONE-110163 | 
8031780,,@fixture.edu,1,05/14/2025 10:32 AM,06/02/2025 6:30 PM,06/03/2025 12:55 PM,1736580,3,Returned: INSTA360 X4 CASE - INSTA X4 CASE-110164 | HDMI CABLE 10FT - HDMI10-110165 | EXTENSION CORD 10FT - EXTCORD10-110166 | 
3592464,,@fixture.edu,1,05/14/2025 11:51 AM,06/26/2025 6:30 PM,06/26/2025 5:22 PM,3735060,4,Returned: DELL XPS LAPTOP - DELL XPS-110167 | MANFROTTO TRIPOD CASE - MANFRO CASE-110168 | DELL XPS LAPTOP CHARGER - DELL XPS CHRG-110169 | EQUIPMENT CRATE 12x12 - CRATE12-110170 | 
7960607,,@fixture.edu,0,05/21/2025 8:23 AM,06/26/2025 6:30 PM,06/26/2025 5:22 PM,3142740,4,Returned: BENQ DATA PROJECTOR - BENQ PROJ-110171 | GODOX LED LIGHT PANEL - GODOX LED-110172 | FUJIFILM X-T5 BODY - FUJI XT5-110173 | GODOX LED LIGHT PANEL - GODOX LED-110174 | 
2661307,,@fixture.edu,0,05/22/2025 1:47 PM,05/22/2025 7:00 PM,05/22/2025 7:00 PM,18780,25,Returned: ZOOM H5 RECORDER - ZOOM H5-110175 | USB-C MULTIPORT HUB - USBC HUB-110176 | EPSON PROJECTOR - EPSON PROJ-110177 | LOGITECH WIRELESS MOUSE - LOGI MOUSE-110178 | DELL XPS LAPTOP - DELL XPS-110179 | NIKON Z6 III BATTERY - NIKON Z6III BATT-110180 | WACOM CINTIQ TABLET - WACOM CINTIQ-110181 | NIKON Z6 III MIRRORLESS BODY - NIKON Z6III-110182 | LOGITECH WIRELESS MOUSE - LOGI MOUSE-110183 | NIKON Z6 III BATTERY - NIKON Z6III BATT-110184 | SANDISK 128GB SD CARD - SANDISK 128SD-110185 | DELL XPS LAPTOP - DELL XPS-110186 | MANFROTTO TRIPOD - MANFRO TRIPOD-110187 | SANDISK 128GB SD CARD - SANDISK 128SD-110188 | GODOX POWER SUPPLY - GODOX PSU-110189 | RODE MIC BATTERY - RODE MIC BATT-110190 | MACBOOK AIR M3 LAPTOP - MBA M3-110191 | GODOX LIGHT STAND - GODOX STAND-110192 | EXTENSION CORD 10FT - EXTCORD10-110193 | WACOM CINTIQ TABLET - WACOM CINTIQ-110194 | ZOOM H5 RECORDER CASE - ZOOM H5 CASE-110195 | EQUIPMENT CRATE 12x12 - CRATE12-110196 | CARD READER - CARDRDR-110197 | OLYMPUS 12-40mm LENS - OLY 1240 LENS-110198 | EXTENSION CORD 10FT - EXTCORD10-110199 | 
9209880,,@fixture.edu,0,05/29/2025 1:45 PM,05/29/2025 7:00 PM,05/29/2025 7:05 PM,19200,25,Returned: SANDISK 64GB SD CARD - SANDISK 64SD-110200 | PANASONIC S5 II BODY - PANA S5II-110201 | NIKON Z6 III BATTERY - NIKON Z6III BATT-110202 | WACOM ONE TABLET - WACOM ONE-110203 | USB KEYBOARD - USB KYBD-110204 | EXTENSION CORD 10FT - EXTCORD10-110205 | USB-C MULTIPORT HUB - USBC HUB-110206 | INSTA360 X4 CAMERA - INSTA X4-110207 | ZOOM H5 RECORDER - ZOOM H5-110208 | RODE MIC BATTERY - RODE MIC BATT-110209 | SANDISK 128GB SD CARD - SANDISK 128SD-110210 | SANDISK 64GB SD CARD - SANDISK 64SD-110211 | RODE WIRELESS MIC - RODE WIRELESS-110212 | DELL XPS LAPTOP - DELL XPS-110213 | MANFROTTO TRIPOD - MANFRO TRIPOD-110214 | META QUEST CHARGING CABLE - MQUEST CABLE-110215 | SANDISK 64GB SD CARD - SANDISK 64SD-110216 | ZOOM H5 RECORDER CASE - ZOOM H5 CASE-110217 | OLYMPUS OM-D E-M1 BODY - OLY EM1-110218 | META QUEST HEADSET - MQUEST HS-110219 | DELL XPS LAPTOP CHARGER - DELL XPS CHRG-110220 | LOGITECH WIRELESS MOUSE - LOGI MOUSE-110221 | XLR CABLE 15FT - XLR15-110222 | DELL XPS LAPTOP CHARGER - DELL XPS CHRG-110223 | BENQ DATA PROJECTOR - BENQ PROJ-110224 | 
7847048,,@fixture.edu,0,06/05/2025 1:47 PM,06/05/2025 7:00 PM,06/05/2025 6:55 PM,18480,25,Returned: BENQ DATA PROJECTOR - BENQ PROJ-110225 | XLR CABLE 15FT - XLR15-110226 | DELL XPS LAPTOP CHARGER - DELL XPS CHRG-110227 | XLR CABLE 25FT - XLR25-110228 | SANDISK 64GB SD CARD - SANDISK 64SD-110229 | XLR CABLE 15FT - XLR15-110230 | LOGITECH WEBCAM - LOGI WEBCAM-110231 | FUJIFILM X-T5 BATTERY - FUJI XT5 BATT-110232 | PANASONIC S5 II BODY - PANA S5II-110233 | META QUEST CONTROLLER - MQUEST CTRL-110234 | EPSON PROJECTOR HDMI CABLE - EPSON PROJ HDMI-110235 | FUJIFILM 18-55mm LENS - FUJI 1855 LENS-110236 | HDMI CABLE 10FT - HDMI10-110237 | FUJIFILM 18-55mm LENS - FUJI 1855 LENS-110238 | MACBOOK AIR M3 CHARGER - MBA M3 CHRG-110239 | WACOM ONE TABLET - WACOM ONE-110240 | HDMI CABLE 10FT - HDMI10-110241 | RODE MIC BATTERY - RODE MIC BATT-110242 | PANASONIC S5 II BATTERY CHARGER - PANA S5II CHRG-110243 | INSTA360 X4 CASE - INSTA X4 CASE-110244 | POWER STRIP - PWRSTRIP-110245 | ZOOM H5 RECORDER CASE - ZOOM H5 CASE-110246 | MANFROTTO TRIPOD - MANFRO TRIPOD-110247 | FUJIFILM 18-55mm LENS - FUJI 1855 LENS-110248 | MACBOOK AIR M3 LAPTOP - MBA M3-110249 | 
5693260,,@fixture.edu,0,06/12/2025 1:57 PM,06/12/2025 7:00 PM,06/12/2025 7:04 PM,18420,25,Returned: NIKON Z6 III MIRRORLESS BODY - NIKON Z6III-110250 | LOGITECH WEBCAM - LOGI WEBCAM-110251 | AUDIO-TECHNICA HEADPHONES - AT HEADPHONES-110252 | CARD READER - CARDRDR-110253 | ZOOM H5 RECORDER CASE - ZOOM H5 CASE-110254 | INSTA360 X4 CAMERA - INSTA X4-110255 | USB KEYBOARD - USB KYBD-110256 | DELL XPS LAPTOP - DELL XPS-110257 | USB KEYBOARD - USB KYBD-110258 | RODE WIRELESS MIC - RODE WIRELESS-110259 | INSTA360 X4 CASE - INSTA X4 CASE-110260 | FUJIFILM X-T5 BODY - FUJI XT5-110261 | GODOX LED LIGHT PANEL - GODOX LED-110262 | XLR CABLE 25FT - XLR25-110263 | MACBOOK AIR M3 LAPTOP - MBA M3-110264 | INSTA360 X4 CAMERA - INSTA X4-110265 | MANFROTTO TRIPOD CASE - MANFRO CASE-110266 | GODOX LED LIGHT PANEL - GODOX LED-110267 | RODE MIC BATTERY - RODE MIC BATT-110268 | OLYMPUS OM-D E-M1 BODY - OLY EM1-110269 | LEXAR 128GB CF CARD - LEXAR CF128-110270 | WACOM CINTIQ TABLET - WACOM CINTIQ-110271 | OLYMPUS OM-D E-M1 BODY - OLY EM1-110272 | OLYMPUS 12-40mm LENS - OLY 1240 LENS-110273 | EPSON PROJECTOR - EPSON PROJ-110274 | 
1548888,,@fixture.edu,0,08/07/2025 1:45 PM,08/07/2025 7:00 PM,08/07/2025 7:03 PM,19080,25,Returned: HDMI CABLE 10FT - HDMI10-110275 | NIKON Z6 III CAMERA CASE - NIKON Z6III CASE-110276 | LOGITECH WEBCAM - LOGI WEBCAM-110277 | CARD READER - CARDRDR-110278 | GODOX LIGHT STAND - GODOX STAND-110279 | XLR CABLE 15FT - XLR15-110280 | AUDIO-TECHNICA HEADPHONES - AT HEADPHONES-110281 | OLYMPUS 12-40mm LENS - OLY 1240 LENS-110282 | PANASONIC S5 II BODY - PANA S5II-110283 | META QUEST CHARGING CABLE - MQUEST CABLE-110284 | INSTA360 X4 BATTERY - INSTA X4 BATT-110285 | BENQ DATA PROJECTOR - BENQ PROJ-110286 | LOGITECH WEBCAM - LOGI WEBCAM-110287 | PANASONIC S5 II BODY - PANA S5II-110288 | EQUIPMENT CRATE 12x12 - CRATE12-110289 | FUJIFILM 18-55mm LENS - FUJI 1855 LENS-110290 | OLYMPUS 12-40mm LENS - OLY 1240 LENS-110291 | MACBOOK AIR CHARGING CABLE - MBA CABLE-110292 | RODE WIRELESS MIC - RODE WIRELESS-110293 | HUION DRAWING TABLET - HUION TABLET-110294 | META QUEST HEADSET - MQUEST HS-110295 | MANFROTTO TRIPOD - MANFRO TRIPOD-110296 | RODE MIC BATTERY - RODE MIC BATT-110297 | POWER STRIP - PWRSTRIP-110298 | ZOOM H5 RECORDER - ZOOM H5-110299 | 
7216461,,@fixture.edu,0,06/26/2025 1:51 PM,06/26/2025 7:00 PM,06/26/2025 6:54 PM,18180,25,Returned: EQUIPMENT CRATE 12x12 - CRATE12-110300 | NIKON Z6 III BATTERY - NIKON Z6III BATT-110301 | CARD READER - CARDRDR-110302 | META QUEST CONTROLLER - MQUEST CTRL-110303 | NIKON Z6 III BATTERY CHARGER - NIKON Z6III CHRG-110304 | XLR CABLE 15FT - XLR15-110305 | WACOM CINTIQ PEN - WACOM CINTIQ PEN-110306 | LAPTOP SLEEVE CASE - LAPTOP SLEEVE-110307 | OLYMPUS 12-40mm LENS - OLY 1240 LENS-110308 | NIKON Z6 III MIRRORLESS BODY - NIKON Z6III-110309 | META QUEST HEADSET - MQUEST HS-110310 | FUJIFILM X-T5 BATTERY - FUJI XT5 BATT-110311 | INSTA360 X4 CASE - INSTA X4 CASE-110312 | FUJIFILM 18-55mm LENS - FUJI 1855 LENS-110313 | MACBOOK AIR M3 CHARGER - MBA M3 CHRG-110314 | INSTA360 X4 CASE - INSTA X4 CASE-110315 | CARD READER - CARDRDR-110316 | USB-C MULTIPORT HUB - USBC HUB-110317 | OLYMPUS OM-D E-M1 BODY - OLY EM1-110318 | WACOM ONE TABLET - WACOM ONE-110319 | GODOX LED LIGHT PANEL - GODOX LED-110320 | RODE MIC BATTERY - RODE MIC BATT-110321 | MACBOOK AIR M3 LAPTOP - MBA M3-110322 | META QUEST HEADSET - MQUEST HS-110323 | OLYMPUS OM-D E-M1 BODY - OLY EM1-110324 | 
4645180,,@fixture.edu,0,07/03/2025 1:49 PM,07/03/2025 7:00 PM,07/03/2025 6:59 PM,18600,25,Returned: GODOX LIGHT STAND - GODOX STAND-110325 | XLR CABLE 15FT - XLR15-110326 | WACOM ONE TABLET - WACOM ONE-110327 | EPSON PROJECTOR HDMI CABLE - EPSON PROJ HDMI-110328 | MACBOOK AIR M3 CHARGER - MBA M3 CHRG-110329 | HDMI CABLE 10FT - HDMI10-110330 | USB KEYBOARD - USB KYBD-110331 | PANASONIC S5 II BATTERY CHARGER - PANA S5II CHRG-110332 | SANDISK 128GB SD CARD - SANDISK 128SD-110333 | OLYMPUS OM-D E-M1 BODY - OLY EM1-110334 | META QUEST CHARGING CABLE - MQUEST CABLE-110335 | SANDISK 128GB SD CARD - SANDISK 128SD-110336 | FUJIFILM X-T5 BODY - FUJI XT5-110337 | FUJIFILM X-T5 BATTERY - FUJI XT5 BATT-110338 | AUDIO-TECHNICA HEADPHONES - AT HEADPHONES-110339 | EQUIPMENT CRATE 12x12 - CRATE12-110340 | FUJIFILM X-T5 BATTERY - FUJI XT5 BATT-110341 | SANDISK 128GB SD CARD - SANDISK 128SD-110342 | PANASONIC S5 II BATTERY CHARGER - PANA S5II CHRG-110343 | GODOX LIGHT STAND - GODOX STAND-110344 | ZOOM H5 RECORDER - ZOOM H5-110345 | INSTA360 X4 BATTERY - INSTA X4 BATT-110346 | GODOX LIGHT STAND - GODOX STAND-110347 | LAPTOP SLEEVE CASE - LAPTOP SLEEVE-110348 | WACOM CINTIQ TABLET - WACOM CINTIQ-110349 | 
8438733,,@fixture.edu,0,07/10/2025 1:49 PM,07/10/2025 7:00 PM,07/10/2025 6:51 PM,18120,25,Returned: EQUIPMENT CRATE 12x12 - CRATE12-110350 | HDMI CABLE 10FT - HDMI10-110351 | OLYMPUS OM-D E-M1 BODY - OLY EM1-110352 | DELL XPS LAPTOP - DELL XPS-110353 | GODOX LIGHT STAND - GODOX STAND-110354 | WACOM CINTIQ TABLET - WACOM CINTIQ-110355 | META QUEST CHARGING CABLE - MQUEST CABLE-110356 | NIKON Z6 III BATTERY - NIKON Z6III BATT-110357 | META QUEST HEADSET - MQUEST HS-110358 | XLR CABLE 25FT - XLR25-110359 | NIKON Z6 III BATTERY CHARGER - NIKON Z6III CHRG-110360 | PANASONIC S5 II BATTERY CHARGER - PANA S5II CHRG-110361 | PANASONIC S5 II BATTERY CHARGER - PANA S5II CHRG-110362 | OLYMPUS OM-D E-M1 BODY - OLY EM1-110363 | NIKON Z6 III BATTERY - NIKON Z6III BATT-110364 | POWER STRIP - PWRSTRIP-110365 | OLYMPUS 12-40mm LENS - OLY 1240 LENS-110366 | RODE MIC BATTERY - RODE MIC BATT-110367 | WACOM CINTIQ TABLET - WACOM CINTIQ-110368 | MACBOOK AIR M3 CHARGER - MBA M3 CHRG-110369 | ZOOM H5 RECORDER - ZOOM H5-110370 | HUION DRAWING TABLET - HUION TABLET-110371 | LOGITECH WEBCAM - LOGI WEBCAM-110372 | WACOM CINTIQ TABLET - WACOM CINTIQ-110373 | DELL XPS LAPTOP CHARGER - DELL XPS CHRG-110374 | 
8460758,,@fixture.edu,0,07/17/2025 1:48 PM,07/17/2025 7:00 PM,07/17/2025 7:05 PM,19020,25,Returned: SANDISK 64GB SD CARD - SANDISK 64SD-110375 | HUION DRAWING TABLET - HUION TABLET-110376 | USB-C TO HDMI ADAPTER - USBC HDMI-110377 | FUJIFILM 18-55mm LENS - FUJI 1855 LENS-110378 | MANFROTTO TRIPOD CASE - MANFRO CASE-110379 | EXTENSION CORD 10FT - EXTCORD10-110380 | META QUEST CONTROLLER - MQUEST CTRL-110381 | ZOOM H5 RECORDER - ZOOM H5-110382 | META QUEST HEADSET - MQUEST HS-110383 | MANFROTTO TRIPOD - MANFRO TRIPOD-110384 | LOGITECH WEBCAM - LOGI WEBCAM-110385 | MACBOOK AIR M3 CHARGER - MBA M3 CHRG-110386 | USB-C TO HDMI ADAPTER - USBC HDMI-110387 | GODOX LIGHT STAND - GODOX STAND-110388 | GODOX LIGHT STAND - GODOX STAND-110389 | ZOOM H5 RECORDER - ZOOM H5-110390 | LAPTOP SLEEVE CASE - LAPTOP SLEEVE-110391 | NIKON Z6 III CAMERA CASE - NIKON Z6III CASE-110392 | XLR CABLE 15FT - XLR15-110393 | GODOX LED LIGHT PANEL - GODOX LED-110394 | INSTA360 X4 BATTERY - INSTA X4 BATT-110395 | FUJIFILM 18-55mm LENS - FUJI 1855 LENS-110396 | SANDISK 128GB SD CARD - SANDISK 128SD-110397 | MACBOOK AIR M3 LAPTOP - MBA M3-110398 | FUJIFILM 18-55mm LENS - FUJI 1855 LENS-110399 | 
4961312,,@fixture.edu,0,07/24/2025 1:47 PM,07/24/2025 7:00 PM,07/24/2025 7:03 PM,18960,25,Returned: USB-C TO HDMI ADAPTER - USBC HDMI-110400 | RODE WIRELESS MIC - RODE WIRELESS-110401 | EQUIPMENT CRATE 12x12 - CRATE12-110402 | RODE WIRELESS MIC - RODE WIRELESS-110403 | DELL XPS LAPTOP - DELL XPS-110404 | INSTA360 X4 CASE - INSTA X4 CASE-110405 | FUJIFILM X-T5 BODY - FUJI XT5-110406 | CARD READER - CARDRDR-110407 | MACBOOK AIR CHARGING CABLE - MBA CABLE-110408 | XLR CABLE 25FT - XLR25-110409 | META QUEST CHARGING CABLE - MQUEST CABLE-110410 | INSTA360 X4 CASE - INSTA X4 CASE-110411 | PANASONIC S5 II BATTERY CHARGER - PANA S5II CHRG-110412 | USB KEYBOARD - USB KYBD-110413 | SANDISK 128GB SD CARD - SANDISK 128SD-110414 | NIKON Z6 III MIRRORLESS BODY - NIKON Z6III-110415 | BENQ DATA PROJECTOR - BENQ PROJ-110416 | ZOOM H5 RECORDER CASE - ZOOM H5 CASE-110417 | WACOM ONE TABLET - WACOM ONE-110418 | OLYMPUS 12-40mm LENS - OLY 1240 LENS-110419 | CARD READER - CARDRDR-110420 | LAPTOP SLEEVE CASE - LAPTOP SLEEVE-110421 | LOGITECH WEBCAM - LOGI WEBCAM-110422 | ZOOM H5 RECORDER CASE - ZOOM H5 CASE-110423 | SANDISK 128GB SD CARD - SANDISK 128SD-110424 | 
7084862,,@fixture.edu,0,07/31/2025 1:47 PM,07/31/2025 7:00 PM,07/31/2025 7:04 PM,19020,25,Returned: INSTA360 X4 CAMERA - INSTA X4-110425 | USB-C MULTIPORT HUB - USBC HUB-110426 | XLR CABLE 15FT - XLR15-110427 | FUJIFILM X-T5 BATTERY - FUJI XT5 BATT-110428 | PANASONIC S5 II BODY - PANA S5II-110429 | HUION DRAWING TABLET - HUION TABLET-110430 | HUION DRAWING TABLET - HUION TABLET-110431 | USB KEYBOARD - USB KYBD-110432 | HDMI CABLE 10FT - HDMI10-110433 | OLYMPUS 12-40mm LENS - OLY 1240 LENS-110434 | META QUEST CHARGING CABLE - MQUEST CABLE-110435 | WACOM ONE TABLET - WACOM ONE-110436 | CARD READER - CARDRDR-110437 | MANFROTTO TRIPOD CASE - MANFRO CASE-110438 | INSTA360 X4 CAMERA - INSTA X4-110439 | INSTA360 X4 CAMERA - INSTA X4-110440 | RODE WIRELESS MIC - RODE WIRELESS-110441 | META QUEST HEADSET - MQUEST HS-110442 | INSTA360 X4 BATTERY - INSTA X4 BATT-110443 | META QUEST HEADSET - MQUEST HS-110444 | MACBOOK AIR M3 LAPTOP - MBA M3-110445 | OLYMPUS OM-D E-M1 BODY - OLY EM1-110446 | META QUEST CHARGING CABLE - MQUEST CABLE-110447 | NIKON Z6 III MIRRORLESS BODY - NIKON Z6III-110448 | LEXAR 128GB CF CARD - LEXAR CF128-110449 | 
2666893,,@fixture.edu,0,08/14/2025 1:47 PM,08/14/2025 7:00 PM,08/14/2025 7:00 PM,18780,25,Returned: USB-C TO HDMI ADAPTER - USBC HDMI-110450 | RODE MIC BATTERY - RODE MIC BATT-110451 | META QUEST CONTROLLER - MQUEST CTRL-110452 | WACOM ONE TABLET - WACOM ONE-110453 | INSTA360 X4 CAMERA - INSTA X4-110454 | NIKON Z6 III CAMERA CASE - NIKON Z6III CASE-110455 | AUDIO-TECHNICA HEADPHONES - AT HEADPHONES-110456 | OLYMPUS OM-D E-M1 BODY - OLY EM1-110457 | LOGITECH WIRELESS MOUSE - LOGI MOUSE-110458 | EXTENSION CORD 10FT - EXTCORD10-110459 | LOGITECH WEBCAM - LOGI WEBCAM-110460 | INSTA360 X4 CAMERA - INSTA X4-110461 | LEXAR 128GB CF CARD - LEXAR CF128-110462 | POWER STRIP - PWRSTRIP-110463 | GODOX LED LIGHT PANEL - GODOX LED-110464 | XLR CABLE 25FT - XLR25-110465 | PANASONIC S5 II BATTERY CHARGER - PANA S5II CHRG-110466 | LOGITECH WIRELESS MOUSE - LOGI MOUSE-110467 | NIKON Z6 III CAMERA CASE - NIKON Z6III CASE-110468 | INSTA360 X4 CAMERA - INSTA X4-110469 | MANFROTTO TRIPOD CASE - MANFRO CASE-110470 | META QUEST HEADSET - MQUEST HS-110471 | FUJIFILM 18-55mm LENS - FUJI 1855 LENS-110472 | BENQ DATA PROJECTOR - BENQ PROJ-110473 | META QUEST CHARGING CABLE - MQUEST CABLE-110474 | 
7162857,,@fixture.edu,0,05/15/2025 12:05 PM,06/02/2025 9:30 PM,06/02/2025 10:56 AM,1551060,4,Returned: OLYMPUS 12-40mm LENS - OLY 1240 LENS-110475 | DELL XPS LAPTOP CHARGER - DELL XPS CHRG-110476 | GODOX LIGHT STAND - GODOX STAND-110477 | HDMI CABLE 10FT - HDMI10-110478 | 
7017548,,@inside.fixture.edu,0,05/19/2025 8:13 AM,05/19/2025 5:00 PM,05/19/2025 9:44 AM,5460,5,Returned: NIKON Z6 III MIRRORLESS BODY - NIKON Z6III-110479 | FUJIFILM 18-55mm LENS - FUJI 1855 LENS-110480 | RODE MIC BATTERY - RODE MIC BATT-110481 | FUJIFILM X-T5 BATTERY - FUJI XT5 BATT-110482 | HUION DRAWING TABLET - HUION TABLET-110483 | 
2015861,,@fixture.edu,0,05/19/2025 8:16 AM,05/19/2025 6:30 PM,05/23/2025 1:02 PM,362760,8,Returned: MACBOOK AIR M3 LAPTOP - MBA M3-110484 | GODOX LIGHT STAND - GODOX STAND-110485 | RODE WIRELESS MIC - RODE WIRELESS-110486 | FUJIFILM 18-55mm LENS - FUJI 1855 LENS-110487 | BENQ DATA PROJECTOR - BENQ PROJ-110488 | DELL XPS LAPTOP CHARGER - DELL XPS CHRG-110489 | NIKON Z6 III CAMERA CASE - NIKON Z6III CASE-110490 | INSTA360 X4 BATTERY - INSTA X4 BATT-110491 | 
7679674,INDD,@inside.fixture.edu,1,05/19/2025 8:44 AM,08/22/2025 6:30 PM,08/22/2025 4:53 PM,8237340,4,Returned: META QUEST CONTROLLER - MQUEST CTRL-110492 | ZOOM H5 RECORDER - ZOOM H5-110493 | MANFROTTO TRIPOD - MANFRO TRIPOD-110494 | INSTA360 X4 CASE - INSTA X4 CASE-110495 | 
5628522,INDD,@inside.fixture.edu,1,05/19/2025 8:45 AM,08/22/2025 6:30 PM,08/22/2025 4:45 PM,8236800,5,Returned: XLR CABLE 15FT - XLR15-110496 | META QUEST HEADSET - MQUEST HS-110497 | FUJIFILM 18-55mm LENS - FUJI 1855 LENS-110498 | MACBOOK AIR M3 LAPTOP - MBA M3-110499 | WACOM CINTIQ PEN - WACOM CINTIQ PEN-110500 | 
4184459,INDD,@inside.fixture.edu,1,05/19/2025 9:31 AM,08/22/2025 6:30 PM,08/20/2025 6:06 PM,8066100,5,Returned: EQUIPMENT CRATE 12x12 - CRATE12-110501 | EPSON PROJECTOR - EPSON PROJ-110502 | POWER STRIP - PWRSTRIP-110503 | HDMI CABLE 10FT - HDMI10-110504 | SANDISK 128GB SD CARD - SANDISK 128SD-110505 | 
3049499,INDD,@inside.fixture.edu,1,05/19/2025 9:32 AM,08/22/2025 6:30 PM,08/25/2025 8:27 AM,8463300,5,Returned: FUJIFILM X-T5 BATTERY - FUJI XT5 BATT-110506 | INSTA360 X4 CASE - INSTA X4 CASE-110507 | WACOM ONE TABLET - WACOM ONE-110508 | WACOM CINTIQ PEN - WACOM CINTIQ PEN-110509 | ZOOM H5 RECORDER CASE - ZOOM H5 CASE-110510 | 
8628891,INDD,@inside.fixture.edu,1,05/19/2025 9:33 AM,08/22/2025 6:30 PM,08/26/2025 9:22 AM,8552940,5,Returned: CARD READER - CARDRDR-110511 | GODOX LIGHT STAND - GODOX STAND-110512 | USB KEYBOARD - USB KYBD-110513 | INSTA360 X4 CAMERA - INSTA X4-110514 | DELL XPS LAPTOP - DELL XPS-110515 | 
2538024,INDD,@inside.fixture.edu,1,05/19/2025 9:34 AM,08/22/2025 6:30 PM,08/25/2025 8:27 AM,8463180,5,Returned: GODOX LED LIGHT PANEL - GODOX LED-110516 | CARD READER - CARDRDR-110517 | MANFROTTO TRIPOD CASE - MANFRO CASE-110518 | EPSON PROJECTOR HDMI CABLE - EPSON PROJ HDMI-110519 | MANFROTTO TRIPOD CASE - MANFRO CASE-110520 | 
4558545,GNRL,@inside.fixture.edu,1,05/19/2025 9:36 AM,08/22/2025 6:30 PM,09/15/2025 10:26 AM,10284600,5,Returned: LEXAR 128GB CF CARD - LEXAR CF128-110521 | MACBOOK AIR CHARGING CABLE - MBA CABLE-110522 | DELL XPS LAPTOP - DELL XPS-110523 | LOGITECH WIRELESS MOUSE - LOGI MOUSE-110524 | INSTA360 X4 CASE - INSTA X4 CASE-110525 | 
1358318,INDD,@inside.fixture.edu,1,05/19/2025 9:37 AM,08/22/2025 6:30 PM,08/22/2025 12:09 PM,8217120,5,Returned: FUJIFILM X-T5 BODY - FUJI XT5-110526 | FUJIFILM X-T5 BATTERY - FUJI XT5 BATT-110527 | LOGITECH WEBCAM - LOGI WEBCAM-110528 | LEXAR 128GB CF CARD - LEXAR CF128-110529 | MACBOOK AIR CHARGING CABLE - MBA CABLE-110530 | 
1848566,INDD,@inside.fixture.edu,1,05/19/2025 9:39 AM,08/22/2025 6:30 PM,08/25/2025 8:22 AM,8462580,5,Returned: WACOM CINTIQ PEN - WACOM CINTIQ PEN-110531 | GODOX LIGHT STAND - GODOX STAND-110532 | FUJIFILM X-T5 BATTERY - FUJI XT5 BATT-110533 | EXTENSION CORD 10FT - EXTCORD10-110534 | EPSON PROJECTOR - EPSON PROJ-110535 | 
6595355,,@inside.fixture.edu,1,05/19/2025 9:39 AM,08/22/2025 6:30 PM,08/22/2025 4:54 PM,8234100,5,Returned: USB-C TO HDMI ADAPTER - USBC HDMI-110536 | USB KEYBOARD - USB KYBD-110537 | XLR CABLE 15FT - XLR15-110538 | LAPTOP SLEEVE CASE - LAPTOP SLEEVE-110539 | META QUEST CONTROLLER - MQUEST CTRL-110540 | 
5086407,,@inside.fixture.edu,1,05/19/2025 9:41 AM,08/22/2025 6:30 PM,08/22/2025 6:49 PM,8240880,5,Returned: XLR CABLE 25FT - XLR25-110541 | WACOM ONE TABLET - WACOM ONE-110542 | WACOM CINTIQ PEN - WACOM CINTIQ PEN-110543 | POWER STRIP - PWRSTRIP-110544 | INSTA360 X4 CAMERA - INSTA X4-110545 | 
3112652,,@inside.fixture.edu,0,05/19/2025 9:44 AM,08/22/2025 6:30 PM,08/15/2025 8:42 AM,7599480,5,Returned: WACOM CINTIQ TABLET - WACOM CINTIQ-110546 | FUJIFILM 18-55mm LENS - FUJI 1855 LENS-110547 | EXTENSION CORD 10FT - EXTCORD10-110548 | ZOOM H5 RECORDER CASE - ZOOM H5 CASE-110549 | GODOX LIGHT STAND - GODOX STAND-110550 | 
4442778,CRFT,@inside.fixture.edu,0,05/19/2025 10:51 AM,08/22/2025 6:30 PM,05/20/2025 8:19 AM,77280,5,Returned: META QUEST HEADSET - MQUEST HS-110551 | DELL XPS LAPTOP - DELL XPS-110552 | XLR CABLE 25FT - XLR25-110553 | BENQ DATA PROJECTOR - BENQ PROJ-110554 | ZOOM H5 RECORDER CASE - ZOOM H5 CASE-110555 | 
2151087,CRFT,@inside.fixture.edu,0,05/19/2025 10:52 AM,08/22/2025 6:30 PM,05/20/2025 8:16 AM,77040,5,Returned: POWER STRIP - PWRSTRIP-110556 | USB KEYBOARD - USB KYBD-110557 | WACOM CINTIQ TABLET - WACOM CINTIQ-110558 | LAPTOP SLEEVE CASE - LAPTOP SLEEVE-110559 | META QUEST CHARGING CABLE - MQUEST CABLE-110560 | 
4475523,,@fixture.edu,0,05/20/2025 8:31 AM,05/20/2025 7:00 PM,05/27/2025 12:45 PM,620040,4,Returned: LOGITECH WEBCAM - LOGI WEBCAM-110561 | HUION DRAWING TABLET - HUION TABLET-110562 | EXTENSION CORD 10FT - EXTCORD10-110563 | GODOX LIGHT STAND - GODOX STAND-110564 | 
4623062,CRFT,@inside.fixture.edu,0,05/19/2025 12:17 PM,05/19/2025 6:30 PM,05/19/2025 1:12 PM,3300,2,Returned: NIKON Z6 III BATTERY - NIKON Z6III BATT-110565 | WACOM CINTIQ TABLET - WACOM CINTIQ-110566 | 
4909069,VIZD,@inside.fixture.edu,0,05/21/2025 8:23 AM,05/22/2025 1:00 PM,05/21/2025 1:13 PM,17400,1,Returned: NIKON Z6 III BATTERY - NIKON Z6III BATT-110567 | 
6512314,,@fixture.edu,0,06/03/2025 12:52 PM,06/03/2025 7:00 PM,06/03/2025 6:31 PM,20340,3,Returned: INSTA360 X4 CAMERA - INSTA X4-110568 | FUJIFILM X-T5 BATTERY - FUJI XT5 BATT-110569 | META QUEST CONTROLLER - MQUEST CTRL-110570 | 
3475548,,@fixture.edu,0,06/10/2025 1:02 PM,06/10/2025 7:00 PM,06/10/2025 6:45 PM,20580,3,Returned: LOGITECH WEBCAM - LOGI WEBCAM-110571 | BENQ DATA PROJECTOR - BENQ PROJ-110572 | USB KEYBOARD - USB KYBD-110573 | 
1047572,,@fixture.edu,0,06/17/2025 12:39 PM,06/17/2025 7:00 PM,06/17/2025 6:26 PM,20820,3,Returned: LEXAR 128GB CF CARD - LEXAR CF128-110574 | LOGITECH WIRELESS MOUSE - LOGI MOUSE-110575 | ZOOM H5 RECORDER - ZOOM H5-110576 | 
5651899,,@fixture.edu,0,07/01/2025 8:15 AM,07/01/2025 7:00 PM,07/02/2025 8:04 AM,85740,3,Returned: INSTA360 X4 BATTERY - INSTA X4 BATT-110577 | LEXAR 128GB CF CARD - LEXAR CF128-110578 | DELL XPS LAPTOP CHARGER - DELL XPS CHRG-110579 | 
3427461,,@fixture.edu,0,06/02/2025 8:09 AM,06/02/2025 6:30 PM,06/06/2025 1:38 PM,365340,8,Returned: NIKON Z6 III BATTERY CHARGER - NIKON Z6III CHRG-110580 | MACBOOK AIR M3 LAPTOP - MBA M3-110581 | INSTA360 X4 CASE - INSTA X4 CASE-110582 | MANFROTTO TRIPOD - MANFRO TRIPOD-110583 | POWER STRIP - PWRSTRIP-110584 | SANDISK 64GB SD CARD - SANDISK 64SD-110585 | EXTENSION CORD 10FT - EXTCORD10-110586 | USB-C TO HDMI ADAPTER - USBC HDMI-110587 | 
3180906,,@fixture.edu,0,06/09/2025 8:06 AM,06/09/2025 6:30 PM,06/12/2025 4:38 PM,289920,8,Returned: RODE MIC BATTERY - RODE MIC BATT-110588 | AUDIO-TECHNICA HEADPHONES - AT HEADPHONES-110589 | ZOOM H5 RECORDER CASE - ZOOM H5 CASE-110590 | LOGITECH WEBCAM - LOGI WEBCAM-110591 | USB KEYBOARD - USB KYBD-110592 | CARD READER - CARDRDR-110593 | ZOOM H5 RECORDER - ZOOM H5-110594 | WACOM ONE TABLET - WACOM ONE-110595 | 
5205279,,@fixture.edu,0,06/16/2025 8:25 AM,06/16/2025 6:30 PM,06/18/2025 12:09 PM,186240,8,Returned: BENQ DATA PROJECTOR - BENQ PROJ-110596 | LOGITECH WIRELESS MOUSE - LOGI MOUSE-110597 | SANDISK 128GB SD CARD - SANDISK 128SD-110598 | LOGITECH WIRELESS MOUSE - LOGI MOUSE-110599 | FUJIFILM X-T5 BATTERY - FUJI XT5 BATT-110600 | EPSON PROJECTOR HDMI CABLE - EPSON PROJ HDMI-110601 | GODOX LED LIGHT PANEL - GODOX LED-110602 | RODE MIC BATTERY - RODE MIC BATT-110603 | 
3927575,,@fixture.edu,0,06/23/2025 8:07 AM,06/23/2025 6:30 PM,06/27/2025 1:27 PM,364800,8,Returned: MACBOOK AIR CHARGING CABLE - MBA CABLE-110604 | PANASONIC S5 II BATTERY CHARGER - PANA S5II CHRG-110605 | XLR CABLE 25FT - XLR25-110606 | MANFROTTO TRIPOD - MANFRO TRIPOD-110607 | EPSON PROJECTOR - EPSON PROJ-110608 | ZOOM H5 RECORDER CASE - ZOOM H5 CASE-110609 | LOGITECH WEBCAM - LOGI WEBCAM-110610 | META QUEST HEADSET - MQUEST HS-110611 | 
2844258,,@fixture.edu,1,06/30/2025 8:02 AM,07/09/2025 6:30 PM,07/11/2025 8:08 AM,950760,8,Returned: HDMI CABLE 10FT - HDMI10-110612 | INSTA360 X4 CAMERA - INSTA X4-110613 | RODE MIC BATTERY - RODE MIC BATT-110614 | FUJIFILM 18-55mm LENS - FUJI 1855 LENS-110615 | WACOM CINTIQ PEN - WACOM CINTIQ PEN-110616 | META QUEST HEADSET - MQUEST HS-110617 | EPSON PROJECTOR - EPSON PROJ-110618 | USB-C TO HDMI ADAPTER - USBC HDMI-110619 | 
1432519,,@fixture.edu,0,07/14/2025 8:56 AM,07/14/2025 6:30 PM,07/25/2025 1:06 PM,965400,8,Returned: HDMI CABLE 10FT - HDMI10-110620 | USB-C MULTIPORT HUB - USBC HUB-110621 | XLR CABLE 25FT - XLR25-110622 | EPSON PROJECTOR - EPSON PROJ-110623 | PANASONIC S5 II BATTERY CHARGER - PANA S5II CHRG-110624 | FUJIFILM X-T5 BODY - FUJI XT5-110625 | WACOM CINTIQ PEN - WACOM CINTIQ PEN-110626 | EQUIPMENT CRATE 12x12 - CRATE12-110627 | 
3211291,,@fixture.edu,0,07/25/2025 3:09 PM,07/28/2025 6:30 PM,07/28/2025 8:26 AM,235020,8,Returned: AUDIO-TECHNICA HEADPHONES - AT HEADPHONES-110628 | MANFROTTO TRIPOD - MANFRO TRIPOD-110629 | EPSON PROJECTOR HDMI CABLE - EPSON PROJ HDMI-110630 | USB-C MULTIPORT HUB - USBC HUB-110631 | XLR CABLE 25FT - XLR25-110632 | META QUEST CONTROLLER - MQUEST CTRL-110633 | FUJIFILM X-T5 BATTERY - FUJI XT5 BATT-110634 | INSTA360 X4 CAMERA - INSTA X4-110635 | 
1249314,,@fixture.edu,0,08/04/2025 8:40 AM,08/04/2025 6:30 PM,08/15/2025 12:42 PM,964920,8,Returned: LOGITECH WEBCAM - LOGI WEBCAM-110636 | EQUIPMENT CRATE 12x12 - CRATE12-110637 | RODE WIRELESS MIC - RODE WIRELESS-110638 | WACOM CINTIQ TABLET - WACOM CINTIQ-110639 | FUJIFILM X-T5 BODY - FUJI XT5-110640 | INSTA360 X4 CASE - INSTA X4 CASE-110641 | DELL XPS LAPTOP CHARGER - DELL XPS CHRG-110642 | NIKON Z6 III BATTERY CHARGER - NIKON Z6III CHRG-110643 | 
7010308,,@fixture.edu,0,08/08/2025 4:35 PM,08/11/2025 6:30 PM,08/12/2025 8:22 AM,316020,7,Returned: USB-C TO HDMI ADAPTER - USBC HDMI-110644 | GODOX LIGHT STAND - GODOX STAND-110645 | MANFROTTO TRIPOD CASE - MANFRO CASE-110646 | MACBOOK AIR CHARGING CABLE - MBA CABLE-110647 | LOGITECH WIRELESS MOUSE - LOGI MOUSE-110648 | INSTA360 X4 CASE - INSTA X4 CASE-110649 | LEXAR 128GB CF CARD - LEXAR CF128-110650 | 
4991829,CRFT,@inside.fixture.edu,0,05/19/2025 2:07 PM,08/22/2025 6:30 PM,05/20/2025 8:22 AM,65700,5,Returned: SANDISK 128GB SD CARD - SANDISK 128SD-110651 | GODOX LED LIGHT PANEL - GODOX LED-110652 | SANDISK 64GB SD CARD - SANDISK 64SD-110653 | NIKON Z6 III MIRRORLESS BODY - NIKON Z6III-110654 | LEXAR 128GB CF CARD - LEXAR CF128-110655 | 
6431983,INDD,@inside.fixture.edu,0,05/19/2025 2:14 PM,08/22/2025 6:30 PM,05/20/2025 8:20 AM,65160,5,Returned: NIKON Z6 III BATTERY - NIKON Z6III BATT-110656 | WACOM ONE TABLET - WACOM ONE-110657 | USB KEYBOARD - USB KYBD-110658 | AUDIO-TECHNICA HEADPHONES - AT HEADPHONES-110659 | USB-C TO HDMI ADAPTER - USBC HDMI-110660 | 
1264762,,@inside.fixture.edu,0,05/19/2025 2:15 PM,08/22/2025 6:30 PM,05/20/2025 8:13 AM,64680,5,Returned: WACOM CINTIQ TABLET - WACOM CINTIQ-110661 | AUDIO-TECHNICA HEADPHONES - AT HEADPHONES-110662 | USB KEYBOARD - USB KYBD-110663 | WACOM CINTIQ TABLET - WACOM CINTIQ-110664 | HUION DRAWING TABLET - HUION TABLET-110665 | 
3923366,IMAG,@inside.fixture.edu,0,05/19/2025 2:38 PM,05/23/2025 6:30 PM,05/22/2025 1:18 PM,254400,2,Returned: EQUIPMENT CRATE 12x12 - CRATE12-110666 | INSTA360 X4 BATTERY - INSTA X4 BATT-110667 | 
5452128,GNRL,@inside.fixture.edu,1,05/19/2025 3:28 PM,05/23/2025 6:30 PM,05/23/2025 1:11 PM,337380,2,Returned: HDMI CABLE 10FT - HDMI10-110668 | EPSON PROJECTOR - EPSON PROJ-110669 | 
1879109,CRFT,@inside.fixture.edu,0,05/20/2025 8:17 AM,08/22/2025 6:30 PM,09/17/2025 1:46 PM,10387740,5,Returned: INSTA360 X4 CASE - INSTA X4 CASE-110670 | LOGITECH WEBCAM - LOGI WEBCAM-110671 | MANFROTTO TRIPOD - MANFRO TRIPOD-110672 | XLR CABLE 15FT - XLR15-110673 | META QUEST HEADSET - MQUEST HS-110674 | 
3126655,CRFT,@inside.fixture.edu,0,05/20/2025 8:20 AM,08/22/2025 6:30 PM,08/22/2025 10:47 AM,8130420,5,Returned: META QUEST CHARGING CABLE - MQUEST CABLE-110675 | RODE MIC BATTERY - RODE MIC BATT-110676 | ZOOM H5 RECORDER CASE - ZOOM H5 CASE-110677 | INSTA360 X4 CAMERA - INSTA X4-110678 | OLYMPUS OM-D E-M1 BODY - OLY EM1-110679 | 
8062546,INDD,@inside.fixture.edu,0,05/20/2025 8:22 AM,08/22/2025 6:30 PM,05/30/2025 1:26 PM,882240,5,Returned: CARD READER - CARDRDR-110680 | INSTA360 X4 CASE - INSTA X4 CASE-110681 | LEXAR 128GB CF CARD - LEXAR CF128-110682 | USB-C MULTIPORT HUB - USBC HUB-110683 | OLYMPUS OM-D E-M1 BODY - OLY EM1-110684 | 
9826250,CRFT,@inside.fixture.edu,0,05/20/2025 8:23 AM,08/22/2025 6:30 PM,08/22/2025 10:47 AM,8130240,5,Returned: INSTA360 X4 BATTERY - INSTA X4 BATT-110685 | POWER STRIP - PWRSTRIP-110686 | MACBOOK AIR CHARGING CABLE - MBA CABLE-110687 | MACBOOK AIR M3 CHARGER - MBA M3 CHRG-110688 | RODE MIC BATTERY - RODE MIC BATT-110689 | 
2906718,,@fixture.edu,0,05/20/2025 11:51 AM,05/20/2025 6:30 PM,05/27/2025 8:10 AM,591540,5,Returned: LOGITECH WEBCAM - LOGI WEBCAM-110690 | WACOM ONE TABLET - WACOM ONE-110691 | EPSON PROJECTOR HDMI CABLE - EPSON PROJ HDMI-110692 | EPSON PROJECTOR HDMI CABLE - EPSON PROJ HDMI-110693 | GODOX LED LIGHT PANEL - GODOX LED-110694 | 
2066326,,@fixture.edu,0,05/27/2025 8:15 AM,05/27/2025 6:30 PM,06/09/2025 8:06 AM,1122660,5,Returned: USB-C TO HDMI ADAPTER - USBC HDMI-110695 | INSTA360 X4 CASE - INSTA X4 CASE-110696 | MACBOOK AIR M3 LAPTOP - MBA M3-110697 | WACOM CINTIQ TABLET - WACOM CINTIQ-110698 | NIKON Z6 III BATTERY CHARGER - NIKON Z6III CHRG-110699 | 
8990081,,@fixture.edu,0,06/03/2025 8:04 AM,06/03/2025 6:30 PM,06/04/2025 6:37 PM,124380,5,Returned: HUION DRAWING TABLET - HUION TABLET-110700 | MACBOOK AIR CHARGING CABLE - MBA CABLE-110701 | DELL XPS LAPTOP - DELL XPS-110702 | INSTA360 X4 CAMERA - INSTA X4-110703 | PANASONIC S5 II BODY - PANA S5II-110704 | 
8520810,,@fixture.edu,0,06/10/2025 8:06 AM,06/10/2025 6:30 PM,06/12/2025 4:37 PM,203460,5,Returned: USB-C TO HDMI ADAPTER - USBC HDMI-110705 | USB-C TO HDMI ADAPTER - USBC HDMI-110706 | NIKON Z6 III CAMERA CASE - NIKON Z6III CASE-110707 | ZOOM H5 RECORDER CASE - ZOOM H5 CASE-110708 | CARD READER - CARDRDR-110709 | 
7074006,,@fixture.edu,0,06/17/2025 8:48 AM,06/17/2025 6:30 PM,06/30/2025 8:12 AM,1121040,5,Returned: OLYMPUS 12-40mm LENS - OLY 1240 LENS-110710 | GODOX POWER SUPPLY - GODOX PSU-110711 | NIKON Z6 III CAMERA CASE - NIKON Z6III CASE-110712 | EPSON PROJECTOR HDMI CABLE - EPSON PROJ HDMI-110713 | WACOM CINTIQ TABLET - WACOM CINTIQ-110714 | 
9610704,,@fixture.edu,0,06/24/2025 8:04 AM,06/24/2025 6:30 PM,06/26/2025 5:39 PM,207300,5,Returned: INSTA360 X4 CAMERA - INSTA X4-110715 | BENQ DATA PROJECTOR - BENQ PROJ-110716 | EPSON PROJECTOR HDMI CABLE - EPSON PROJ HDMI-110717 | MACBOOK AIR M3 CHARGER - MBA M3 CHRG-110718 | EPSON PROJECTOR - EPSON PROJ-110719 | 
2829622,,@fixture.edu,2,07/01/2025 8:12 AM,07/15/2025 6:30 PM,07/24/2025 3:05 PM,2011980,5,Returned: META QUEST CHARGING CABLE - MQUEST CABLE-110720 | INSTA360 X4 CASE - INSTA X4 CASE-110721 | SANDISK 64GB SD CARD - SANDISK 64SD-110722 | DELL XPS LAPTOP CHARGER - DELL XPS CHRG-110723 | USB-C MULTIPORT HUB - USBC HUB-110724 | 
8583392,,@fixture.edu,0,07/08/2025 9:55 AM,07/08/2025 6:30 PM,07/08/2025 10:31 AM,2160,5,Returned: GODOX POWER SUPPLY - GODOX PSU-110725 | ZOOM H5 RECORDER - ZOOM H5-110726 | WACOM CINTIQ TABLET - WACOM CINTIQ-110727 | EQUIPMENT CRATE 12x12 - CRATE12-110728 | INSTA360 X4 CAMERA - INSTA X4-110729 | 
9453010,,@fixture.edu,0,07/22/2025 8:06 AM,07/22/2025 6:30 PM,07/24/2025 3:13 PM,198420,5,Returned: OLYMPUS OM-D E-M1 BODY - OLY EM1-110730 | USB-C MULTIPORT HUB - USBC HUB-110731 | GODOX POWER SUPPLY - GODOX PSU-110732 | RODE MIC BATTERY - RODE MIC BATT-110733 | NIKON Z6 III MIRRORLESS BODY - NIKON Z6III-110734 | 
4716988,,@fixture.edu,0,07/29/2025 8:20 AM,07/29/2025 6:30 PM,08/11/2025 2:46 PM,1146360,5,Returned: WACOM ONE TABLET - WACOM ONE-110735 | EPSON PROJECTOR HDMI CABLE - EPSON PROJ HDMI-110736 | ZOOM H5 RECORDER CASE - ZOOM H5 CASE-110737 | FUJIFILM 18-55mm LENS - FUJI 1855 LENS-110738 | INSTA360 X4 BATTERY - INSTA X4 BATT-110739 | 
1727544,,@fixture.edu,0,08/05/2025 8:08 AM,08/05/2025 6:30 PM,08/08/2025 8:06 AM,259080,5,Returned: WACOM ONE TABLET - WACOM ONE-110740 | USB-C MULTIPORT HUB - USBC HUB-110741 | BENQ DATA PROJECTOR - BENQ PROJ-110742 | BENQ DATA PROJECTOR - BENQ PROJ-110743 | LEXAR 128GB CF CARD - LEXAR CF128-110744 | 
9748499,,@fixture.edu,0,08/12/2025 8:12 AM,08/12/2025 6:30 PM,08/18/2025 8:47 AM,520500,5,Returned: WACOM ONE TABLET - WACOM ONE-110745 | HDMI CABLE 10FT - HDMI10-110746 | PANASONIC S5 II BODY - PANA S5II-110747 | PANASONIC S5 II BODY - PANA S5II-110748 | GODOX LED LIGHT PANEL - GODOX LED-110749 | 
6060517,,@fixture.edu,0,05/29/2025 9:23 AM,05/30/2025 6:30 PM,05/30/2025 9:23 AM,86400,14,Returned: MACBOOK AIR CHARGING CABLE - MBA CABLE-110750 | FUJIFILM 18-55mm LENS - FUJI 1855 LENS-110751 | FUJIFILM X-T5 BODY - FUJI XT5-110752 | INSTA360 X4 CAMERA - INSTA X4-110753 | WACOM CINTIQ TABLET - WACOM CINTIQ-110754 | INSTA360 X4 CAMERA - INSTA X4-110755 | XLR CABLE 25FT - XLR25-110756 | AUDIO-TECHNICA HEADPHONES - AT HEADPHONES-110757 | EPSON PROJECTOR - EPSON PROJ-110758 | OLYMPUS OM-D E-M1 BODY - OLY EM1-110759 | ZOOM H5 RECORDER - ZOOM H5-110760 | FUJIFILM X-T5 BATTERY - FUJI XT5 BATT-110761 | ZOOM H5 RECORDER CASE - ZOOM H5 CASE-110762 | EPSON PROJECTOR - EPSON PROJ-110763 | 
8684678,VIZD,@inside.fixture.edu,0,05/21/2025 1:13 PM,05/22/2025 6:30 PM,05/21/2025 5:52 PM,16740,8,Returned: EQUIPMENT CRATE 12x12 - CRATE12-110764 | MACBOOK AIR CHARGING CABLE - MBA CABLE-110765 | PANASONIC S5 II BATTERY CHARGER - PANA S5II CHRG-110766 | AUDIO-TECHNICA HEADPHONES - AT HEADPHONES-110767 | SANDISK 128GB SD CARD - SANDISK 128SD-110768 | INSTA360 X4 CASE - INSTA X4 CASE-110769 | HUION DRAWING TABLET - HUION TABLET-110770 | ZOOM H5 RECORDER - ZOOM H5-110771 | 
1522621,,@fixture.edu,1,05/21/2025 1:54 PM,06/06/2025 6:30 PM,06/06/2025 11:26 AM,1373520,1,Returned: HDMI CABLE 10FT - HDMI10-110772 | 
2020480,,@fixture.edu,0,05/21/2025 5:01 PM,05/21/2025 6:30 PM,05/21/2025 5:11 PM,600,3,Returned: LAPTOP SLEEVE CASE - LAPTOP SLEEVE-110773 | NIKON Z6 III BATTERY - NIKON Z6III BATT-110774 | WACOM ONE TABLET - WACOM ONE-110775 | 
9035982,VIZD,@inside.fixture.edu,0,05/22/2025 12:12 PM,05/26/2025 6:30 PM,05/27/2025 4:28 PM,447360,5,Returned: INSTA360 X4 CASE - INSTA X4 CASE-110776 | NIKON Z6 III CAMERA CASE - NIKON Z6III CASE-110777 | XLR CABLE 15FT - XLR15-110778 | PANASONIC S5 II BODY - PANA S5II-110779 | INSTA360 X4 CAMERA - INSTA X4-110780 | 
7738019,ANIM,@inside.fixture.edu,0,05/22/2025 2:34 PM,05/23/2025 6:30 PM,05/23/2025 1:34 PM,82800,7,Returned: USB-C MULTIPORT HUB - USBC HUB-110781 | NIKON Z6 III MIRRORLESS BODY - NIKON Z6III-110782 | XLR CABLE 25FT - XLR25-110783 | NIKON Z6 III BATTERY - NIKON Z6III BATT-110784 | META QUEST HEADSET - MQUEST HS-110785 | USB-C TO HDMI ADAPTER - USBC HDMI-110786 | CARD READER - CARDRDR-110787 | 
8151684,,@fixture.edu,1,05/22/2025 3:33 PM,06/27/2025 6:30 PM,06/25/2025 2:05 PM,2932320,4,Returned: INSTA360 X4 CAMERA - INSTA X4-110788 | PANASONIC S5 II BATTERY CHARGER - PANA S5II CHRG-110789 | HUION DRAWING TABLET - HUION TABLET-110790 | PANASONIC S5 II BODY - PANA S5II-110791 | 
2811298,MDSV,@fixture.edu,0,06/05/2025 10:41 AM,06/10/2025 6:30 PM,06/09/2025 1:29 PM,355680,34,Returned: SANDISK 128GB SD CARD - SANDISK 128SD-110792 | ZOOM H5 RECORDER - ZOOM H5-110793 | CARD READER - CARDRDR-110794 | META QUEST CONTROLLER - MQUEST CTRL-110795 | WACOM CINTIQ PEN - WACOM CINTIQ PEN-110796 | WACOM CINTIQ TABLET - WACOM CINTIQ-110797 | META QUEST HEADSET - MQUEST HS-110798 | EPSON PROJECTOR - EPSON PROJ-110799 | EQUIPMENT CRATE 12x12 - CRATE12-110800 | PANASONIC S5 II BODY - PANA S5II-110801 | OLYMPUS 12-40mm LENS - OLY 1240 LENS-110802 | LOGITECH WIRELESS MOUSE - LOGI MOUSE-110803 | NIKON Z6 III BATTERY - NIKON Z6III BATT-110804 | NIKON Z6 III BATTERY CHARGER - NIKON Z6III CHRG-110805 | USB-C MULTIPORT HUB - USBC HUB-110806 | INSTA360 X4 CAMERA - INSTA X4-110807 | META QUEST CHARGING CABLE - MQUEST CABLE-110808 | LOGITECH WEBCAM - LOGI WEBCAM-110809 | RODE MIC BATTERY - RODE MIC BATT-110810 | RODE WIRELESS MIC - RODE WIRELESS-110811 | ZOOM H5 RECORDER CASE - ZOOM H5 CASE-110812 | PANASONIC S5 II BODY - PANA S5II-110813 | LAPTOP SLEEVE CASE - LAPTOP SLEEVE-110814 | META QUEST HEADSET - MQUEST HS-110815 | MACBOOK AIR CHARGING CABLE - MBA CABLE-110816 | WACOM ONE TABLET - WACOM ONE-110817 | INSTA360 X4 CASE - INSTA X4 CASE-110818 | META QUEST CONTROLLER - MQUEST CTRL-110819 | META QUEST CHARGING CABLE - MQUEST CABLE-110820 | META QUEST CHARGING CABLE - MQUEST CABLE-110821 | USB-C TO HDMI ADAPTER - USBC HDMI-110822 | XLR CABLE 25FT - XLR25-110823 | DELL XPS LAPTOP CHARGER - DELL XPS CHRG-110824 | FUJIFILM 18-55mm LENS - FUJI 1855 LENS-110825 | 
9225346,,@fixture.edu,0,05/23/2025 10:51 AM,06/26/2025 6:30 PM,06/26/2025 4:31 PM,2958000,4,Returned: USB-C TO HDMI ADAPTER - USBC HDMI-110826 | ZOOM H5 RECORDER - ZOOM H5-110827 | XLR CABLE 15FT - XLR15-110828 | LEXAR 128GB CF CARD - LEXAR CF128-110829 | 
8441741,VIZD,@inside.fixture.edu,1,05/23/2025 1:09 PM,05/28/2025 6:30 PM,05/29/2025 8:14 AM,500700,6,Returned: LOGITECH WEBCAM - LOGI WEBCAM-110830 | PANASONIC S5 II BATTERY CHARGER - PANA S5II CHRG-110831 | AUDIO-TECHNICA HEADPHONES - AT HEADPHONES-110832 | ZOOM H5 RECORDER CASE - ZOOM H5 CASE-110833 | META QUEST CONTROLLER - MQUEST CTRL-110834 | META QUEST CONTROLLER - MQUEST CTRL-110835 | 
2232969,DRAW,@inside.fixture.edu,1,05/23/2025 4:25 PM,05/28/2025 6:30 PM,05/28/2025 1:34 PM,421740,3,Returned: LOGITECH WEBCAM - LOGI WEBCAM-110836 | META QUEST CONTROLLER - MQUEST CTRL-110837 | EPSON PROJECTOR - EPSON PROJ-110838 | 
2355439,DRAW,@inside.fixture.edu,1,05/23/2025 5:56 PM,05/27/2025 6:30 PM,05/27/2025 2:51 PM,334500,1,Returned: USB KEYBOARD - USB KYBD-110839 | 
6404139,,@inside.fixture.edu,1,05/23/2025 5:57 PM,05/27/2025 6:30 PM,05/27/2025 2:51 PM,334440,1,Returned: FUJIFILM X-T5 BATTERY - FUJI XT5 BATT-110840 | 
3488628,DRAW,@inside.fixture.edu,1,05/23/2025 5:58 PM,05/27/2025 6:30 PM,05/27/2025 1:51 PM,330780,1,Returned: LAPTOP SLEEVE CASE - LAPTOP SLEEVE-110841 | 
2101965,DRAW,@inside.fixture.edu,0,05/23/2025 5:59 PM,05/27/2025 6:30 PM,05/27/2025 1:51 PM,330720,1,Returned: GODOX LIGHT STAND - GODOX STAND-110842 | 
3117143,,@fixture.edu,2,05/23/2025 6:33 PM,06/09/2025 6:30 PM,06/16/2025 11:24 AM,2047860,3,Returned: RODE MIC BATTERY - RODE MIC BATT-110843 | USB-C MULTIPORT HUB - USBC HUB-110844 | WACOM CINTIQ TABLET - WACOM CINTIQ-110845 | 
5614002,,@fixture.edu,1,05/27/2025 10:54 AM,06/03/2025 6:30 PM,06/03/2025 5:35 PM,628860,2,Returned: USB-C MULTIPORT HUB - USBC HUB-110846 | XLR CABLE 25FT - XLR25-110847 | 
6455706,INDD,@inside.fixture.edu,8,05/27/2025 1:10 PM,08/22/2025 6:00 PM,08/22/2025 4:28 PM,7528680,4,Returned: USB-C TO HDMI ADAPTER - USBC HDMI-110848 | SANDISK 64GB SD CARD - SANDISK 64SD-110849 | RODE MIC BATTERY - RODE MIC BATT-110850 | DELL XPS LAPTOP CHARGER - DELL XPS CHRG-110851 | 
7390515,STDA,@inside.fixture.edu,0,05/27/2025 1:33 PM,06/03/2025 6:30 PM,06/03/2025 4:36 PM,615780,3,Returned: PANASONIC S5 II BATTERY CHARGER - PANA S5II CHRG-110852 | META QUEST CHARGING CABLE - MQUEST CABLE-110853 | DELL XPS LAPTOP - DELL XPS-110854 | 
9901266,,@fixture.edu,0,05/27/2025 2:04 PM,06/27/2025 6:30 PM,06/26/2025 4:31 PM,2600820,6,Returned: DELL XPS LAPTOP - DELL XPS-110855 | FUJIFILM X-T5 BODY - FUJI XT5-110856 | NIKON Z6 III BATTERY - NIKON Z6III BATT-110857 | FUJIFILM X-T5 BATTERY - FUJI XT5 BATT-110858 | USB-C TO HDMI ADAPTER - USBC HDMI-110859 | WACOM ONE TABLET - WACOM ONE-110860 | 
5947563,,@fixture.edu,0,05/28/2025 10:20 AM,05/28/2025 6:30 PM,05/28/2025 12:53 PM,9180,1,Returned: RODE WIRELESS MIC - RODE WIRELESS-110861 | 
8612081,DRAW,@inside.fixture.edu,0,05/28/2025 3:13 PM,05/29/2025 6:30 PM,05/29/2025 12:45 PM,77520,4,Returned: INSTA360 X4 CASE - INSTA X4 CASE-110862 | EXTENSION CORD 10FT - EXTCORD10-110863 | EXTENSION CORD 10FT - EXTCORD10-110864 | EPSON PROJECTOR - EPSON PROJ-110865 | 
9481739,DGTL,@inside.fixture.edu,2,05/29/2025 10:42 AM,06/05/2025 6:30 PM,06/05/2025 12:37 PM,611700,6,Returned: USB-C MULTIPORT HUB - USBC HUB-110866 | NIKON Z6 III BATTERY CHARGER - NIKON Z6III CHRG-110867 | INSTA360 X4 CAMERA - INSTA X4-110868 | RODE WIRELESS MIC - RODE WIRELESS-110869 | WACOM CINTIQ PEN - WACOM CINTIQ PEN-110870 | META QUEST HEADSET - MQUEST HS-110871 | 
8217547,VIZD,@inside.fixture.edu,0,05/29/2025 1:07 PM,06/04/2025 6:30 PM,06/04/2025 6:35 PM,538080,9,Returned: USB-C MULTIPORT HUB - USBC HUB-110872 | GODOX LED LIGHT PANEL - GODOX LED-110873 | BENQ DATA PROJECTOR - BENQ PROJ-110874 | USB-C MULTIPORT HUB - USBC HUB-110875 | NIKON Z6 III BATTERY CHARGER - NIKON Z6III CHRG-110876 | RODE WIRELESS MIC - RODE WIRELESS-110877 | PANASONIC S5 II BATTERY CHARGER - PANA S5II CHRG-110878 | INSTA360 X4 BATTERY - INSTA X4 BATT-110879 | NIKON Z6 III BATTERY CHARGER - NIKON Z6III CHRG-110880 | 
2663938,INDD,@inside.fixture.edu,0,05/30/2025 9:05 AM,08/22/2025 6:30 PM,09/15/2025 8:20 AM,9328500,5,Returned: LOGITECH WIRELESS MOUSE - LOGI MOUSE-110881 | EQUIPMENT CRATE 12x12 - CRATE12-110882 | BENQ DATA PROJECTOR - BENQ PROJ-110883 | LAPTOP SLEEVE CASE - LAPTOP SLEEVE-110884 | PANASONIC S5 II BODY - PANA S5II-110885 | 
2919549,INDD,@inside.fixture.edu,0,05/30/2025 1:25 PM,08/22/2025 6:30 PM,06/20/2025 11:48 AM,1808580,5,Returned: XLR CABLE 15FT - XLR15-110886 | EPSON PROJECTOR - EPSON PROJ-110887 | META QUEST CONTROLLER - MQUEST CTRL-110888 | FUJIFILM X-T5 BATTERY - FUJI XT5 BATT-110889 | INSTA360 X4 CAMERA - INSTA X4-110890 | 
4607488,,@fixture.edu,0,05/30/2025 2:22 PM,06/02/2025 6:30 PM,06/02/2025 9:18 AM,240960,18,Returned: META QUEST HEADSET - MQUEST HS-110891 | EPSON PROJECTOR HDMI CABLE - EPSON PROJ HDMI-110892 | FUJIFILM X-T5 BODY - FUJI XT5-110893 | SANDISK 64GB SD CARD - SANDISK 64SD-110894 | SANDISK 64GB SD CARD - SANDISK 64SD-110895 | GODOX LED LIGHT PANEL - GODOX LED-110896 | NIKON Z6 III MIRRORLESS BODY - NIKON Z6III-110897 | META QUEST CONTROLLER - MQUEST CTRL-110898 | SANDISK 64GB SD CARD - SANDISK 64SD-110899 | GODOX POWER SUPPLY - GODOX PSU-110900 | META QUEST CONTROLLER - MQUEST CTRL-110901 | NIKON Z6 III MIRRORLESS BODY - NIKON Z6III-110902 | LEXAR 128GB CF CARD - LEXAR CF128-110903 | LOGITECH WEBCAM - LOGI WEBCAM-110904 | LOGITECH WIRELESS MOUSE - LOGI MOUSE-110905 | INSTA360 X4 CASE - INSTA X4 CASE-110906 | INSTA360 X4 CASE - INSTA X4 CASE-110907 | LOGITECH WIRELESS MOUSE - LOGI MOUSE-110908 | 
8215376,INDD,@inside.fixture.edu,0,05/30/2025 2:37 PM,05/30/2025 6:30 PM,06/06/2025 1:59 PM,602520,1,Returned: XLR CABLE 15FT - XLR15-110909 | 
8575834,VIZD,@inside.fixture.edu,0,06/02/2025 11:33 AM,06/04/2025 6:30 PM,06/04/2025 6:35 PM,198120,6,Returned: USB KEYBOARD - USB KYBD-110910 | NIKON Z6 III BATTERY CHARGER - NIKON Z6III CHRG-110911 | OLYMPUS OM-D E-M1 BODY - OLY EM1-110912 | LEXAR 128GB CF CARD - LEXAR CF128-110913 | GODOX LIGHT STAND - GODOX STAND-110914 | EQUIPMENT CRATE 12x12 - CRATE12-110915 | 
4833486,INDD,@inside.fixture.edu,0,06/03/2025 11:21 AM,08/25/2025 6:30 PM,06/04/2025 8:07 AM,74760,5,Returned: DELL XPS LAPTOP - DELL XPS-110916 | WACOM CINTIQ TABLET - WACOM CINTIQ-110917 | CARD READER - CARDRDR-110918 | HUION DRAWING TABLET - HUION TABLET-110919 | SANDISK 64GB SD CARD - SANDISK 64SD-110920 | 
7942639,,@fixture.edu,0,06/04/2025 1:55 PM,06/04/2025 6:30 PM,06/09/2025 5:34 PM,445140,5,Returned: EQUIPMENT CRATE 12x12 - CRATE12-110921 | BENQ DATA PROJECTOR - BENQ PROJ-110922 | MANFROTTO TRIPOD - MANFRO TRIPOD-110923 | GODOX POWER SUPPLY - GODOX PSU-110924 | AUDIO-TECHNICA HEADPHONES - AT HEADPHONES-110925 | 
6686328,VIZD,@inside.fixture.edu,0,06/05/2025 9:48 AM,06/11/2025 6:30 PM,06/12/2025 4:36 PM,629280,7,Returned: AUDIO-TECHNICA HEADPHONES - AT HEADPHONES-110926 | MANFROTTO TRIPOD CASE - MANFRO CASE-110927 | META QUEST HEADSET - MQUEST HS-110928 | LOGITECH WEBCAM - LOGI WEBCAM-110929 | MACBOOK AIR M3 CHARGER - MBA M3 CHRG-110930 | WACOM ONE TABLET - WACOM ONE-110931 | HUION DRAWING TABLET - HUION TABLET-110932 | 
8608449,STDA,@inside.fixture.edu,1,06/05/2025 12:53 PM,06/13/2025 6:30 PM,06/16/2025 4:42 PM,964140,20,Returned: XLR CABLE 25FT - XLR25-110933 | EPSON PROJECTOR - EPSON PROJ-110934 | DELL XPS LAPTOP CHARGER - DELL XPS CHRG-110935 | GODOX LIGHT STAND - GODOX STAND-110936 | SANDISK 128GB SD CARD - SANDISK 128SD-110937 | GODOX LED LIGHT PANEL - GODOX LED-110938 | FUJIFILM 18-55mm LENS - FUJI 1855 LENS-110939 | META QUEST HEADSET - MQUEST HS-110940 | MACBOOK AIR M3 CHARGER - MBA M3 CHRG-110941 | PANASONIC S5 II BATTERY CHARGER - PANA S5II CHRG-110942 | ZOOM H5 RECORDER - ZOOM H5-110943 | META QUEST CHARGING CABLE - MQUEST CABLE-110944 | MANFROTTO TRIPOD - MANFRO TRIPOD-110945 | GODOX POWER SUPPLY - GODOX PSU-110946 | META QUEST CHARGING CABLE - MQUEST CABLE-110947 | XLR CABLE 25FT - XLR25-110948 | USB-C MULTIPORT HUB - USBC HUB-110949 | MANFROTTO TRIPOD CASE - MANFRO CASE-110950 | WACOM CINTIQ TABLET - WACOM CINTIQ-110951 | FUJIFILM X-T5 BATTERY - FUJI XT5 BATT-110952 | 
7689582,INDD,@inside.fixture.edu,0,06/06/2025 1:59 PM,06/13/2025 6:30 PM,06/23/2025 8:07 AM,1447680,1,Returned: FUJIFILM 18-55mm LENS - FUJI 1855 LENS-110953 | 
7979148,,@fixture.edu,0,06/09/2025 12:05 PM,06/11/2025 6:30 PM,06/16/2025 2:30 PM,613500,3,Returned: LOGITECH WIRELESS MOUSE - LOGI MOUSE-110954 | EQUIPMENT CRATE 12x12 - CRATE12-110955 | INSTA360 X4 CAMERA - INSTA X4-110956 | 
2595275,,@fixture.edu,0,06/09/2025 6:12 PM,06/10/2025 6:30 PM,06/09/2025 11:40 PM,19680,2,Returned: USB-C TO HDMI ADAPTER - USBC HDMI-110957 | MACBOOK AIR CHARGING CABLE - MBA CABLE-110958 | 
6243691,INDD,@inside.fixture.edu,0,06/10/2025 11:34 AM,08/22/2025 6:30 PM,08/19/2025 2:15 PM,6057660,5,Returned: FUJIFILM 18-55mm LENS - FUJI 1855 LENS-110959 | INSTA360 X4 CASE - INSTA X4 CASE-110960 | MACBOOK AIR M3 LAPTOP - MBA M3-110961 | FUJIFILM 18-55mm LENS - FUJI 1855 LENS-110962 | SANDISK 128GB SD CARD - SANDISK 128SD-110963 | 
8159911,,@fixture.edu,0,06/11/2025 9:24 AM,06/11/2025 6:30 PM,06/16/2025 1:49 PM,447900,1,Returned: LOGITECH WIRELESS MOUSE - LOGI MOUSE-110964 | 
6243275,,@fixture.edu,0,06/11/2025 11:03 AM,06/11/2025 6:30 PM,06/13/2025 2:58 PM,186900,5,Returned: PANASONIC S5 II BATTERY CHARGER - PANA S5II CHRG-110965 | HDMI CABLE 10FT - HDMI10-110966 | LOGITECH WEBCAM - LOGI WEBCAM-110967 | LEXAR 128GB CF CARD - LEXAR CF128-110968 | WACOM ONE TABLET - WACOM ONE-110969 | 
5276341,VIZD,@inside.fixture.edu,1,06/12/2025 10:38 AM,06/18/2025 6:30 PM,06/20/2025 8:05 AM,682020,7,Returned: DELL XPS LAPTOP CHARGER - DELL XPS CHRG-110970 | OLYMPUS OM-D E-M1 BODY - OLY EM1-110971 | WACOM CINTIQ PEN - WACOM CINTIQ PEN-110972 | NIKON Z6 III BATTERY CHARGER - NIKON Z6III CHRG-110973 | META QUEST CHARGING CABLE - MQUEST CABLE-110974 | EXTENSION CORD 10FT - EXTCORD10-110975 | PANASONIC S5 II BATTERY CHARGER - PANA S5II CHRG-110976 | 
7279729,,@fixture.edu,0,06/18/2025 1:52 PM,06/18/2025 6:30 PM,06/18/2025 5:47 PM,14100,15,Returned: SANDISK 64GB SD CARD - SANDISK 64SD-110977 | RODE MIC BATTERY - RODE MIC BATT-110978 | WACOM CINTIQ TABLET - WACOM CINTIQ-110979 | INSTA360 X4 CAMERA - INSTA X4-110980 | ZOOM H5 RECORDER - ZOOM H5-110981 | INSTA360 X4 CAMERA - INSTA X4-110982 | META QUEST CONTROLLER - MQUEST CTRL-110983 | ZOOM H5 RECORDER CASE - ZOOM H5 CASE-110984 | SANDISK 64GB SD CARD - SANDISK 64SD-110985 | GODOX LED LIGHT PANEL - GODOX LED-110986 | XLR CABLE 25FT - XLR25-110987 | OLYMPUS 12-40mm LENS - OLY 1240 LENS-110988 | RODE WIRELESS MIC - RODE WIRELESS-110989 | NIKON Z6 III CAMERA CASE - NIKON Z6III CASE-110990 | PANASONIC S5 II BATTERY CHARGER - PANA S5II CHRG-110991 | 
3560856,,@fixture.edu,0,06/25/2025 1:54 PM,06/25/2025 6:30 PM,06/25/2025 5:43 PM,13740,15,Returned: PANASONIC S5 II BATTERY CHARGER - PANA S5II CHRG-110992 | GODOX LIGHT STAND - GODOX STAND-110993 | DELL XPS LAPTOP CHARGER - DELL XPS CHRG-110994 | CARD READER - CARDRDR-110995 | NIKON Z6 III CAMERA CASE - NIKON Z6III CASE-110996 | LEXAR 128GB CF CARD - LEXAR CF128-110997 | USB-C MULTIPORT HUB - USBC HUB-110998 | USB-C TO HDMI ADAPTER - USBC HDMI-110999 | OLYMPUS OM-D E-M1 BODY - OLY EM1-111000 | INSTA360 X4 BATTERY - INSTA X4 BATT-111001 | NIKON Z6 III CAMERA CASE - NIKON Z6III CASE-111002 | GODOX POWER SUPPLY - GODOX PSU-111003 | AUDIO-TECHNICA HEADPHONES - AT HEADPHONES-111004 | USB-C MULTIPORT HUB - USBC HUB-111005 | HUION DRAWING TABLET - HUION TABLET-111006 | 
8956894,,@fixture.edu,0,07/02/2025 1:51 PM,07/02/2025 6:30 PM,07/02/2025 5:29 PM,13080,15,Returned: PANASONIC S5 II BODY - PANA S5II-111007 | META QUEST CHARGING CABLE - MQUEST CABLE-111008 | XLR CABLE 15FT - XLR15-111009 | OLYMPUS OM-D E-M1 BODY - OLY EM1-111010 | FUJIFILM X-T5 BATTERY - FUJI XT5 BATT-111011 | SANDISK 128GB SD CARD - SANDISK 128SD-111012 | XLR CABLE 15FT - XLR15-111013 | USB-C TO HDMI ADAPTER - USBC HDMI-111014 | LOGITECH WEBCAM - LOGI WEBCAM-111015 | EXTENSION CORD 10FT - EXTCORD10-111016 | FUJIFILM 18-55mm LENS - FUJI 1855 LENS-111017 | SANDISK 128GB SD CARD - SANDISK 128SD-111018 | HUION DRAWING TABLET - HUION TABLET-111019 | WACOM CINTIQ TABLET - WACOM CINTIQ-111020 | FUJIFILM X-T5 BODY - FUJI XT5-111021 | 
2126310,,@fixture.edu,0,07/09/2025 1:52 PM,07/09/2025 6:30 PM,07/09/2025 5:44 PM,13920,15,Returned: GODOX LED LIGHT PANEL - GODOX LED-111022 | META QUEST CONTROLLER - MQUEST CTRL-111023 | META QUEST CHARGING CABLE - MQUEST CABLE-111024 | GODOX LED LIGHT PANEL - GODOX LED-111025 | MANFROTTO TRIPOD CASE - MANFRO CASE-111026 | WACOM ONE TABLET - WACOM ONE-111027 | DELL XPS LAPTOP CHARGER - DELL XPS CHRG-111028 | HDMI CABLE 10FT - HDMI10-111029 | GODOX POWER SUPPLY - GODOX PSU-111030 | WACOM ONE TABLET - WACOM ONE-111031 | ZOOM H5 RECORDER - ZOOM H5-111032 | INSTA360 X4 CASE - INSTA X4 CASE-111033 | MACBOOK AIR M3 LAPTOP - MBA M3-111034 | META QUEST CONTROLLER - MQUEST CTRL-111035 | OLYMPUS 12-40mm LENS - OLY 1240 LENS-111036 | 
2530497,,@fixture.edu,0,07/16/2025 1:51 PM,07/16/2025 6:30 PM,07/16/2025 6:10 PM,15540,15,Returned: USB-C MULTIPORT HUB - USBC HUB-111037 | ZOOM H5 RECORDER CASE - ZOOM H5 CASE-111038 | OLYMPUS OM-D E-M1 BODY - OLY EM1-111039 | GODOX LED LIGHT PANEL - GODOX LED-111040 | PANASONIC S5 II BODY - PANA S5II-111041 | INSTA360 X4 BATTERY - INSTA X4 BATT-111042 | INSTA360 X4 CASE - INSTA X4 CASE-111043 | EQUIPMENT CRATE 12x12 - CRATE12-111044 | XLR CABLE 15FT - XLR15-111045 | NIKON Z6 III BATTERY - NIKON Z6III BATT-111046 | LOGITECH WEBCAM - LOGI WEBCAM-111047 | OLYMPUS OM-D E-M1 BODY - OLY EM1-111048 | MACBOOK AIR M3 LAPTOP - MBA M3-111049 | EPSON PROJECTOR HDMI CABLE - EPSON PROJ HDMI-111050 | USB-C MULTIPORT HUB - USBC HUB-111051 | 
2432176,,@fixture.edu,0,07/23/2025 1:51 PM,07/23/2025 6:30 PM,07/23/2025 5:54 PM,14580,15,Returned: SANDISK 128GB SD CARD - SANDISK 128SD-111052 | AUDIO-TECHNICA HEADPHONES - AT HEADPHONES-111053 | USB KEYBOARD - USB KYBD-111054 | ZOOM H5 RECORDER CASE - ZOOM H5 CASE-111055 | META QUEST CHARGING CABLE - MQUEST CABLE-111056 | DELL XPS LAPTOP - DELL XPS-111057 | AUDIO-TECHNICA HEADPHONES - AT HEADPHONES-111058 | BENQ DATA PROJECTOR - BENQ PROJ-111059 | DELL XPS LAPTOP CHARGER - DELL XPS CHRG-111060 | XLR CABLE 25FT - XLR25-111061 | ZOOM H5 RECORDER CASE - ZOOM H5 CASE-111062 | RODE MIC BATTERY - RODE MIC BATT-111063 | XLR CABLE 25FT - XLR25-111064 | EPSON PROJECTOR HDMI CABLE - EPSON PROJ HDMI-111065 | SANDISK 64GB SD CARD - SANDISK 64SD-111066 | 
2564141,,@fixture.edu,0,07/30/2025 1:47 PM,07/30/2025 6:30 PM,07/30/2025 5:11 PM,12240,15,Returned: SANDISK 64GB SD CARD - SANDISK 64SD-111067 | PANASONIC S5 II BATTERY CHARGER - PANA S5II CHRG-111068 | PANASONIC S5 II BATTERY CHARGER - PANA S5II CHRG-111069 | EQUIPMENT CRATE 12x12 - CRATE12-111070 | GODOX LIGHT STAND - GODOX STAND-111071 | HUION DRAWING TABLET - HUION TABLET-111072 | META QUEST HEADSET - MQUEST HS-111073 | USB-C TO HDMI ADAPTER - USBC HDMI-111074 | EXTENSION CORD 10FT - EXTCORD10-111075 | AUDIO-TECHNICA HEADPHONES - AT HEADPHONES-111076 | GODOX LED LIGHT PANEL - GODOX LED-111077 | SANDISK 64GB SD CARD - SANDISK 64SD-111078 | OLYMPUS OM-D E-M1 BODY - OLY EM1-111079 | FUJIFILM X-T5 BATTERY - FUJI XT5 BATT-111080 | GODOX LED LIGHT PANEL - GODOX LED-111081 | 
8245685,,@fixture.edu,0,08/06/2025 1:51 PM,08/06/2025 6:30 PM,08/06/2025 6:26 PM,16500,15,Returned: RODE WIRELESS MIC - RODE WIRELESS-111082 | LOGITECH WIRELESS MOUSE - LOGI MOUSE-111083 | EXTENSION CORD 10FT - EXTCORD10-111084 | HUION DRAWING TABLET - HUION TABLET-111085 | NIKON Z6 III BATTERY CHARGER - NIKON Z6III CHRG-111086 | SANDISK 64GB SD CARD - SANDISK 64SD-111087 | USB-C TO HDMI ADAPTER - USBC HDMI-111088 | OLYMPUS 12-40mm LENS - OLY 1240 LENS-111089 | XLR CABLE 25FT - XLR25-111090 | LAPTOP SLEEVE CASE - LAPTOP SLEEVE-111091 | PANASONIC S5 II BODY - PANA S5II-111092 | DELL XPS LAPTOP CHARGER - DELL XPS CHRG-111093 | EPSON PROJECTOR - EPSON PROJ-111094 | XLR CABLE 25FT - XLR25-111095 | GODOX LIGHT STAND - GODOX STAND-111096 | 
2620082,,@fixture.edu,0,08/13/2025 1:48 PM,08/13/2025 6:30 PM,08/13/2025 6:37 PM,17340,15,Returned: MANFROTTO TRIPOD CASE - MANFRO CASE-111097 | HDMI CABLE 10FT - HDMI10-111098 | USB-C TO HDMI ADAPTER - USBC HDMI-111099 | OLYMPUS 12-40mm LENS - OLY 1240 LENS-111100 | AUDIO-TECHNICA HEADPHONES - AT HEADPHONES-111101 | POWER STRIP - PWRSTRIP-111102 | PANASONIC S5 II BATTERY CHARGER - PANA S5II CHRG-111103 | AUDIO-TECHNICA HEADPHONES - AT HEADPHONES-111104 | MACBOOK AIR M3 LAPTOP - MBA M3-111105 | CARD READER - CARDRDR-111106 | OLYMPUS OM-D E-M1 BODY - OLY EM1-111107 | META QUEST CHARGING CABLE - MQUEST CABLE-111108 | RODE MIC BATTERY - RODE MIC BATT-111109 | META QUEST CHARGING CABLE - MQUEST CABLE-111110 | WACOM ONE TABLET - WACOM ONE-111111 | 
7251976,STDA,@inside.fixture.edu,0,06/13/2025 11:37 AM,06/27/2025 6:30 PM,06/27/2025 5:13 PM,1229760,7,Returned: BENQ DATA PROJECTOR - BENQ PROJ-111112 | EQUIPMENT CRATE 12x12 - CRATE12-111113 | GODOX POWER SUPPLY - GODOX PSU-111114 | POWER STRIP - PWRSTRIP-111115 | FUJIFILM X-T5 BODY - FUJI XT5-111116 | NIKON Z6 III MIRRORLESS BODY - NIKON Z6III-111117 | CARD READER - CARDRDR-111118 | 
3182975,,@fixture.edu,1,06/16/2025 10:10 AM,06/25/2025 6:30 PM,06/25/2025 3:34 PM,797040,10,Returned: NIKON Z6 III BATTERY CHARGER - NIKON Z6III CHRG-111119 | USB KEYBOARD - USB KYBD-111120 | RODE MIC BATTERY - RODE MIC BATT-111121 | META QUEST HEADSET - MQUEST HS-111122 | SANDISK 64GB SD CARD - SANDISK 64SD-111123 | OLYMPUS 12-40mm LENS - OLY 1240 LENS-111124 | SANDISK 64GB SD CARD - SANDISK 64SD-111125 | USB KEYBOARD - USB KYBD-111126 | ZOOM H5 RECORDER CASE - ZOOM H5 CASE-111127 | META QUEST CONTROLLER - MQUEST CTRL-111128 | 
2006313,,@fixture.edu,0,06/18/2025 8:42 AM,06/20/2025 6:30 PM,06/20/2025 4:04 PM,199320,12,Returned: WACOM CINTIQ PEN - WACOM CINTIQ PEN-111129 | LOGITECH WIRELESS MOUSE - LOGI MOUSE-111130 | MACBOOK AIR M3 CHARGER - MBA M3 CHRG-111131 | EPSON PROJECTOR - EPSON PROJ-111132 | MANFROTTO TRIPOD CASE - MANFRO CASE-111133 | FUJIFILM X-T5 BATTERY - FUJI XT5 BATT-111134 | USB-C TO HDMI ADAPTER - USBC HDMI-111135 | META QUEST HEADSET - MQUEST HS-111136 | OLYMPUS 12-40mm LENS - OLY 1240 LENS-111137 | AUDIO-TECHNICA HEADPHONES - AT HEADPHONES-111138 | USB-C MULTIPORT HUB - USBC HUB-111139 | HUION DRAWING TABLET - HUION TABLET-111140 | 
6530541,,@fixture.edu,2,06/16/2025 1:54 PM,07/11/2025 6:30 PM,07/11/2025 11:33 AM,2151540,3,Returned: OLYMPUS 12-40mm LENS - OLY 1240 LENS-111141 | USB-C TO HDMI ADAPTER - USBC HDMI-111142 | MACBOOK AIR M3 LAPTOP - MBA M3-111143 | 
3050700,INDD,@inside.fixture.edu,0,06/16/2025 4:35 PM,06/18/2025 6:30 PM,06/17/2025 12:27 PM,71520,2,Returned: INSTA360 X4 CASE - INSTA X4 CASE-111144 | GODOX POWER SUPPLY - GODOX PSU-111145 | 
7892225,ANIM,@inside.fixture.edu,1,06/17/2025 12:27 PM,07/07/2025 6:30 PM,07/16/2025 8:39 AM,2491920,9,Returned: META QUEST HEADSET - MQUEST HS-111146 | INSTA360 X4 BATTERY - INSTA X4 BATT-111147 | GODOX LIGHT STAND - GODOX STAND-111148 | OLYMPUS 12-40mm LENS - OLY 1240 LENS-111149 | DELL XPS LAPTOP CHARGER - DELL XPS CHRG-111150 | HDMI CABLE 10FT - HDMI10-111151 | OLYMPUS OM-D E-M1 BODY - OLY EM1-111152 | XLR CABLE 15FT - XLR15-111153 | XLR CABLE 15FT - XLR15-111154 | 
6932391,ANIM,@inside.fixture.edu,0,06/17/2025 4:43 PM,06/24/2025 6:30 PM,06/24/2025 12:27 PM,589440,8,Returned: PANASONIC S5 II BODY - PANA S5II-111155 | NIKON Z6 III BATTERY - NIKON Z6III BATT-111156 | GODOX POWER SUPPLY - GODOX PSU-111157 | LOGITECH WEBCAM - LOGI WEBCAM-111158 | META QUEST CHARGING CABLE - MQUEST CABLE-111159 | WACOM CINTIQ PEN - WACOM CINTIQ PEN-111160 | PANASONIC S5 II BATTERY CHARGER - PANA S5II CHRG-111161 | META QUEST HEADSET - MQUEST HS-111162 | 
8095702,IMAG,@inside.fixture.edu,0,06/18/2025 11:22 AM,06/23/2025 6:30 PM,06/25/2025 2:01 PM,614340,7,Returned: INSTA360 X4 BATTERY - INSTA X4 BATT-111163 | INSTA360 X4 CAMERA - INSTA X4-111164 | WACOM CINTIQ TABLET - WACOM CINTIQ-111165 | EQUIPMENT CRATE 12x12 - CRATE12-111166 | INSTA360 X4 CASE - INSTA X4 CASE-111167 | EQUIPMENT CRATE 12x12 - CRATE12-111168 | NIKON Z6 III CAMERA CASE - NIKON Z6III CASE-111169 | 
1863121,,@fixture.edu,0,06/18/2025 3:51 PM,06/18/2025 6:30 PM,06/23/2025 11:54 AM,417780,5,Returned: OLYMPUS OM-D E-M1 BODY - OLY EM1-111170 | RODE WIRELESS MIC - RODE WIRELESS-111171 | XLR CABLE 25FT - XLR25-111172 | OLYMPUS 12-40mm LENS - OLY 1240 LENS-111173 | INSTA360 X4 CASE - INSTA X4 CASE-111174 | 
5825620,,@fixture.edu,0,06/20/2025 10:28 AM,06/20/2025 6:30 PM,06/20/2025 11:07 AM,2340,3,Returned: POWER STRIP - PWRSTRIP-111175 | GODOX LIGHT STAND - GODOX STAND-111176 | INSTA360 X4 CAMERA - INSTA X4-111177 | 
6242022,INDD,@inside.fixture.edu,1,06/20/2025 11:47 AM,08/22/2025 6:30 PM,08/22/2025 4:31 PM,5460240,5,Returned: RODE MIC BATTERY - RODE MIC BATT-111178 | EPSON PROJECTOR HDMI CABLE - EPSON PROJ HDMI-111179 | INSTA360 X4 CAMERA - INSTA X4-111180 | FUJIFILM X-T5 BODY - FUJI XT5-111181 | WACOM ONE TABLET - WACOM ONE-111182 | 
6899644,VIZD,@inside.fixture.edu,0,06/20/2025 2:36 PM,06/25/2025 6:30 PM,06/26/2025 5:35 PM,529140,5,Returned: POWER STRIP - PWRSTRIP-111183 | NIKON Z6 III MIRRORLESS BODY - NIKON Z6III-111184 | META QUEST HEADSET - MQUEST HS-111185 | AUDIO-TECHNICA HEADPHONES - AT HEADPHONES-111186 | PANASONIC S5 II BODY - PANA S5II-111187 | 
2738129,MDSV,@fixture.edu,0,06/20/2025 5:20 PM,06/23/2025 6:30 PM,06/24/2025 2:46 PM,336360,20,Returned: USB KEYBOARD - USB KYBD-111188 | PANASONIC S5 II BATTERY CHARGER - PANA S5II CHRG-111189 | MANFROTTO TRIPOD CASE - MANFRO CASE-111190 | LAPTOP SLEEVE CASE - LAPTOP SLEEVE-111191 | META QUEST CONTROLLER - MQUEST CTRL-111192 | MACBOOK AIR M3 CHARGER - MBA M3 CHRG-111193 | META QUEST HEADSET - MQUEST HS-111194 | NIKON Z6 III BATTERY CHARGER - NIKON Z6III CHRG-111195 | LEXAR 128GB CF CARD - LEXAR CF128-111196 | RODE WIRELESS MIC - RODE WIRELESS-111197 | DELL XPS LAPTOP CHARGER - DELL XPS CHRG-111198 | DELL XPS LAPTOP - DELL XPS-111199 | NIKON Z6 III BATTERY CHARGER - NIKON Z6III CHRG-111200 | HDMI CABLE 10FT - HDMI10-111201 | HDMI CABLE 10FT - HDMI10-111202 | MACBOOK AIR M3 LAPTOP - MBA M3-111203 | FUJIFILM X-T5 BODY - FUJI XT5-111204 | USB-C TO HDMI ADAPTER - USBC HDMI-111205 | OLYMPUS OM-D E-M1 BODY - OLY EM1-111206 | INSTA360 X4 BATTERY - INSTA X4 BATT-111207 | 
9512969,DRAW,@inside.fixture.edu,0,06/20/2025 5:52 PM,06/24/2025 6:30 PM,07/08/2025 4:16 PM,1549440,1,Returned: HUION DRAWING TABLET - HUION TABLET-111208 | 
4569164,DRAW,@inside.fixture.edu,0,06/25/2025 12:46 PM,06/27/2025 1:45 PM,06/30/2025 11:19 AM,426780,7,Returned: BENQ DATA PROJECTOR - BENQ PROJ-111209 | NIKON Z6 III BATTERY - NIKON Z6III BATT-111210 | XLR CABLE 15FT - XLR15-111211 | META QUEST HEADSET - MQUEST HS-111212 | XLR CABLE 15FT - XLR15-111213 | NIKON Z6 III BATTERY - NIKON Z6III BATT-111214 | GODOX LIGHT STAND - GODOX STAND-111215 | 
3595941,STDA,@inside.fixture.edu,0,06/23/2025 12:51 PM,06/26/2025 6:30 PM,06/30/2025 2:48 PM,611820,1,Returned: EPSON PROJECTOR - EPSON PROJ-111216 | 
9089795,,@inside.fixture.edu,1,06/23/2025 1:36 PM,06/26/2025 6:30 PM,06/26/2025 2:01 PM,260700,3,Returned: ZOOM H5 RECORDER - ZOOM H5-111217 | LOGITECH WEBCAM - LOGI WEBCAM-111218 | USB KEYBOARD - USB KYBD-111219 | 
4762204,INDD,@inside.fixture.edu,0,06/23/2025 5:40 PM,06/26/2025 6:30 PM,07/01/2025 6:57 PM,695820,4,Returned: POWER STRIP - PWRSTRIP-111220 | AUDIO-TECHNICA HEADPHONES - AT HEADPHONES-111221 | ZOOM H5 RECORDER - ZOOM H5-111222 | META QUEST CHARGING CABLE - MQUEST CABLE-111223 | 
2815603,ANIM,@inside.fixture.edu,1,06/24/2025 10:51 AM,07/07/2025 6:30 PM,07/21/2025 8:54 AM,2325780,14,Returned: EPSON PROJECTOR HDMI CABLE - EPSON PROJ HDMI-111224 | USB-C TO HDMI ADAPTER - USBC HDMI-111225 | MACBOOK AIR M3 CHARGER - MBA M3 CHRG-111226 | MANFROTTO TRIPOD - MANFRO TRIPOD-111227 | META QUEST CONTROLLER - MQUEST CTRL-111228 | META QUEST CONTROLLER - MQUEST CTRL-111229 | FUJIFILM X-T5 BODY - FUJI XT5-111230 | GODOX LIGHT STAND - GODOX STAND-111231 | RODE MIC BATTERY - RODE MIC BATT-111232 | MACBOOK AIR CHARGING CABLE - MBA CABLE-111233 | FUJIFILM 18-55mm LENS - FUJI 1855 LENS-111234 | LOGITECH WEBCAM - LOGI WEBCAM-111235 | LOGITECH WEBCAM - LOGI WEBCAM-111236 | FUJIFILM X-T5 BATTERY - FUJI XT5 BATT-111237 | 
6873938,INDD,@inside.fixture.edu,0,06/24/2025 12:18 PM,06/27/2025 6:30 PM,06/24/2025 5:59 PM,20460,4,Returned: FUJIFILM X-T5 BODY - FUJI XT5-111238 | XLR CABLE 15FT - XLR15-111239 | OLYMPUS 12-40mm LENS - OLY 1240 LENS-111240 | LOGITECH WEBCAM - LOGI WEBCAM-111241 | 
7166651,INDD,@inside.fixture.edu,0,06/24/2025 12:19 PM,06/27/2025 6:30 PM,06/24/2025 5:59 PM,20400,4,Returned: EXTENSION CORD 10FT - EXTCORD10-111242 | CARD READER - CARDRDR-111243 | NIKON Z6 III MIRRORLESS BODY - NIKON Z6III-111244 | NIKON Z6 III MIRRORLESS BODY - NIKON Z6III-111245 | 
2927455,ANIM,@inside.fixture.edu,0,06/24/2025 5:08 PM,06/25/2025 6:30 PM,08/05/2025 8:26 AM,3597480,18,Returned: LOGITECH WEBCAM - LOGI WEBCAM-111246 | CARD READER - CARDRDR-111247 | WACOM ONE TABLET - WACOM ONE-111248 | OLYMPUS 12-40mm LENS - OLY 1240 LENS-111249 | HUION DRAWING TABLET - HUION TABLET-111250 | CARD READER - CARDRDR-111251 | MACBOOK AIR M3 LAPTOP - MBA M3-111252 | EQUIPMENT CRATE 12x12 - CRATE12-111253 | POWER STRIP - PWRSTRIP-111254 | FUJIFILM X-T5 BATTERY - FUJI XT5 BATT-111255 | FUJIFILM 18-55mm LENS - FUJI 1855 LENS-111256 | EPSON PROJECTOR - EPSON PROJ-111257 | PANASONIC S5 II BATTERY CHARGER - PANA S5II CHRG-111258 | HDMI CABLE 10FT - HDMI10-111259 | FUJIFILM X-T5 BODY - FUJI XT5-111260 | FUJIFILM X-T5 BATTERY - FUJI XT5 BATT-111261 | INSTA360 X4 CAMERA - INSTA X4-111262 | NIKON Z6 III MIRRORLESS BODY - NIKON Z6III-111263 | 
5673599,,@fixture.edu,0,06/25/2025 3:33 PM,06/27/2025 6:30 PM,06/26/2025 5:22 PM,92940,1,Returned: POWER STRIP - PWRSTRIP-111264 | 
4794319,ANIM,@inside.fixture.edu,0,06/25/2025 4:01 PM,06/27/2025 6:30 PM,06/30/2025 8:12 AM,403860,5,Returned: SANDISK 128GB SD CARD - SANDISK 128SD-111265 | NIKON Z6 III BATTERY CHARGER - NIKON Z6III CHRG-111266 | FUJIFILM X-T5 BODY - FUJI XT5-111267 | RODE MIC BATTERY - RODE MIC BATT-111268 | USB-C MULTIPORT HUB - USBC HUB-111269 | 
8199311,,@fixture.edu,0,06/26/2025 9:03 AM,06/30/2025 6:30 PM,06/30/2025 11:04 AM,352860,7,Returned: MACBOOK AIR M3 CHARGER - MBA M3 CHRG-111270 | PANASONIC S5 II BATTERY CHARGER - PANA S5II CHRG-111271 | INSTA360 X4 CASE - INSTA X4 CASE-111272 | WACOM ONE TABLET - WACOM ONE-111273 | PANASONIC S5 II BATTERY CHARGER - PANA S5II CHRG-111274 | MANFROTTO TRIPOD CASE - MANFRO CASE-111275 | GODOX POWER SUPPLY - GODOX PSU-111276 | 
1440466,VIZD,@inside.fixture.edu,0,06/26/2025 1:24 PM,06/30/2025 6:30 PM,07/02/2025 5:38 PM,533640,7,Returned: CARD READER - CARDRDR-111277 | NIKON Z6 III CAMERA CASE - NIKON Z6III CASE-111278 | PANASONIC S5 II BATTERY CHARGER - PANA S5II CHRG-111279 | NIKON Z6 III MIRRORLESS BODY - NIKON Z6III-111280 | PANASONIC S5 II BODY - PANA S5II-111281 | PANASONIC S5 II BATTERY CHARGER - PANA S5II CHRG-111282 | OLYMPUS OM-D E-M1 BODY - OLY EM1-111283 | 
5487028,MDSV,@fixture.edu,0,06/30/2025 8:22 AM,07/07/2025 6:30 PM,07/07/2025 11:39 AM,616620,19,Returned: USB-C MULTIPORT HUB - USBC HUB-111284 | INSTA360 X4 BATTERY - INSTA X4 BATT-111285 | EPSON PROJECTOR - EPSON PROJ-111286 | EPSON PROJECTOR - EPSON PROJ-111287 | FUJIFILM X-T5 BODY - FUJI XT5-111288 | PANASONIC S5 II BATTERY CHARGER - PANA S5II CHRG-111289 | RODE MIC BATTERY - RODE MIC BATT-111290 | INSTA360 X4 CASE - INSTA X4 CASE-111291 | OLYMPUS 12-40mm LENS - OLY 1240 LENS-111292 | HUION DRAWING TABLET - HUION TABLET-111293 | WACOM CINTIQ PEN - WACOM CINTIQ PEN-111294 | WACOM ONE TABLET - WACOM ONE-111295 | MACBOOK AIR CHARGING CABLE - MBA CABLE-111296 | MANFROTTO TRIPOD CASE - MANFRO CASE-111297 | DELL XPS LAPTOP - DELL XPS-111298 | LOGITECH WIRELESS MOUSE - LOGI MOUSE-111299 | BENQ DATA PROJECTOR - BENQ PROJ-111300 | USB-C MULTIPORT HUB - USBC HUB-111301 | GODOX LIGHT STAND - GODOX STAND-111302 | 
1485753,ANIM,@inside.fixture.edu,0,06/27/2025 12:48 PM,06/27/2025 6:30 PM,06/27/2025 2:20 PM,5520,2,Returned: INSTA360 X4 BATTERY - INSTA X4 BATT-111303 | LEXAR 128GB CF CARD - LEXAR CF128-111304 | 
4026879,MDIA,@inside.fixture.edu,0,06/27/2025 3:08 PM,06/30/2025 6:30 PM,06/30/2025 5:15 PM,266820,12,Returned: HDMI CABLE 10FT - HDMI10-111305 | NIKON Z6 III CAMERA CASE - NIKON Z6III CASE-111306 | NIKON Z6 III CAMERA CASE - NIKON Z6III CASE-111307 | ZOOM H5 RECORDER - ZOOM H5-111308 | BENQ DATA PROJECTOR - BENQ PROJ-111309 | HUION DRAWING TABLET - HUION TABLET-111310 | LOGITECH WEBCAM - LOGI WEBCAM-111311 | FUJIFILM X-T5 BODY - FUJI XT5-111312 | EXTENSION CORD 10FT - EXTCORD10-111313 | EPSON PROJECTOR HDMI CABLE - EPSON PROJ HDMI-111314 | NIKON Z6 III MIRRORLESS BODY - NIKON Z6III-111315 | BENQ DATA PROJECTOR - BENQ PROJ-111316 | 
5584716,STDA,@inside.fixture.edu,0,06/30/2025 8:26 AM,06/30/2025 6:30 PM,06/30/2025 1:28 PM,18120,10,Returned: FUJIFILM X-T5 BODY - FUJI XT5-111317 | WACOM CINTIQ PEN - WACOM CINTIQ PEN-111318 | META QUEST CONTROLLER - MQUEST CTRL-111319 | ZOOM H5 RECORDER CASE - ZOOM H5 CASE-111320 | GODOX POWER SUPPLY - GODOX PSU-111321 | GODOX POWER SUPPLY - GODOX PSU-111322 | NIKON Z6 III CAMERA CASE - NIKON Z6III CASE-111323 | MANFROTTO TRIPOD - MANFRO TRIPOD-111324 | USB KEYBOARD - USB KYBD-111325 | DELL XPS LAPTOP CHARGER - DELL XPS CHRG-111326 | 
6183902,VIZD,@inside.fixture.edu,0,06/30/2025 11:22 AM,07/02/2025 6:30 PM,07/01/2025 10:38 AM,83760,9,Returned: BENQ DATA PROJECTOR - BENQ PROJ-111327 | MACBOOK AIR M3 CHARGER - MBA M3 CHRG-111328 | MACBOOK AIR CHARGING CABLE - MBA CABLE-111329 | HDMI CABLE 10FT - HDMI10-111330 | RODE MIC BATTERY - RODE MIC BATT-111331 | INSTA360 X4 CASE - INSTA X4 CASE-111332 | PANASONIC S5 II BATTERY CHARGER - PANA S5II CHRG-111333 | WACOM CINTIQ PEN - WACOM CINTIQ PEN-111334 | NIKON Z6 III BATTERY CHARGER - NIKON Z6III CHRG-111335 | 
6701311,,@fixture.edu,1,06/30/2025 11:19 AM,07/02/2025 6:30 PM,07/02/2025 2:36 PM,184620,3,Returned: ZOOM H5 RECORDER CASE - ZOOM H5 CASE-111336 | MACBOOK AIR M3 LAPTOP - MBA M3-111337 | MACBOOK AIR M3 LAPTOP - MBA M3-111338 | 
6889195,STDA,@inside.fixture.edu,0,06/30/2025 12:36 PM,06/30/2025 6:30 PM,06/30/2025 1:11 PM,2100,10,Returned: META QUEST CONTROLLER - MQUEST CTRL-111339 | USB KEYBOARD - USB KYBD-111340 | INSTA360 X4 BATTERY - INSTA X4 BATT-111341 | MACBOOK AIR M3 LAPTOP - MBA M3-111342 | META QUEST HEADSET - MQUEST HS-111343 | DELL XPS LAPTOP CHARGER - DELL XPS CHRG-111344 | OLYMPUS OM-D E-M1 BODY - OLY EM1-111345 | HDMI CABLE 10FT - HDMI10-111346 | DELL XPS LAPTOP - DELL XPS-111347 | NIKON Z6 III BATTERY - NIKON Z6III BATT-111348 | 
1102438,CRFT,@inside.fixture.edu,1,06/30/2025 5:12 PM,08/22/2025 2:30 PM,08/22/2025 4:31 PM,4576740,5,Returned: OLYMPUS OM-D E-M1 BODY - OLY EM1-111349 | RODE MIC BATTERY - RODE MIC BATT-111350 | INSTA360 X4 CASE - INSTA X4 CASE-111351 | HUION DRAWING TABLET - HUION TABLET-111352 | XLR CABLE 25FT - XLR25-111353 | 
4043480,,@fixture.edu,0,07/01/2025 11:01 AM,07/07/2025 6:30 PM,07/07/2025 4:37 PM,538560,29,Returned: NIKON Z6 III MIRRORLESS BODY - NIKON Z6III-111354 | POWER STRIP - PWRSTRIP-111355 | GODOX LIGHT STAND - GODOX STAND-111356 | PANASONIC S5 II BODY - PANA S5II-111357 | WACOM CINTIQ PEN - WACOM CINTIQ PEN-111358 | PANASONIC S5 II BATTERY CHARGER - PANA S5II CHRG-111359 | FUJIFILM X-T5 BATTERY - FUJI XT5 BATT-111360 | XLR CABLE 25FT - XLR25-111361 | OLYMPUS 12-40mm LENS - OLY 1240 LENS-111362 | ZOOM H5 RECORDER - ZOOM H5-111363 | NIKON Z6 III BATTERY - NIKON Z6III BATT-111364 | XLR CABLE 25FT - XLR25-111365 | RODE WIRELESS MIC - RODE WIRELESS-111366 | INSTA360 X4 CAMERA - INSTA X4-111367 | USB-C TO HDMI ADAPTER - USBC HDMI-111368 | SANDISK 128GB SD CARD - SANDISK 128SD-111369 | MACBOOK AIR M3 CHARGER - MBA M3 CHRG-111370 | EPSON PROJECTOR HDMI CABLE - EPSON PROJ HDMI-111371 | DELL XPS LAPTOP - DELL XPS-111372 | INSTA360 X4 CAMERA - INSTA X4-111373 | OLYMPUS 12-40mm LENS - OLY 1240 LENS-111374 | INSTA360 X4 BATTERY - INSTA X4 BATT-111375 | NIKON Z6 III CAMERA CASE - NIKON Z6III CASE-111376 | INSTA360 X4 CAMERA - INSTA X4-111377 | NIKON Z6 III CAMERA CASE - NIKON Z6III CASE-111378 | RODE MIC BATTERY - RODE MIC BATT-111379 | MACBOOK AIR M3 CHARGER - MBA M3 CHRG-111380 | MANFROTTO TRIPOD CASE - MANFRO CASE-111381 | SANDISK 128GB SD CARD - SANDISK 128SD-111382 | 
3403361,DRAW,@inside.fixture.edu,0,07/01/2025 5:40 PM,07/08/2025 6:30 PM,07/08/2025 10:47 AM,580020,5,Returned: META QUEST CHARGING CABLE - MQUEST CABLE-111383 | LOGITECH WEBCAM - LOGI WEBCAM-111384 | AUDIO-TECHNICA HEADPHONES - AT HEADPHONES-111385 | NIKON Z6 III MIRRORLESS BODY - NIKON Z6III-111386 | RODE WIRELESS MIC - RODE WIRELESS-111387 | 
7724045,INDD,@inside.fixture.edu,0,07/02/2025 10:52 AM,07/07/2025 6:30 PM,07/18/2025 6:46 PM,1410840,2,Returned: OLYMPUS 12-40mm LENS - OLY 1240 LENS-111388 | HUION DRAWING TABLET - HUION TABLET-111389 | 
2167449,EDES,@inside.fixture.edu,1,07/02/2025 10:57 AM,07/03/2025 6:30 PM,07/03/2025 10:30 AM,84780,1,Returned: GODOX POWER SUPPLY - GODOX PSU-111390 | 
3380261,VIZD,@inside.fixture.edu,0,07/02/2025 11:12 AM,07/02/2025 6:30 PM,07/02/2025 5:38 PM,23160,1,Returned: DELL XPS LAPTOP - DELL XPS-111391 | 
1514340,DRAW,@inside.fixture.edu,1,07/02/2025 1:27 PM,07/10/2025 6:30 PM,07/10/2025 1:15 PM,690480,1,Returned: FUJIFILM 18-55mm LENS - FUJI 1855 LENS-111392 | 
2539438,VIZD,@inside.fixture.edu,0,07/03/2025 9:53 AM,07/09/2025 6:30 PM,07/09/2025 9:47 AM,518040,7,Returned: OLYMPUS OM-D E-M1 BODY - OLY EM1-111393 | MANFROTTO TRIPOD CASE - MANFRO CASE-111394 | EPSON PROJECTOR HDMI CABLE - EPSON PROJ HDMI-111395 | LOGITECH WEBCAM - LOGI WEBCAM-111396 | CARD READER - CARDRDR-111397 | XLR CABLE 15FT - XLR15-111398 | INSTA360 X4 BATTERY - INSTA X4 BATT-111399 | 
9900022,,@fixture.edu,1,07/07/2025 12:35 PM,07/09/2025 6:30 PM,07/09/2025 5:51 PM,191760,5,Returned: NIKON Z6 III CAMERA CASE - NIKON Z6III CASE-111400 | DELL XPS LAPTOP CHARGER - DELL XPS CHRG-111401 | AUDIO-TECHNICA HEADPHONES - AT HEADPHONES-111402 | SANDISK 64GB SD CARD - SANDISK 64SD-111403 | RODE MIC BATTERY - RODE MIC BATT-111404 | 
4609330,,@fixture.edu,0,07/07/2025 2:02 PM,07/07/2025 6:30 PM,07/07/2025 2:17 PM,900,1,Returned: SANDISK 128GB SD CARD - SANDISK 128SD-111405 | 
7311494,ANIM,@inside.fixture.edu,1,07/08/2025 9:49 AM,07/18/2025 6:30 PM,07/18/2025 4:41 PM,888720,8,Returned: CARD READER - CARDRDR-111406 | RODE MIC BATTERY - RODE MIC BATT-111407 | META QUEST CONTROLLER - MQUEST CTRL-111408 | INSTA360 X4 BATTERY - INSTA X4 BATT-111409 | POWER STRIP - PWRSTRIP-111410 | USB-C TO HDMI ADAPTER - USBC HDMI-111411 | WACOM CINTIQ TABLET - WACOM CINTIQ-111412 | ZOOM H5 RECORDER - ZOOM H5-111413 | 
8043620,GDES,@inside.fixture.edu,1,07/08/2025 5:49 PM,07/14/2025 6:30 PM,07/15/2025 9:12 AM,573780,17,Returned: PANASONIC S5 II BATTERY CHARGER - PANA S5II CHRG-111414 | FUJIFILM 18-55mm LENS - FUJI 1855 LENS-111415 | RODE MIC BATTERY - RODE MIC BATT-111416 | HUION DRAWING TABLET - HUION TABLET-111417 | INSTA360 X4 BATTERY - INSTA X4 BATT-111418 | SANDISK 128GB SD CARD - SANDISK 128SD-111419 | WACOM CINTIQ PEN - WACOM CINTIQ PEN-111420 | LEXAR 128GB CF CARD - LEXAR CF128-111421 | LOGITECH WIRELESS MOUSE - LOGI MOUSE-111422 | MACBOOK AIR M3 CHARGER - MBA M3 CHRG-111423 | MACBOOK AIR M3 LAPTOP - MBA M3-111424 | NIKON Z6 III BATTERY - NIKON Z6III BATT-111425 | LAPTOP SLEEVE CASE - LAPTOP SLEEVE-111426 | FUJIFILM X-T5 BATTERY - FUJI XT5 BATT-111427 | HDMI CABLE 10FT - HDMI10-111428 | HUION DRAWING TABLET - HUION TABLET-111429 | FUJIFILM X-T5 BODY - FUJI XT5-111430 | 
8610913,VIZD,@inside.fixture.edu,0,07/09/2025 9:45 AM,07/09/2025 6:30 PM,07/09/2025 4:10 PM,23100,7,Returned: MACBOOK AIR CHARGING CABLE - MBA CABLE-111431 | WACOM ONE TABLET - WACOM ONE-111432 | META QUEST HEADSET - MQUEST HS-111433 | INSTA360 X4 CAMERA - INSTA X4-111434 | MANFROTTO TRIPOD - MANFRO TRIPOD-111435 | DELL XPS LAPTOP CHARGER - DELL XPS CHRG-111436 | EXTENSION CORD 10FT - EXTCORD10-111437 | 
6719285,ANIM,@inside.fixture.edu,2,07/10/2025 8:33 AM,07/21/2025 6:30 PM,07/22/2025 2:29 PM,1058160,8,Returned: POWER STRIP - PWRSTRIP-111438 | MANFROTTO TRIPOD CASE - MANFRO CASE-111439 | OLYMPUS OM-D E-M1 BODY - OLY EM1-111440 | USB KEYBOARD - USB KYBD-111441 | NIKON Z6 III CAMERA CASE - NIKON Z6III CASE-111442 | LEXAR 128GB CF CARD - LEXAR CF128-111443 | HUION DRAWING TABLET - HUION TABLET-111444 | RODE MIC BATTERY - RODE MIC BATT-111445 | 
3640889,,@fixture.edu,0,07/10/2025 8:46 AM,07/10/2025 6:30 PM,07/11/2025 8:08 AM,84120,2,Returned: LOGITECH WIRELESS MOUSE - LOGI MOUSE-111446 | MACBOOK AIR M3 CHARGER - MBA M3 CHRG-111447 | 
7208460,VIZD,@inside.fixture.edu,0,07/10/2025 9:34 AM,07/16/2025 6:30 PM,07/17/2025 10:06 AM,606720,8,Returned: OLYMPUS 12-40mm LENS - OLY 1240 LENS-111448 | MANFROTTO TRIPOD CASE - MANFRO CASE-111449 | RODE MIC BATTERY - RODE MIC BATT-111450 | INSTA360 X4 CASE - INSTA X4 CASE-111451 | WACOM ONE TABLET - WACOM ONE-111452 | USB-C MULTIPORT HUB - USBC HUB-111453 | LOGITECH WIRELESS MOUSE - LOGI MOUSE-111454 | GODOX LED LIGHT PANEL - GODOX LED-111455 | 
6228407,DRAW,@inside.fixture.edu,0,07/10/2025 6:21 PM,07/13/2025 6:20 PM,07/14/2025 1:06 PM,326700,4,Returned: INSTA360 X4 CAMERA - INSTA X4-111456 | WACOM CINTIQ PEN - WACOM CINTIQ PEN-111457 | FUJIFILM 18-55mm LENS - FUJI 1855 LENS-111458 | BENQ DATA PROJECTOR - BENQ PROJ-111459 | 
6442241,,@fixture.edu,1,07/11/2025 8:56 AM,07/25/2025 6:30 PM,08/22/2025 8:56 AM,3628800,24,Returned: BENQ DATA PROJECTOR - BENQ PROJ-111460 | PANASONIC S5 II BATTERY CHARGER - PANA S5II CHRG-111461 | POWER STRIP - PWRSTRIP-111462 | MANFROTTO TRIPOD CASE - MANFRO CASE-111463 | POWER STRIP - PWRSTRIP-111464 | DELL XPS LAPTOP - DELL XPS-111465 | LOGITECH WIRELESS MOUSE - LOGI MOUSE-111466 | NIKON Z6 III MIRRORLESS BODY - NIKON Z6III-111467 | MANFROTTO TRIPOD - MANFRO TRIPOD-111468 | OLYMPUS OM-D E-M1 BODY - OLY EM1-111469 | NIKON Z6 III BATTERY - NIKON Z6III BATT-111470 | GODOX LED LIGHT PANEL - GODOX LED-111471 | HDMI CABLE 10FT - HDMI10-111472 | FUJIFILM X-T5 BODY - FUJI XT5-111473 | MACBOOK AIR M3 LAPTOP - MBA M3-111474 | META QUEST CONTROLLER - MQUEST CTRL-111475 | OLYMPUS 12-40mm LENS - OLY 1240 LENS-111476 | HUION DRAWING TABLET - HUION TABLET-111477 | USB-C TO HDMI ADAPTER - USBC HDMI-111478 | WACOM CINTIQ PEN - WACOM CINTIQ PEN-111479 | HDMI CABLE 10FT - HDMI10-111480 | FUJIFILM X-T5 BATTERY - FUJI XT5 BATT-111481 | MANFROTTO TRIPOD CASE - MANFRO CASE-111482 | MANFROTTO TRIPOD CASE - MANFRO CASE-111483 | 
2425342,,@fixture.edu,0,07/11/2025 11:32 AM,07/11/2025 6:30 PM,07/11/2025 2:18 PM,9960,1,Returned: EPSON PROJECTOR - EPSON PROJ-111484 | 
1882629,,@fixture.edu,2,07/11/2025 11:33 AM,09/09/2025 6:30 PM,09/11/2025 11:19 AM,5355960,3,Returned: DELL XPS LAPTOP CHARGER - DELL XPS CHRG-111485 | OLYMPUS 12-40mm LENS - OLY 1240 LENS-111486 | OLYMPUS OM-D E-M1 BODY - OLY EM1-111487 | 
3610197,,@inside.fixture.edu,0,07/14/2025 9:12 AM,07/14/2025 6:30 PM,07/14/2025 10:55 AM,6180,1,Returned: INSTA360 X4 CAMERA - INSTA X4-111488 | 
3640899,INDD,@inside.fixture.edu,1,07/14/2025 6:38 PM,07/17/2025 6:30 PM,07/15/2025 11:01 AM,58980,4,Returned: FUJIFILM 18-55mm LENS - FUJI 1855 LENS-111489 | CARD READER - CARDRDR-111490 | USB-C TO HDMI ADAPTER - USBC HDMI-111491 | XLR CABLE 15FT - XLR15-111492 | 
1834876,INDD,@inside.fixture.edu,0,07/14/2025 6:51 PM,07/15/2025 6:30 PM,07/15/2025 1:25 PM,66840,1,Returned: RODE MIC BATTERY - RODE MIC BATT-111493 | 
2368710,STDA,@inside.fixture.edu,2,07/15/2025 3:29 PM,08/22/2025 6:30 PM,08/20/2025 5:56 PM,3119220,28,Returned: EPSON PROJECTOR HDMI CABLE - EPSON PROJ HDMI-111494 | USB-C TO HDMI ADAPTER - USBC HDMI-111495 | HUION DRAWING TABLET - HUION TABLET-111496 | GODOX LED LIGHT PANEL - GODOX LED-111497 | XLR CABLE 25FT - XLR25-111498 | RODE MIC BATTERY - RODE MIC BATT-111499 | LOGITECH WIRELESS MOUSE - LOGI MOUSE-111500 | NIKON Z6 III BATTERY - NIKON Z6III BATT-111501 | MANFROTTO TRIPOD CASE - MANFRO CASE-111502 | WACOM CINTIQ TABLET - WACOM CINTIQ-111503 | WACOM CINTIQ TABLET - WACOM CINTIQ-111504 | EQUIPMENT CRATE 12x12 - CRATE12-111505 | NIKON Z6 III CAMERA CASE - NIKON Z6III CASE-111506 | EPSON PROJECTOR HDMI CABLE - EPSON PROJ HDMI-111507 | OLYMPUS OM-D E-M1 BODY - OLY EM1-111508 | NIKON Z6 III CAMERA CASE - NIKON Z6III CASE-111509 | NIKON Z6 III CAMERA CASE - NIKON Z6III CASE-111510 | OLYMPUS 12-40mm LENS - OLY 1240 LENS-111511 | LAPTOP SLEEVE CASE - LAPTOP SLEEVE-111512 | META QUEST CHARGING CABLE - MQUEST CABLE-111513 | SANDISK 128GB SD CARD - SANDISK 128SD-111514 | HDMI CABLE 10FT - HDMI10-111515 | INSTA360 X4 BATTERY - INSTA X4 BATT-111516 | ZOOM H5 RECORDER - ZOOM H5-111517 | AUDIO-TECHNICA HEADPHONES - AT HEADPHONES-111518 | HDMI CABLE 10FT - HDMI10-111519 | MACBOOK AIR CHARGING CABLE - MBA CABLE-111520 | USB-C MULTIPORT HUB - USBC HUB-111521 | 
5565128,MDSV,@fixture.edu,0,08/14/2025 9:33 AM,08/18/2025 6:30 PM,08/22/2025 11:44 AM,699060,9,Returned: LAPTOP SLEEVE CASE - LAPTOP SLEEVE-111522 | GODOX LED LIGHT PANEL - GODOX LED-111523 | XLR CABLE 25FT - XLR25-111524 | OLYMPUS 12-40mm LENS - OLY 1240 LENS-111525 | LOGITECH WIRELESS MOUSE - LOGI MOUSE-111526 | LOGITECH WEBCAM - LOGI WEBCAM-111527 | DELL XPS LAPTOP CHARGER - DELL XPS CHRG-111528 | FUJIFILM 18-55mm LENS - FUJI 1855 LENS-111529 | META QUEST CONTROLLER - MQUEST CTRL-111530 | 
8434202,,@fixture.edu,0,07/16/2025 9:15 AM,07/25/2025 6:30 PM,07/25/2025 3:17 PM,799320,1,Returned: MANFROTTO TRIPOD - MANFRO TRIPOD-111531 | 
8113787,STDA,@inside.fixture.edu,2,07/16/2025 2:16 PM,08/07/2025 6:30 PM,08/07/2025 1:45 PM,1898940,6,Returned: LEXAR 128GB CF CARD - LEXAR CF128-111532 | GODOX LED LIGHT PANEL - GODOX LED-111533 | USB-C TO HDMI ADAPTER - USBC HDMI-111534 | NIKON Z6 III BATTERY CHARGER - NIKON Z6III CHRG-111535 | USB KEYBOARD - USB KYBD-111536 | SANDISK 128GB SD CARD - SANDISK 128SD-111537 | 
9148051,STDA,@inside.fixture.edu,2,07/16/2025 2:19 PM,08/22/2025 6:30 PM,08/20/2025 5:56 PM,3037020,12,Returned: NIKON Z6 III BATTERY CHARGER - NIKON Z6III CHRG-111538 | SANDISK 128GB SD CARD - SANDISK 128SD-111539 | SANDISK 128GB SD CARD - SANDISK 128SD-111540 | OLYMPUS 12-40mm LENS - OLY 1240 LENS-111541 | CARD READER - CARDRDR-111542 | MACBOOK AIR CHARGING CABLE - MBA CABLE-111543 | RODE MIC BATTERY - RODE MIC BATT-111544 | HDMI CABLE 10FT - HDMI10-111545 | GODOX LIGHT STAND - GODOX STAND-111546 | NIKON Z6 III BATTERY - NIKON Z6III BATT-111547 | EXTENSION CORD 10FT - EXTCORD10-111548 | MACBOOK AIR CHARGING CABLE - MBA CABLE-111549 | 
8416270,GDES,@inside.fixture.edu,0,07/16/2025 3:32 PM,07/16/2025 6:30 PM,07/18/2025 12:48 PM,162960,9,Returned: GODOX LIGHT STAND - GODOX STAND-111550 | EPSON PROJECTOR - EPSON PROJ-111551 | USB-C TO HDMI ADAPTER - USBC HDMI-111552 | NIKON Z6 III BATTERY CHARGER - NIKON Z6III CHRG-111553 | WACOM CINTIQ PEN - WACOM CINTIQ PEN-111554 | SANDISK 64GB SD CARD - SANDISK 64SD-111555 | WACOM CINTIQ PEN - WACOM CINTIQ PEN-111556 | NIKON Z6 III MIRRORLESS BODY - NIKON Z6III-111557 | EPSON PROJECTOR - EPSON PROJ-111558 | 
7948850,ANIM,@inside.fixture.edu,0,07/16/2025 4:09 PM,07/16/2025 6:30 PM,07/16/2025 4:21 PM,720,2,Returned: WACOM CINTIQ TABLET - WACOM CINTIQ-111559 | XLR CABLE 15FT - XLR15-111560 | 
5582979,STDA,@inside.fixture.edu,3,07/17/2025 4:50 PM,08/22/2025 6:30 PM,08/20/2025 6:23 PM,2943180,12,Returned: META QUEST HEADSET - MQUEST HS-111561 | PANASONIC S5 II BODY - PANA S5II-111562 | SANDISK 64GB SD CARD - SANDISK 64SD-111563 | USB-C MULTIPORT HUB - USBC HUB-111564 | META QUEST CONTROLLER - MQUEST CTRL-111565 | BENQ DATA PROJECTOR - BENQ PROJ-111566 | MANFROTTO TRIPOD CASE - MANFRO CASE-111567 | USB-C TO HDMI ADAPTER - USBC HDMI-111568 | LAPTOP SLEEVE CASE - LAPTOP SLEEVE-111569 | OLYMPUS 12-40mm LENS - OLY 1240 LENS-111570 | SANDISK 64GB SD CARD - SANDISK 64SD-111571 | WACOM ONE TABLET - WACOM ONE-111572 | 
4616647,INDD,@inside.fixture.edu,1,07/17/2025 5:49 PM,08/22/2025 6:30 PM,08/22/2025 10:47 AM,3085080,5,Returned: ZOOM H5 RECORDER - ZOOM H5-111573 | RODE MIC BATTERY - RODE MIC BATT-111574 | MANFROTTO TRIPOD - MANFRO TRIPOD-111575 | FUJIFILM 18-55mm LENS - FUJI 1855 LENS-111576 | MANFROTTO TRIPOD CASE - MANFRO CASE-111577 | 
9595744,VIZD,@inside.fixture.edu,0,07/18/2025 12:05 PM,07/18/2025 6:30 PM,07/24/2025 9:47 AM,510120,7,Returned: NIKON Z6 III BATTERY - NIKON Z6III BATT-111578 | WACOM ONE TABLET - WACOM ONE-111579 | GODOX LED LIGHT PANEL - GODOX LED-111580 | LAPTOP SLEEVE CASE - LAPTOP SLEEVE-111581 | AUDIO-TECHNICA HEADPHONES - AT HEADPHONES-111582 | PANASONIC S5 II BATTERY CHARGER - PANA S5II CHRG-111583 | NIKON Z6 III BATTERY CHARGER - NIKON Z6III CHRG-111584 | 
2909540,MDSV,@fixture.edu,0,07/18/2025 2:00 PM,07/22/2025 6:30 PM,07/23/2025 12:07 PM,425220,15,Returned: LOGITECH WEBCAM - LOGI WEBCAM-111585 | BENQ DATA PROJECTOR - BENQ PROJ-111586 | EQUIPMENT CRATE 12x12 - CRATE12-111587 | SANDISK 64GB SD CARD - SANDISK 64SD-111588 | WACOM CINTIQ TABLET - WACOM CINTIQ-111589 | HDMI CABLE 10FT - HDMI10-111590 | LOGITECH WIRELESS MOUSE - LOGI MOUSE-111591 | GODOX POWER SUPPLY - GODOX PSU-111592 | EQUIPMENT CRATE 12x12 - CRATE12-111593 | LOGITECH WEBCAM - LOGI WEBCAM-111594 | ZOOM H5 RECORDER CASE - ZOOM H5 CASE-111595 | NIKON Z6 III BATTERY CHARGER - NIKON Z6III CHRG-111596 | HUION DRAWING TABLET - HUION TABLET-111597 | WACOM CINTIQ TABLET - WACOM CINTIQ-111598 | EQUIPMENT CRATE 12x12 - CRATE12-111599 | 
6791039,,@fixture.edu,0,07/18/2025 3:13 PM,07/21/2025 3:12 PM,07/22/2025 11:30 AM,332220,5,Returned: LEXAR 128GB CF CARD - LEXAR CF128-111600 | LAPTOP SLEEVE CASE - LAPTOP SLEEVE-111601 | RODE MIC BATTERY - RODE MIC BATT-111602 | SANDISK 64GB SD CARD - SANDISK 64SD-111603 | PANASONIC S5 II BODY - PANA S5II-111604 | 
8212753,,@fixture.edu,0,07/24/2025 8:47 AM,07/24/2025 4:15 PM,07/24/2025 4:13 PM,26760,60,Returned: ZOOM H5 RECORDER - ZOOM H5-111605 | MACBOOK AIR CHARGING CABLE - MBA CABLE-111606 | EPSON PROJECTOR HDMI CABLE - EPSON PROJ HDMI-111607 | EPSON PROJECTOR HDMI CABLE - EPSON PROJ HDMI-111608 | MACBOOK AIR M3 LAPTOP - MBA M3-111609 | XLR CABLE 25FT - XLR25-111610 | HDMI CABLE 10FT - HDMI10-111611 | META QUEST CONTROLLER - MQUEST CTRL-111612 | MACBOOK AIR M3 CHARGER - MBA M3 CHRG-111613 | WACOM CINTIQ PEN - WACOM CINTIQ PEN-111614 | POWER STRIP - PWRSTRIP-111615 | GODOX LIGHT STAND - GODOX STAND-111616 | META QUEST CHARGING CABLE - MQUEST CABLE-111617 | FUJIFILM X-T5 BODY - FUJI XT5-111618 | FUJIFILM X-T5 BATTERY - FUJI XT5 BATT-111619 | NIKON Z6 III MIRRORLESS BODY - NIKON Z6III-111620 | NIKON Z6 III BATTERY - NIKON Z6III BATT-111621 | NIKON Z6 III BATTERY CHARGER - NIKON Z6III CHRG-111622 | NIKON Z6 III MIRRORLESS BODY - NIKON Z6III-111623 | MANFROTTO TRIPOD CASE - MANFRO CASE-111624 | NIKON Z6 III MIRRORLESS BODY - NIKON Z6III-111625 | DELL XPS LAPTOP CHARGER - DELL XPS CHRG-111626 | BENQ DATA PROJECTOR - BENQ PROJ-111627 | INSTA360 X4 CAMERA - INSTA X4-111628 | FUJIFILM X-T5 BATTERY - FUJI XT5 BATT-111629 | XLR CABLE 15FT - XLR15-111630 | GODOX LED LIGHT PANEL - GODOX LED-111631 | INSTA360 X4 BATTERY - INSTA X4 BATT-111632 | BENQ DATA PROJECTOR - BENQ PROJ-111633 | XLR CABLE 15FT - XLR15-111634 | MANFROTTO TRIPOD CASE - MANFRO CASE-111635 | GODOX LED LIGHT PANEL - GODOX LED-111636 | RODE WIRELESS MIC - RODE WIRELESS-111637 | NIKON Z6 III BATTERY - NIKON Z6III BATT-111638 | FUJIFILM 18-55mm LENS - FUJI 1855 LENS-111639 | OLYMPUS OM-D E-M1 BODY - OLY EM1-111640 | MACBOOK AIR M3 LAPTOP - MBA M3-111641 | META QUEST CHARGING CABLE - MQUEST CABLE-111642 | INSTA360 X4 CASE - INSTA X4 CASE-111643 | META QUEST CONTROLLER - MQUEST CTRL-111644 | FUJIFILM 18-55mm LENS - FUJI 1855 LENS-111645 | GODOX LED LIGHT PANEL - GODOX LED-111646 | INSTA360 X4 CAMERA - INSTA X4-111647 | POWER STRIP - PWRSTRIP-111648 | EQUIPMENT CRATE 12x12 - CRATE12-111649 | META QUEST CHARGING CABLE - MQUEST CABLE-111650 | PANASONIC S5 II BODY - PANA S5II-111651 | FUJIFILM 18-55mm LENS - FUJI 1855 LENS-111652 | EPSON PROJECTOR HDMI CABLE - EPSON PROJ HDMI-111653 | MACBOOK AIR M3 LAPTOP - MBA M3-111654 | EQUIPMENT CRATE 12x12 - CRATE12-111655 | EPSON PROJECTOR - EPSON PROJ-111656 | MANFROTTO TRIPOD CASE - MANFRO CASE-111657 | NIKON Z6 III BATTERY - NIKON Z6III BATT-111658 | USB-C TO HDMI ADAPTER - USBC HDMI-111659 | NIKON Z6 III CAMERA CASE - NIKON Z6III CASE-111660 | EPSON PROJECTOR - EPSON PROJ-111661 | SANDISK 64GB SD CARD - SANDISK 64SD-111662 | XLR CABLE 25FT - XLR25-111663 | XLR CABLE 15FT - XLR15-111664 | 
2860421,,@fixture.edu,0,07/21/2025 10:59 AM,07/25/2025 6:30 PM,07/25/2025 6:25 PM,372360,12,Returned: NIKON Z6 III BATTERY CHARGER - NIKON Z6III CHRG-111665 | DELL XPS LAPTOP - DELL XPS-111666 | MACBOOK AIR M3 LAPTOP - MBA M3-111667 | PANASONIC S5 II BODY - PANA S5II-111668 | NIKON Z6 III MIRRORLESS BODY - NIKON Z6III-111669 | META QUEST HEADSET - MQUEST HS-111670 | GODOX LIGHT STAND - GODOX STAND-111671 | INSTA360 X4 CAMERA - INSTA X4-111672 | EQUIPMENT CRATE 12x12 - CRATE12-111673 | EPSON PROJECTOR HDMI CABLE - EPSON PROJ HDMI-111674 | EPSON PROJECTOR HDMI CABLE - EPSON PROJ HDMI-111675 | SANDISK 64GB SD CARD - SANDISK 64SD-111676 | 
5752087,,@fixture.edu,0,07/21/2025 12:28 PM,07/21/2025 6:30 PM,07/21/2025 4:56 PM,16080,3,Returned: MANFROTTO TRIPOD - MANFRO TRIPOD-111677 | GODOX LIGHT STAND - GODOX STAND-111678 | INSTA360 X4 CAMERA - INSTA X4-111679 | 
9164342,,@fixture.edu,2,07/21/2025 1:57 PM,07/29/2025 6:30 PM,07/29/2025 3:50 PM,697980,5,Returned: PANASONIC S5 II BATTERY CHARGER - PANA S5II CHRG-111680 | GODOX POWER SUPPLY - GODOX PSU-111681 | LOGITECH WEBCAM - LOGI WEBCAM-111682 | INSTA360 X4 CASE - INSTA X4 CASE-111683 | NIKON Z6 III BATTERY CHARGER - NIKON Z6III CHRG-111684 | 
9840487,INDD,@inside.fixture.edu,2,07/21/2025 4:48 PM,08/06/2025 6:30 PM,08/07/2025 12:32 PM,1453440,4,Returned: USB-C TO HDMI ADAPTER - USBC HDMI-111685 | CARD READER - CARDRDR-111686 | USB-C TO HDMI ADAPTER - USBC HDMI-111687 | EPSON PROJECTOR - EPSON PROJ-111688 | 
6174418,VIZD,@inside.fixture.edu,0,07/21/2025 5:45 PM,07/23/2025 6:00 PM,07/23/2025 4:35 PM,168600,1,Returned: POWER STRIP - PWRSTRIP-111689 | 
1761976,INDD,@inside.fixture.edu,0,07/22/2025 9:21 AM,07/23/2025 6:30 PM,07/22/2025 1:14 PM,13980,4,Returned: EPSON PROJECTOR HDMI CABLE - EPSON PROJ HDMI-111690 | BENQ DATA PROJECTOR - BENQ PROJ-111691 | MANFROTTO TRIPOD CASE - MANFRO CASE-111692 | FUJIFILM X-T5 BODY - FUJI XT5-111693 | 
4699685,,@fixture.edu,0,07/23/2025 8:54 AM,07/23/2025 4:00 PM,07/23/2025 4:23 PM,26940,60,Returned: XLR CABLE 15FT - XLR15-111694 | LOGITECH WIRELESS MOUSE - LOGI MOUSE-111695 | USB-C MULTIPORT HUB - USBC HUB-111696 | XLR CABLE 15FT - XLR15-111697 | META QUEST HEADSET - MQUEST HS-111698 | EPSON PROJECTOR HDMI CABLE - EPSON PROJ HDMI-111699 | USB-C MULTIPORT HUB - USBC HUB-111700 | RODE MIC BATTERY - RODE MIC BATT-111701 | GODOX LED LIGHT PANEL - GODOX LED-111702 | AUDIO-TECHNICA HEADPHONES - AT HEADPHONES-111703 | WACOM CINTIQ TABLET - WACOM CINTIQ-111704 | XLR CABLE 15FT - XLR15-111705 | INSTA360 X4 CASE - INSTA X4 CASE-111706 | EXTENSION CORD 10FT - EXTCORD10-111707 | OLYMPUS 12-40mm LENS - OLY 1240 LENS-111708 | GODOX LIGHT STAND - GODOX STAND-111709 | EQUIPMENT CRATE 12x12 - CRATE12-111710 | GODOX POWER SUPPLY - GODOX PSU-111711 | AUDIO-TECHNICA HEADPHONES - AT HEADPHONES-111712 | INSTA360 X4 CAMERA - INSTA X4-111713 | FUJIFILM X-T5 BODY - FUJI XT5-111714 | LEXAR 128GB CF CARD - LEXAR CF128-111715 | OLYMPUS OM-D E-M1 BODY - OLY EM1-111716 | META QUEST CONTROLLER - MQUEST CTRL-111717 | GODOX LED LIGHT PANEL - GODOX LED-111718 | DELL XPS LAPTOP CHARGER - DELL XPS CHRG-111719 | USB-C MULTIPORT HUB - USBC HUB-111720 | GODOX POWER SUPPLY - GODOX PSU-111721 | EQUIPMENT CRATE 12x12 - CRATE12-111722 | ZOOM H5 RECORDER - ZOOM H5-111723 | META QUEST CONTROLLER - MQUEST CTRL-111724 | INSTA360 X4 CASE - INSTA X4 CASE-111725 | OLYMPUS OM-D E-M1 BODY - OLY EM1-111726 | ZOOM H5 RECORDER - ZOOM H5-111727 | HUION DRAWING TABLET - HUION TABLET-111728 | BENQ DATA PROJECTOR - BENQ PROJ-111729 | USB KEYBOARD - USB KYBD-111730 | WACOM CINTIQ TABLET - WACOM CINTIQ-111731 | INSTA360 X4 BATTERY - INSTA X4 BATT-111732 | POWER STRIP - PWRSTRIP-111733 | LOGITECH WIRELESS MOUSE - LOGI MOUSE-111734 | XLR CABLE 25FT - XLR25-111735 | LOGITECH WIRELESS MOUSE - LOGI MOUSE-111736 | EQUIPMENT CRATE 12x12 - CRATE12-111737 | INSTA360 X4 CASE - INSTA X4 CASE-111738 | USB-C MULTIPORT HUB - USBC HUB-111739 | LAPTOP SLEEVE CASE - LAPTOP SLEEVE-111740 | WACOM CINTIQ TABLET - WACOM CINTIQ-111741 | MANFROTTO TRIPOD - MANFRO TRIPOD-111742 | USB-C TO HDMI ADAPTER - USBC HDMI-111743 | META QUEST CHARGING CABLE - MQUEST CABLE-111744 | BENQ DATA PROJECTOR - BENQ PROJ-111745 | GODOX POWER SUPPLY - GODOX PSU-111746 | POWER STRIP - PWRSTRIP-111747 | MACBOOK AIR M3 CHARGER - MBA M3 CHRG-111748 | RODE MIC BATTERY - RODE MIC BATT-111749 | USB KEYBOARD - USB KYBD-111750 | XLR CABLE 15FT - XLR15-111751 | META QUEST CHARGING CABLE - MQUEST CABLE-111752 | LAPTOP SLEEVE CASE - LAPTOP SLEEVE-111753 | 
7631419,,@fixture.edu,0,07/25/2025 8:45 AM,07/25/2025 12:00 PM,07/25/2025 11:59 AM,11640,60,Returned: LOGITECH WIRELESS MOUSE - LOGI MOUSE-111754 | SANDISK 128GB SD CARD - SANDISK 128SD-111755 | ZOOM H5 RECORDER CASE - ZOOM H5 CASE-111756 | AUDIO-TECHNICA HEADPHONES - AT HEADPHONES-111757 | HDMI CABLE 10FT - HDMI10-111758 | FUJIFILM X-T5 BATTERY - FUJI XT5 BATT-111759 | GODOX LED LIGHT PANEL - GODOX LED-111760 | DELL XPS LAPTOP CHARGER - DELL XPS CHRG-111761 | LOGITECH WIRELESS MOUSE - LOGI MOUSE-111762 | META QUEST HEADSET - MQUEST HS-111763 | PANASONIC S5 II BATTERY CHARGER - PANA S5II CHRG-111764 | NIKON Z6 III MIRRORLESS BODY - NIKON Z6III-111765 | POWER STRIP - PWRSTRIP-111766 | MACBOOK AIR CHARGING CABLE - MBA CABLE-111767 | FUJIFILM X-T5 BATTERY - FUJI XT5 BATT-111768 | OLYMPUS OM-D E-M1 BODY - OLY EM1-111769 | NIKON Z6 III CAMERA CASE - NIKON Z6III CASE-111770 | INSTA360 X4 CAMERA - INSTA X4-111771 | LEXAR 128GB CF CARD - LEXAR CF128-111772 | AUDIO-TECHNICA HEADPHONES - AT HEADPHONES-111773 | LOGITECH WIRELESS MOUSE - LOGI MOUSE-111774 | USB-C MULTIPORT HUB - USBC HUB-111775 | FUJIFILM X-T5 BATTERY - FUJI XT5 BATT-111776 | LOGITECH WEBCAM - LOGI WEBCAM-111777 | NIKON Z6 III BATTERY - NIKON Z6III BATT-111778 | NIKON Z6 III BATTERY - NIKON Z6III BATT-111779 | FUJIFILM 18-55mm LENS - FUJI 1855 LENS-111780 | PANASONIC S5 II BATTERY CHARGER - PANA S5II CHRG-111781 | EXTENSION CORD 10FT - EXTCORD10-111782 | NIKON Z6 III CAMERA CASE - NIKON Z6III CASE-111783 | LEXAR 128GB CF CARD - LEXAR CF128-111784 | INSTA360 X4 CAMERA - INSTA X4-111785 | DELL XPS LAPTOP - DELL XPS-111786 | ZOOM H5 RECORDER CASE - ZOOM H5 CASE-111787 | AUDIO-TECHNICA HEADPHONES - AT HEADPHONES-111788 | EPSON PROJECTOR - EPSON PROJ-111789 | RODE WIRELESS MIC - RODE WIRELESS-111790 | XLR CABLE 25FT - XLR25-111791 | SANDISK 64GB SD CARD - SANDISK 64SD-111792 | DELL XPS LAPTOP - DELL XPS-111793 | WACOM CINTIQ PEN - WACOM CINTIQ PEN-111794 | MACBOOK AIR M3 CHARGER - MBA M3 CHRG-111795 | WACOM ONE TABLET - WACOM ONE-111796 | NIKON Z6 III BATTERY CHARGER - NIKON Z6III CHRG-111797 | MACBOOK AIR CHARGING CABLE - MBA CABLE-111798 | NIKON Z6 III BATTERY - NIKON Z6III BATT-111799 | RODE MIC BATTERY - RODE MIC BATT-111800 | NIKON Z6 III BATTERY - NIKON Z6III BATT-111801 | EPSON PROJECTOR - EPSON PROJ-111802 | CARD READER - CARDRDR-111803 | XLR CABLE 25FT - XLR25-111804 | USB-C MULTIPORT HUB - USBC HUB-111805 | FUJIFILM X-T5 BATTERY - FUJI XT5 BATT-111806 | GODOX POWER SUPPLY - GODOX PSU-111807 | HUION DRAWING TABLET - HUION TABLET-111808 | ZOOM H5 RECORDER CASE - ZOOM H5 CASE-111809 | INSTA360 X4 BATTERY - INSTA X4 BATT-111810 | MACBOOK AIR M3 CHARGER - MBA M3 CHRG-111811 | NIKON Z6 III BATTERY - NIKON Z6III BATT-111812 | NIKON Z6 III BATTERY CHARGER - NIKON Z6III CHRG-111813 | 
1919088,DRAW,@inside.fixture.edu,1,07/22/2025 5:14 PM,07/31/2025 6:30 PM,07/30/2025 4:01 PM,686820,4,Returned: MACBOOK AIR M3 CHARGER - MBA M3 CHRG-111814 | META QUEST HEADSET - MQUEST HS-111815 | MACBOOK AIR M3 CHARGER - MBA M3 CHRG-111816 | USB-C MULTIPORT HUB - USBC HUB-111817 | 
1128967,,@fixture.edu,0,07/23/2025 2:59 PM,08/13/2025 6:30 PM,08/12/2025 4:49 PM,1734600,5,Returned: FUJIFILM X-T5 BODY - FUJI XT5-111818 | EPSON PROJECTOR HDMI CABLE - EPSON PROJ HDMI-111819 | EPSON PROJECTOR HDMI CABLE - EPSON PROJ HDMI-111820 | META QUEST CONTROLLER - MQUEST CTRL-111821 | MACBOOK AIR M3 LAPTOP - MBA M3-111822 | 
4429650,,@fixture.edu,0,07/23/2025 4:48 PM,07/25/2025 6:30 PM,07/25/2025 11:02 AM,152040,5,Returned: HDMI CABLE 10FT - HDMI10-111823 | LEXAR 128GB CF CARD - LEXAR CF128-111824 | INSTA360 X4 CASE - INSTA X4 CASE-111825 | NIKON Z6 III BATTERY - NIKON Z6III BATT-111826 | RODE MIC BATTERY - RODE MIC BATT-111827 | 
6056977,VIZD,@inside.fixture.edu,0,07/24/2025 9:25 AM,07/24/2025 6:30 PM,07/24/2025 1:16 PM,13860,1,Returned: EXTENSION CORD 10FT - EXTCORD10-111828 | 
4543918,VIZD,@inside.fixture.edu,0,07/24/2025 9:47 AM,07/30/2025 6:30 PM,07/30/2025 4:39 PM,543120,10,Returned: CARD READER - CARDRDR-111829 | SANDISK 64GB SD CARD - SANDISK 64SD-111830 | AUDIO-TECHNICA HEADPHONES - AT HEADPHONES-111831 | NIKON Z6 III MIRRORLESS BODY - NIKON Z6III-111832 | OLYMPUS OM-D E-M1 BODY - OLY EM1-111833 | CARD READER - CARDRDR-111834 | EXTENSION CORD 10FT - EXTCORD10-111835 | META QUEST CHARGING CABLE - MQUEST CABLE-111836 | DELL XPS LAPTOP CHARGER - DELL XPS CHRG-111837 | MACBOOK AIR CHARGING CABLE - MBA CABLE-111838 | 
3302417,DRAW,@inside.fixture.edu,0,07/25/2025 12:14 PM,07/29/2025 6:30 PM,07/28/2025 6:00 PM,279960,4,Returned: MACBOOK AIR M3 LAPTOP - MBA M3-111839 | EPSON PROJECTOR - EPSON PROJ-111840 | XLR CABLE 25FT - XLR25-111841 | META QUEST CONTROLLER - MQUEST CTRL-111842 | 
5286905,,@inside.fixture.edu,0,07/25/2025 3:40 PM,07/25/2025 6:30 PM,07/25/2025 5:48 PM,7680,1,Returned: GODOX LED LIGHT PANEL - GODOX LED-111843 | 
5856117,,@fixture.edu,0,07/28/2025 10:15 AM,07/28/2025 6:30 PM,08/01/2025 8:12 AM,338220,8,Returned: NIKON Z6 III BATTERY CHARGER - NIKON Z6III CHRG-111844 | WACOM CINTIQ PEN - WACOM CINTIQ PEN-111845 | EPSON PROJECTOR - EPSON PROJ-111846 | MACBOOK AIR CHARGING CABLE - MBA CABLE-111847 | META QUEST HEADSET - MQUEST HS-111848 | RODE WIRELESS MIC - RODE WIRELESS-111849 | OLYMPUS 12-40mm LENS - OLY 1240 LENS-111850 | MANFROTTO TRIPOD CASE - MANFRO CASE-111851 | 
6504979,VIZD,@inside.fixture.edu,0,07/28/2025 12:09 PM,07/31/2025 6:30 PM,08/14/2025 3:40 PM,1481460,8,Returned: ZOOM H5 RECORDER - ZOOM H5-111852 | FUJIFILM 18-55mm LENS - FUJI 1855 LENS-111853 | OLYMPUS 12-40mm LENS - OLY 1240 LENS-111854 | USB KEYBOARD - USB KYBD-111855 | PANASONIC S5 II BATTERY CHARGER - PANA S5II CHRG-111856 | MACBOOK AIR M3 CHARGER - MBA M3 CHRG-111857 | NIKON Z6 III MIRRORLESS BODY - NIKON Z6III-111858 | EXTENSION CORD 10FT - EXTCORD10-111859 | 
3013003,ANIM,@inside.fixture.edu,0,07/28/2025 12:28 PM,08/01/2025 6:30 PM,08/04/2025 12:37 PM,605340,1,Returned: LOGITECH WEBCAM - LOGI WEBCAM-111860 | 
1129686,,@inside.fixture.edu,0,07/28/2025 2:02 PM,07/28/2025 6:30 PM,08/04/2025 6:36 PM,621240,2,Returned: META QUEST HEADSET - MQUEST HS-111861 | EXTENSION CORD 10FT - EXTCORD10-111862 | 
9344741,,@fixture.edu,0,07/30/2025 7:58 AM,07/30/2025 12:00 PM,07/30/2025 1:11 PM,18780,42,Returned: NIKON Z6 III BATTERY CHARGER - NIKON Z6III CHRG-111863 | PANASONIC S5 II BATTERY CHARGER - PANA S5II CHRG-111864 | ZOOM H5 RECORDER - ZOOM H5-111865 | GODOX POWER SUPPLY - GODOX PSU-111866 | USB KEYBOARD - USB KYBD-111867 | SANDISK 128GB SD CARD - SANDISK 128SD-111868 | DELL XPS LAPTOP CHARGER - DELL XPS CHRG-111869 | EPSON PROJECTOR - EPSON PROJ-111870 | META QUEST CONTROLLER - MQUEST CTRL-111871 | FUJIFILM X-T5 BATTERY - FUJI XT5 BATT-111872 | OLYMPUS OM-D E-M1 BODY - OLY EM1-111873 | BENQ DATA PROJECTOR - BENQ PROJ-111874 | INSTA360 X4 CAMERA - INSTA X4-111875 | USB-C TO HDMI ADAPTER - USBC HDMI-111876 | DELL XPS LAPTOP CHARGER - DELL XPS CHRG-111877 | XLR CABLE 15FT - XLR15-111878 | EPSON PROJECTOR - EPSON PROJ-111879 | NIKON Z6 III BATTERY - NIKON Z6III BATT-111880 | LAPTOP SLEEVE CASE - LAPTOP SLEEVE-111881 | EPSON PROJECTOR - EPSON PROJ-111882 | HUION DRAWING TABLET - HUION TABLET-111883 | FUJIFILM X-T5 BATTERY - FUJI XT5 BATT-111884 | MACBOOK AIR M3 CHARGER - MBA M3 CHRG-111885 | MANFROTTO TRIPOD CASE - MANFRO CASE-111886 | USB-C TO HDMI ADAPTER - USBC HDMI-111887 | DELL XPS LAPTOP - DELL XPS-111888 | NIKON Z6 III CAMERA CASE - NIKON Z6III CASE-111889 | MANFROTTO TRIPOD - MANFRO TRIPOD-111890 | INSTA360 X4 CAMERA - INSTA X4-111891 | ZOOM H5 RECORDER CASE - ZOOM H5 CASE-111892 | AUDIO-TECHNICA HEADPHONES - AT HEADPHONES-111893 | META QUEST CONTROLLER - MQUEST CTRL-111894 | META QUEST HEADSET - MQUEST HS-111895 | EQUIPMENT CRATE 12x12 - CRATE12-111896 | FUJIFILM 18-55mm LENS - FUJI 1855 LENS-111897 | OLYMPUS 12-40mm LENS - OLY 1240 LENS-111898 | WACOM CINTIQ TABLET - WACOM CINTIQ-111899 | GODOX LIGHT STAND - GODOX STAND-111900 | DELL XPS LAPTOP CHARGER - DELL XPS CHRG-111901 | INSTA360 X4 CASE - INSTA X4 CASE-111902 | XLR CABLE 15FT - XLR15-111903 | MANFROTTO TRIPOD - MANFRO TRIPOD-111904 | 
8225192,,@fixture.edu,0,07/29/2025 2:11 PM,07/29/2025 6:30 PM,07/30/2025 10:44 AM,73980,5,Returned: NIKON Z6 III CAMERA CASE - NIKON Z6III CASE-111905 | POWER STRIP - PWRSTRIP-111906 | PANASONIC S5 II BATTERY CHARGER - PANA S5II CHRG-111907 | AUDIO-TECHNICA HEADPHONES - AT HEADPHONES-111908 | USB-C TO HDMI ADAPTER - USBC HDMI-111909 | 
3947669,ANIM,@inside.fixture.edu,2,07/29/2025 2:32 PM,08/19/2025 6:30 PM,08/15/2025 2:29 PM,1468620,18,Returned: SANDISK 128GB SD CARD - SANDISK 128SD-111910 | OLYMPUS 12-40mm LENS - OLY 1240 LENS-111911 | OLYMPUS OM-D E-M1 BODY - OLY EM1-111912 | EPSON PROJECTOR - EPSON PROJ-111913 | NIKON Z6 III MIRRORLESS BODY - NIKON Z6III-111914 | NIKON Z6 III CAMERA CASE - NIKON Z6III CASE-111915 | POWER STRIP - PWRSTRIP-111916 | FUJIFILM 18-55mm LENS - FUJI 1855 LENS-111917 | GODOX LIGHT STAND - GODOX STAND-111918 | WACOM CINTIQ PEN - WACOM CINTIQ PEN-111919 | NIKON Z6 III MIRRORLESS BODY - NIKON Z6III-111920 | EQUIPMENT CRATE 12x12 - CRATE12-111921 | OLYMPUS OM-D E-M1 BODY - OLY EM1-111922 | META QUEST CONTROLLER - MQUEST CTRL-111923 | CARD READER - CARDRDR-111924 | LOGITECH WEBCAM - LOGI WEBCAM-111925 | PANASONIC S5 II BATTERY CHARGER - PANA S5II CHRG-111926 | MACBOOK AIR M3 CHARGER - MBA M3 CHRG-111927 | 
3167376,ANIM,@inside.fixture.edu,0,08/06/2025 8:44 AM,08/20/2025 6:30 PM,09/15/2025 1:00 PM,3471360,19,Returned: MACBOOK AIR M3 CHARGER - MBA M3 CHRG-111928 | FUJIFILM X-T5 BATTERY - FUJI XT5 BATT-111929 | XLR CABLE 25FT - XLR25-111930 | HUION DRAWING TABLET - HUION TABLET-111931 | USB-C MULTIPORT HUB - USBC HUB-111932 | LOGITECH WEBCAM - LOGI WEBCAM-111933 | OLYMPUS 12-40mm LENS - OLY 1240 LENS-111934 | FUJIFILM 18-55mm LENS - FUJI 1855 LENS-111935 | LAPTOP SLEEVE CASE - LAPTOP SLEEVE-111936 | CARD READER - CARDRDR-111937 | NIKON Z6 III CAMERA CASE - NIKON Z6III CASE-111938 | LAPTOP SLEEVE CASE - LAPTOP SLEEVE-111939 | INSTA360 X4 CASE - INSTA X4 CASE-111940 | WACOM CINTIQ TABLET - WACOM CINTIQ-111941 | LEXAR 128GB CF CARD - LEXAR CF128-111942 | HDMI CABLE 10FT - HDMI10-111943 | USB KEYBOARD - USB KYBD-111944 | ZOOM H5 RECORDER CASE - ZOOM H5 CASE-111945 | SANDISK 128GB SD CARD - SANDISK 128SD-111946 | 
7378822,INDD,@inside.fixture.edu,1,07/29/2025 4:42 PM,08/22/2025 6:30 PM,08/21/2025 5:47 PM,1991100,5,Returned: MANFROTTO TRIPOD - MANFRO TRIPOD-111947 | NIKON Z6 III CAMERA CASE - NIKON Z6III CASE-111948 | DELL XPS LAPTOP - DELL XPS-111949 | CARD READER - CARDRDR-111950 | EXTENSION CORD 10FT - EXTCORD10-111951 | 
9935249,INDD,@inside.fixture.edu,0,07/29/2025 4:43 PM,07/31/2025 6:30 PM,07/31/2025 5:09 PM,174360,1,Returned: NIKON Z6 III BATTERY - NIKON Z6III BATT-111952 | 
4860617,MOTP,@inside.fixture.edu,0,07/29/2025 4:53 PM,08/01/2025 6:30 PM,08/05/2025 8:26 AM,574380,7,Returned: GODOX LIGHT STAND - GODOX STAND-111953 | META QUEST CHARGING CABLE - MQUEST CABLE-111954 | XLR CABLE 25FT - XLR25-111955 | WACOM ONE TABLET - WACOM ONE-111956 | CARD READER - CARDRDR-111957 | HDMI CABLE 10FT - HDMI10-111958 | OLYMPUS OM-D E-M1 BODY - OLY EM1-111959 | 
9393009,,@fixture.edu,0,07/31/2025 10:21 AM,07/31/2025 6:30 PM,08/01/2025 9:21 AM,82800,1,Returned: WACOM ONE TABLET - WACOM ONE-111960 | 
6941939,VIZD,@inside.fixture.edu,0,07/31/2025 11:32 AM,08/06/2025 6:30 PM,08/06/2025 4:24 PM,535920,8,Returned: POWER STRIP - PWRSTRIP-111961 | EQUIPMENT CRATE 12x12 - CRATE12-111962 | GODOX LED LIGHT PANEL - GODOX LED-111963 | HDMI CABLE 10FT - HDMI10-111964 | OLYMPUS 12-40mm LENS - OLY 1240 LENS-111965 | WACOM CINTIQ PEN - WACOM CINTIQ PEN-111966 | MANFROTTO TRIPOD CASE - MANFRO CASE-111967 | EXTENSION CORD 10FT - EXTCORD10-111968 | 
2209226,STDA,@inside.fixture.edu,1,07/31/2025 2:12 PM,08/22/2025 6:30 PM,08/20/2025 6:19 PM,1742820,19,Returned: DELL XPS LAPTOP - DELL XPS-111969 | NIKON Z6 III BATTERY - NIKON Z6III BATT-111970 | NIKON Z6 III CAMERA CASE - NIKON Z6III CASE-111971 | FUJIFILM X-T5 BODY - FUJI XT5-111972 | META QUEST HEADSET - MQUEST HS-111973 | OLYMPUS 12-40mm LENS - OLY 1240 LENS-111974 | GODOX LED LIGHT PANEL - GODOX LED-111975 | XLR CABLE 15FT - XLR15-111976 | XLR CABLE 25FT - XLR25-111977 | MACBOOK AIR M3 LAPTOP - MBA M3-111978 | LOGITECH WEBCAM - LOGI WEBCAM-111979 | META QUEST CONTROLLER - MQUEST CTRL-111980 | RODE WIRELESS MIC - RODE WIRELESS-111981 | USB-C MULTIPORT HUB - USBC HUB-111982 | RODE MIC BATTERY - RODE MIC BATT-111983 | RODE WIRELESS MIC - RODE WIRELESS-111984 | INSTA360 X4 CAMERA - INSTA X4-111985 | LAPTOP SLEEVE CASE - LAPTOP SLEEVE-111986 | XLR CABLE 25FT - XLR25-111987 | 
7661748,INDD,@inside.fixture.edu,0,07/31/2025 5:09 PM,09/01/2025 6:30 PM,10/22/2025 4:10 PM,7167660,2,Returned: CARD READER - CARDRDR-111988 | GODOX POWER SUPPLY - GODOX PSU-111989 | 
1709714,ANIM,@inside.fixture.edu,1,08/08/2025 4:29 PM,08/21/2025 6:30 PM,08/20/2025 12:25 PM,1022160,4,Returned: EPSON PROJECTOR - EPSON PROJ-111990 | META QUEST CONTROLLER - MQUEST CTRL-111991 | WACOM ONE TABLET - WACOM ONE-111992 | GODOX LIGHT STAND - GODOX STAND-111993 | 
8318550,,@fixture.edu,1,08/01/2025 1:46 PM,08/07/2025 6:30 PM,08/12/2025 11:33 AM,942420,8,Returned: WACOM CINTIQ TABLET - WACOM CINTIQ-111994 | MACBOOK AIR M3 LAPTOP - MBA M3-111995 | FUJIFILM X-T5 BATTERY - FUJI XT5 BATT-111996 | MACBOOK AIR M3 CHARGER - MBA M3 CHRG-111997 | ZOOM H5 RECORDER - ZOOM H5-111998 | LAPTOP SLEEVE CASE - LAPTOP SLEEVE-111999 | HUION DRAWING TABLET - HUION TABLET-112000 | LEXAR 128GB CF CARD - LEXAR CF128-112001 | 
1314430,,@fixture.edu,0,08/04/2025 11:36 AM,08/08/2025 6:30 PM,08/08/2025 4:43 PM,364020,2,Returned: MANFROTTO TRIPOD - MANFRO TRIPOD-112002 | MANFROTTO TRIPOD - MANFRO TRIPOD-112003 | 
8713396,,@fixture.edu,0,08/04/2025 6:35 PM,08/07/2025 6:30 PM,08/06/2025 8:25 AM,136200,18,Returned: MANFROTTO TRIPOD CASE - MANFRO CASE-112004 | LAPTOP SLEEVE CASE - LAPTOP SLEEVE-112005 | RODE MIC BATTERY - RODE MIC BATT-112006 | META QUEST HEADSET - MQUEST HS-112007 | META QUEST HEADSET - MQUEST HS-112008 | WACOM CINTIQ TABLET - WACOM CINTIQ-112009 | ZOOM H5 RECORDER CASE - ZOOM H5 CASE-112010 | RODE WIRELESS MIC - RODE WIRELESS-112011 | LOGITECH WIRELESS MOUSE - LOGI MOUSE-112012 | LAPTOP SLEEVE CASE - LAPTOP SLEEVE-112013 | AUDIO-TECHNICA HEADPHONES - AT HEADPHONES-112014 | MANFROTTO TRIPOD - MANFRO TRIPOD-112015 | DELL XPS LAPTOP - DELL XPS-112016 | GODOX LIGHT STAND - GODOX STAND-112017 | EXTENSION CORD 10FT - EXTCORD10-112018 | EQUIPMENT CRATE 12x12 - CRATE12-112019 | OLYMPUS OM-D E-M1 BODY - OLY EM1-112020 | EXTENSION CORD 10FT - EXTCORD10-112021 | 
2306317,,@inside.fixture.edu,0,08/05/2025 1:53 PM,08/07/2025 6:30 PM,08/06/2025 5:54 PM,100860,4,Returned: RODE WIRELESS MIC - RODE WIRELESS-112022 | GODOX POWER SUPPLY - GODOX PSU-112023 | ZOOM H5 RECORDER CASE - ZOOM H5 CASE-112024 | USB-C MULTIPORT HUB - USBC HUB-112025 | 
6252285,,@fixture.edu,0,08/06/2025 10:03 AM,08/22/2025 6:30 PM,08/18/2025 2:38 PM,1053300,11,Returned: RODE MIC BATTERY - RODE MIC BATT-112026 | POWER STRIP - PWRSTRIP-112027 | WACOM CINTIQ TABLET - WACOM CINTIQ-112028 | PANASONIC S5 II BODY - PANA S5II-112029 | EPSON PROJECTOR HDMI CABLE - EPSON PROJ HDMI-112030 | EQUIPMENT CRATE 12x12 - CRATE12-112031 | GODOX LED LIGHT PANEL - GODOX LED-112032 | SANDISK 64GB SD CARD - SANDISK 64SD-112033 | POWER STRIP - PWRSTRIP-112034 | LOGITECH WIRELESS MOUSE - LOGI MOUSE-112035 | PANASONIC S5 II BATTERY CHARGER - PANA S5II CHRG-112036 | 
8202195,,@fixture.edu,0,08/07/2025 12:59 PM,08/11/2025 1:00 PM,08/11/2025 1:28 PM,347340,16,Returned: GODOX LED LIGHT PANEL - GODOX LED-112037 | MACBOOK AIR CHARGING CABLE - MBA CABLE-112038 | LEXAR 128GB CF CARD - LEXAR CF128-112039 | MACBOOK AIR M3 CHARGER - MBA M3 CHRG-112040 | MANFROTTO TRIPOD - MANFRO TRIPOD-112041 | WACOM CINTIQ TABLET - WACOM CINTIQ-112042 | USB-C MULTIPORT HUB - USBC HUB-112043 | OLYMPUS 12-40mm LENS - OLY 1240 LENS-112044 | WACOM ONE TABLET - WACOM ONE-112045 | LEXAR 128GB CF CARD - LEXAR CF128-112046 | INSTA360 X4 BATTERY - INSTA X4 BATT-112047 | LOGITECH WEBCAM - LOGI WEBCAM-112048 | INSTA360 X4 CASE - INSTA X4 CASE-112049 | NIKON Z6 III MIRRORLESS BODY - NIKON Z6III-112050 | PANASONIC S5 II BATTERY CHARGER - PANA S5II CHRG-112051 | META QUEST CHARGING CABLE - MQUEST CABLE-112052 | 
7785090,VIZD,@inside.fixture.edu,0,08/07/2025 10:56 AM,08/13/2025 6:30 PM,08/13/2025 5:51 PM,543300,8,Returned: META QUEST CHARGING CABLE - MQUEST CABLE-112053 | MACBOOK AIR M3 LAPTOP - MBA M3-112054 | INSTA360 X4 CASE - INSTA X4 CASE-112055 | WACOM CINTIQ PEN - WACOM CINTIQ PEN-112056 | MANFROTTO TRIPOD CASE - MANFRO CASE-112057 | WACOM CINTIQ TABLET - WACOM CINTIQ-112058 | PANASONIC S5 II BATTERY CHARGER - PANA S5II CHRG-112059 | NIKON Z6 III BATTERY CHARGER - NIKON Z6III CHRG-112060 | 
8007741,GDES,@inside.fixture.edu,2,08/07/2025 2:24 PM,08/20/2025 6:30 PM,08/20/2025 4:13 PM,1129740,9,Returned: DELL XPS LAPTOP - DELL XPS-112061 | INSTA360 X4 BATTERY - INSTA X4 BATT-112062 | WACOM CINTIQ PEN - WACOM CINTIQ PEN-112063 | MACBOOK AIR M3 CHARGER - MBA M3 CHRG-112064 | XLR CABLE 25FT - XLR25-112065 | FUJIFILM 18-55mm LENS - FUJI 1855 LENS-112066 | PANASONIC S5 II BODY - PANA S5II-112067 | ZOOM H5 RECORDER CASE - ZOOM H5 CASE-112068 | LOGITECH WEBCAM - LOGI WEBCAM-112069 | 
5857259,ANIM,@inside.fixture.edu,0,08/08/2025 2:14 PM,08/12/2025 6:30 PM,08/12/2025 2:33 PM,346740,7,Returned: NIKON Z6 III BATTERY CHARGER - NIKON Z6III CHRG-112070 | USB KEYBOARD - USB KYBD-112071 | MANFROTTO TRIPOD CASE - MANFRO CASE-112072 | USB-C TO HDMI ADAPTER - USBC HDMI-112073 | MANFROTTO TRIPOD - MANFRO TRIPOD-112074 | POWER STRIP - PWRSTRIP-112075 | META QUEST CONTROLLER - MQUEST CTRL-112076 | 
2932288,DGTL,@inside.fixture.edu,0,08/08/2025 2:53 PM,08/11/2025 6:30 PM,08/12/2025 2:14 PM,343260,2,Returned: GODOX POWER SUPPLY - GODOX PSU-112077 | SANDISK 64GB SD CARD - SANDISK 64SD-112078 | 
7795314,,@fixture.edu,0,08/11/2025 11:29 AM,08/12/2025 6:30 PM,08/12/2025 1:56 PM,95220,1,Returned: META QUEST HEADSET - MQUEST HS-112079 | 
1349914,STDA,@inside.fixture.edu,0,08/11/2025 2:26 PM,08/22/2025 6:30 PM,08/20/2025 6:16 PM,791400,17,Returned: WACOM CINTIQ TABLET - WACOM CINTIQ-112080 | NIKON Z6 III MIRRORLESS BODY - NIKON Z6III-112081 | ZOOM H5 RECORDER - ZOOM H5-112082 | HUION DRAWING TABLET - HUION TABLET-112083 | MANFROTTO TRIPOD CASE - MANFRO CASE-112084 | DELL XPS LAPTOP - DELL XPS-112085 | SANDISK 128GB SD CARD - SANDISK 128SD-112086 | HUION DRAWING TABLET - HUION TABLET-112087 | WACOM CINTIQ TABLET - WACOM CINTIQ-112088 | MANFROTTO TRIPOD - MANFRO TRIPOD-112089 | USB-C TO HDMI ADAPTER - USBC HDMI-112090 | USB KEYBOARD - USB KYBD-112091 | OLYMPUS 12-40mm LENS - OLY 1240 LENS-112092 | USB-C TO HDMI ADAPTER - USBC HDMI-112093 | RODE MIC BATTERY - RODE MIC BATT-112094 | SANDISK 128GB SD CARD - SANDISK 128SD-112095 | LOGITECH WEBCAM - LOGI WEBCAM-112096 | 
6448705,STDA,@inside.fixture.edu,2,08/11/2025 2:32 PM,09/15/2025 6:30 PM,09/17/2025 1:52 PM,3194400,22,Returned: LOGITECH WIRELESS MOUSE - LOGI MOUSE-112097 | SANDISK 64GB SD CARD - SANDISK 64SD-112098 | WACOM ONE TABLET - WACOM ONE-112099 | INSTA360 X4 CAMERA - INSTA X4-112100 | FUJIFILM X-T5 BATTERY - FUJI XT5 BATT-112101 | BENQ DATA PROJECTOR - BENQ PROJ-112102 | INSTA360 X4 BATTERY - INSTA X4 BATT-112103 | MANFROTTO TRIPOD - MANFRO TRIPOD-112104 | MACBOOK AIR M3 CHARGER - MBA M3 CHRG-112105 | FUJIFILM X-T5 BATTERY - FUJI XT5 BATT-112106 | USB KEYBOARD - USB KYBD-112107 | SANDISK 128GB SD CARD - SANDISK 128SD-112108 | MACBOOK AIR M3 LAPTOP - MBA M3-112109 | PANASONIC S5 II BODY - PANA S5II-112110 | PANASONIC S5 II BODY - PANA S5II-112111 | SANDISK 128GB SD CARD - SANDISK 128SD-112112 | FUJIFILM X-T5 BATTERY - FUJI XT5 BATT-112113 | LEXAR 128GB CF CARD - LEXAR CF128-112114 | RODE WIRELESS MIC - RODE WIRELESS-112115 | WACOM CINTIQ TABLET - WACOM CINTIQ-112116 | WACOM CINTIQ PEN - WACOM CINTIQ PEN-112117 | XLR CABLE 25FT - XLR25-112118 | 
3883553,,@fixture.edu,0,08/12/2025 12:18 PM,08/19/2025 6:30 PM,08/13/2025 8:20 AM,72120,21,Returned: SANDISK 64GB SD CARD - SANDISK 64SD-112119 | FUJIFILM X-T5 BATTERY - FUJI XT5 BATT-112120 | FUJIFILM X-T5 BODY - FUJI XT5-112121 | EPSON PROJECTOR HDMI CABLE - EPSON PROJ HDMI-112122 | DELL XPS LAPTOP CHARGER - DELL XPS CHRG-112123 | BENQ DATA PROJECTOR - BENQ PROJ-112124 | XLR CABLE 25FT - XLR25-112125 | WACOM ONE TABLET - WACOM ONE-112126 | XLR CABLE 15FT - XLR15-112127 | USB-C MULTIPORT HUB - USBC HUB-112128 | MANFROTTO TRIPOD - MANFRO TRIPOD-112129 | EQUIPMENT CRATE 12x12 - CRATE12-112130 | MACBOOK AIR CHARGING CABLE - MBA CABLE-112131 | POWER STRIP - PWRSTRIP-112132 | LAPTOP SLEEVE CASE - LAPTOP SLEEVE-112133 | RODE MIC BATTERY - RODE MIC BATT-112134 | MACBOOK AIR CHARGING CABLE - MBA CABLE-112135 | WACOM ONE TABLET - WACOM ONE-112136 | USB KEYBOARD - USB KYBD-112137 | WACOM ONE TABLET - WACOM ONE-112138 | XLR CABLE 15FT - XLR15-112139 | 
8719145,STDA,@inside.fixture.edu,0,08/12/2025 3:00 PM,08/22/2025 6:30 PM,08/20/2025 5:56 PM,701760,1,Returned: EPSON PROJECTOR - EPSON PROJ-112140 | 
7070880,STDA,@inside.fixture.edu,0,08/12/2025 3:02 PM,08/22/2025 6:30 PM,08/20/2025 4:28 PM,696360,8,Returned: WACOM ONE TABLET - WACOM ONE-112141 | EPSON PROJECTOR - EPSON PROJ-112142 | XLR CABLE 15FT - XLR15-112143 | POWER STRIP - PWRSTRIP-112144 | SANDISK 64GB SD CARD - SANDISK 64SD-112145 | RODE MIC BATTERY - RODE MIC BATT-112146 | AUDIO-TECHNICA HEADPHONES - AT HEADPHONES-112147 | LEXAR 128GB CF CARD - LEXAR CF128-112148 | 
2478574,VIZD,@inside.fixture.edu,0,08/14/2025 9:25 AM,08/18/2025 6:30 PM,08/18/2025 9:44 AM,346740,7,Returned: MANFROTTO TRIPOD CASE - MANFRO CASE-112149 | SANDISK 128GB SD CARD - SANDISK 128SD-112150 | WACOM ONE TABLET - WACOM ONE-112151 | MACBOOK AIR M3 LAPTOP - MBA M3-112152 | NIKON Z6 III BATTERY - NIKON Z6III BATT-112153 | META QUEST CHARGING CABLE - MQUEST CABLE-112154 | LEXAR 128GB CF CARD - LEXAR CF128-112155 | 
8326807,ANIM,@inside.fixture.edu,0,08/14/2025 3:40 PM,08/15/2025 6:30 PM,08/15/2025 3:14 PM,84840,6,Returned: EPSON PROJECTOR - EPSON PROJ-112156 | DELL XPS LAPTOP CHARGER - DELL XPS CHRG-112157 | LOGITECH WEBCAM - LOGI WEBCAM-112158 | XLR CABLE 25FT - XLR25-112159 | ZOOM H5 RECORDER - ZOOM H5-112160 | XLR CABLE 15FT - XLR15-112161 | 
2776088,ANIM,@inside.fixture.edu,0,08/14/2025 6:27 PM,08/18/2025 6:30 PM,08/18/2025 2:04 PM,329820,12,Returned: MACBOOK AIR CHARGING CABLE - MBA CABLE-112162 | EPSON PROJECTOR HDMI CABLE - EPSON PROJ HDMI-112163 | META QUEST CONTROLLER - MQUEST CTRL-112164 | FUJIFILM X-T5 BODY - FUJI XT5-112165 | MANFROTTO TRIPOD - MANFRO TRIPOD-112166 | SANDISK 128GB SD CARD - SANDISK 128SD-112167 | XLR CABLE 15FT - XLR15-112168 | INSTA360 X4 CASE - INSTA X4 CASE-112169 | MACBOOK AIR M3 CHARGER - MBA M3 CHRG-112170 | PANASONIC S5 II BODY - PANA S5II-112171 | USB KEYBOARD - USB KYBD-112172 | GODOX LED LIGHT PANEL - GODOX LED-112173 | 
5082173,,@fixture.edu,0,08/15/2025 11:30 AM,08/18/2025 6:30 PM,08/18/2025 6:19 PM,283740,1,Returned: WACOM CINTIQ PEN - WACOM CINTIQ PEN-112174 | 
8309439,GDES,@inside.fixture.edu,1,08/15/2025 1:34 PM,08/22/2025 6:30 PM,08/25/2025 8:29 AM,845700,19,Returned: LOGITECH WEBCAM - LOGI WEBCAM-112175 | USB KEYBOARD - USB KYBD-112176 | INSTA360 X4 BATTERY - INSTA X4 BATT-112177 | XLR CABLE 15FT - XLR15-112178 | HDMI CABLE 10FT - HDMI10-112179 | FUJIFILM X-T5 BODY - FUJI XT5-112180 | META QUEST CONTROLLER - MQUEST CTRL-112181 | FUJIFILM X-T5 BATTERY - FUJI XT5 BATT-112182 | EPSON PROJECTOR - EPSON PROJ-112183 | NIKON Z6 III BATTERY CHARGER - NIKON Z6III CHRG-112184 | FUJIFILM X-T5 BODY - FUJI XT5-112185 | META QUEST CHARGING CABLE - MQUEST CABLE-112186 | DELL XPS LAPTOP CHARGER - DELL XPS CHRG-112187 | RODE WIRELESS MIC - RODE WIRELESS-112188 | CARD READER - CARDRDR-112189 | MANFROTTO TRIPOD CASE - MANFRO CASE-112190 | META QUEST CONTROLLER - MQUEST CTRL-112191 | SANDISK 128GB SD CARD - SANDISK 128SD-112192 | RODE MIC BATTERY - RODE MIC BATT-112193 | 
7718433,ANIM,@inside.fixture.edu,0,08/15/2025 2:25 PM,08/16/2025 6:30 PM,08/18/2025 2:31 PM,259560,14,Returned: LAPTOP SLEEVE CASE - LAPTOP SLEEVE-112194 | SANDISK 128GB SD CARD - SANDISK 128SD-112195 | FUJIFILM X-T5 BATTERY - FUJI XT5 BATT-112196 | NIKON Z6 III BATTERY CHARGER - NIKON Z6III CHRG-112197 | GODOX LIGHT STAND - GODOX STAND-112198 | POWER STRIP - PWRSTRIP-112199 | INSTA360 X4 CAMERA - INSTA X4-112200 | META QUEST CHARGING CABLE - MQUEST CABLE-112201 | PANASONIC S5 II BODY - PANA S5II-112202 | USB-C TO HDMI ADAPTER - USBC HDMI-112203 | META QUEST CHARGING CABLE - MQUEST CABLE-112204 | META QUEST HEADSET - MQUEST HS-112205 | SANDISK 128GB SD CARD - SANDISK 128SD-112206 | LOGITECH WEBCAM - LOGI WEBCAM-112207 | 
9790632,SPAC,@inside.fixture.edu,0,08/18/2025 8:50 AM,08/18/2025 6:30 PM,08/18/2025 1:39 PM,17340,4,Returned: PANASONIC S5 II BATTERY CHARGER - PANA S5II CHRG-112208 | EPSON PROJECTOR HDMI CABLE - EPSON PROJ HDMI-112209 | NIKON Z6 III CAMERA CASE - NIKON Z6III CASE-112210 | FUJIFILM X-T5 BATTERY - FUJI XT5 BATT-112211 | 
2319479,,@inside.fixture.edu,0,08/18/2025 9:05 AM,08/18/2025 6:30 PM,08/18/2025 1:16 PM,15060,1,Returned: LOGITECH WEBCAM - LOGI WEBCAM-112212 | 
7639863,ANIM,@inside.fixture.edu,0,08/18/2025 11:22 AM,08/21/2025 6:30 PM,08/21/2025 11:46 AM,260640,5,Returned: PANASONIC S5 II BODY - PANA S5II-112213 | FUJIFILM 18-55mm LENS - FUJI 1855 LENS-112214 | MACBOOK AIR M3 LAPTOP - MBA M3-112215 | HDMI CABLE 10FT - HDMI10-112216 | EPSON PROJECTOR HDMI CABLE - EPSON PROJ HDMI-112217 | 
6205543,GDES,@inside.fixture.edu,0,08/18/2025 11:32 AM,08/19/2025 6:30 PM,08/19/2025 2:18 PM,96360,10,Returned: OLYMPUS 12-40mm LENS - OLY 1240 LENS-112218 | META QUEST CHARGING CABLE - MQUEST CABLE-112219 | LEXAR 128GB CF CARD - LEXAR CF128-112220 | NIKON Z6 III MIRRORLESS BODY - NIKON Z6III-112221 | CARD READER - CARDRDR-112222 | EXTENSION CORD 10FT - EXTCORD10-112223 | LAPTOP SLEEVE CASE - LAPTOP SLEEVE-112224 | NIKON Z6 III BATTERY - NIKON Z6III BATT-112225 | MACBOOK AIR CHARGING CABLE - MBA CABLE-112226 | NIKON Z6 III CAMERA CASE - NIKON Z6III CASE-112227 | 
6696087,ANIM,@inside.fixture.edu,1,08/18/2025 1:54 PM,09/23/2025 6:30 PM,09/23/2025 12:45 PM,3106260,2,Returned: OLYMPUS OM-D E-M1 BODY - OLY EM1-112228 | NIKON Z6 III BATTERY CHARGER - NIKON Z6III CHRG-112229 | 
4717362,ANIM,@inside.fixture.edu,0,08/18/2025 6:16 PM,08/20/2025 6:30 PM,08/19/2025 6:36 PM,87600,1,Returned: OLYMPUS 12-40mm LENS - OLY 1240 LENS-112230 | 
6587964,,@fixture.edu,0,08/19/2025 2:14 PM,08/21/2025 6:30 PM,08/21/2025 5:38 PM,185040,1,Returned: OLYMPUS OM-D E-M1 BODY - OLY EM1-112231 | 
3820798,ANIM,@inside.fixture.edu,0,08/20/2025 9:01 AM,08/20/2025 6:30 PM,08/20/2025 12:25 PM,12240,5,Returned: CARD READER - CARDRDR-112232 | LOGITECH WIRELESS MOUSE - LOGI MOUSE-112233 | WACOM CINTIQ TABLET - WACOM CINTIQ-112234 | MANFROTTO TRIPOD CASE - MANFRO CASE-112235 | LEXAR 128GB CF CARD - LEXAR CF128-112236 | 
2281433,INDD,@inside.fixture.edu,0,08/20/2025 10:15 AM,08/20/2025 6:30 PM,08/20/2025 6:04 PM,28140,2,Returned: PANASONIC S5 II BODY - PANA S5II-112237 | FUJIFILM 18-55mm LENS - FUJI 1855 LENS-112238 | 
9564488,GDES,@inside.fixture.edu,0,08/20/2025 11:48 AM,08/22/2025 6:30 PM,08/22/2025 6:46 PM,197880,3,Returned: LEXAR 128GB CF CARD - LEXAR CF128-112239 | GODOX LED LIGHT PANEL - GODOX LED-112240 | HDMI CABLE 10FT - HDMI10-112241 | 
2913049,VIZD,@inside.fixture.edu,0,08/20/2025 12:57 PM,08/22/2025 6:30 PM,08/21/2025 12:13 PM,83760,12,Returned: NIKON Z6 III CAMERA CASE - NIKON Z6III CASE-112242 | XLR CABLE 15FT - XLR15-112243 | NIKON Z6 III MIRRORLESS BODY - NIKON Z6III-112244 | MACBOOK AIR M3 LAPTOP - MBA M3-112245 | POWER STRIP - PWRSTRIP-112246 | GODOX POWER SUPPLY - GODOX PSU-112247 | XLR CABLE 25FT - XLR25-112248 | USB-C MULTIPORT HUB - USBC HUB-112249 | AUDIO-TECHNICA HEADPHONES - AT HEADPHONES-112250 | LAPTOP SLEEVE CASE - LAPTOP SLEEVE-112251 | INSTA360 X4 CAMERA - INSTA X4-112252 | META QUEST CHARGING CABLE - MQUEST CABLE-112253 | 
9902071,STDA,@inside.fixture.edu,0,08/20/2025 4:55 PM,09/15/2025 6:30 PM,09/17/2025 1:50 PM,2408100,15,Returned: ZOOM H5 RECORDER CASE - ZOOM H5 CASE-112254 | WACOM ONE TABLET - WACOM ONE-112255 | EPSON PROJECTOR HDMI CABLE - EPSON PROJ HDMI-112256 | HDMI CABLE 10FT - HDMI10-112257 | HDMI CABLE 10FT - HDMI10-112258 | LAPTOP SLEEVE CASE - LAPTOP SLEEVE-112259 | AUDIO-TECHNICA HEADPHONES - AT HEADPHONES-112260 | MACBOOK AIR CHARGING CABLE - MBA CABLE-112261 | MACBOOK AIR CHARGING CABLE - MBA CABLE-112262 | LOGITECH WEBCAM - LOGI WEBCAM-112263 | SANDISK 64GB SD CARD - SANDISK 64SD-112264 | WACOM CINTIQ PEN - WACOM CINTIQ PEN-112265 | XLR CABLE 15FT - XLR15-112266 | RODE WIRELESS MIC - RODE WIRELESS-112267 | WACOM ONE TABLET - WACOM ONE-112268 | 
9555575,STDA,@inside.fixture.edu,0,08/20/2025 4:58 PM,09/15/2025 6:30 PM,09/15/2025 1:19 PM,2233260,4,Returned: AUDIO-TECHNICA HEADPHONES - AT HEADPHONES-112269 | XLR CABLE 15FT - XLR15-112270 | XLR CABLE 15FT - XLR15-112271 | RODE MIC BATTERY - RODE MIC BATT-112272 | 
4253164,,@inside.fixture.edu,0,08/21/2025 12:02 PM,08/21/2025 6:30 PM,08/21/2025 4:00 PM,14280,1,Returned: PANASONIC S5 II BATTERY CHARGER - PANA S5II CHRG-112273 | 
6861544,VIZD,@inside.fixture.edu,0,08/21/2025 2:11 PM,08/21/2025 6:30 PM,08/27/2025 8:13 AM,496920,1,Returned: NIKON Z6 III MIRRORLESS BODY - NIKON Z6III-112274 | 
6890476,,@fixture.edu,0,08/22/2025 11:23 AM,08/29/2025 6:30 PM,08/22/2025 1:41 PM,8280,1,Returned: DELL XPS LAPTOP - DELL XPS-112275 | 
3477824,,@fixture.edu,1,08/22/2025 4:07 PM,09/02/2025 6:30 PM,08/29/2025 11:46 AM,589140,2,Returned: GODOX LED LIGHT PANEL - GODOX LED-112276 | OLYMPUS 12-40mm LENS - OLY 1240 LENS-112277 | 
4963933,,@fixture.edu,0,08/27/2025 11:17 AM,08/27/2025 6:30 PM,08/27/2025 1:40 PM,8580,8,Returned: CARD READER - CARDRDR-112278 | POWER STRIP - PWRSTRIP-112279 | HDMI CABLE 10FT - HDMI10-112280 | GODOX LED LIGHT PANEL - GODOX LED-112281 | RODE WIRELESS MIC - RODE WIRELESS-112282 | LEXAR 128GB CF CARD - LEXAR CF128-112283 | NIKON Z6 III MIRRORLESS BODY - NIKON Z6III-112284 | SANDISK 128GB SD CARD - SANDISK 128SD-112285 | 
2724773,,@fixture.edu,0,08/27/2025 12:18 PM,08/27/2025 6:30 PM,08/27/2025 12:34 PM,960,1,Returned: DELL XPS LAPTOP CHARGER - DELL XPS CHRG-112286 | 
3456926,,@fixture.edu,1,08/28/2025 4:17 PM,08/29/2025 6:30 PM,08/29/2025 11:46 AM,70140,1,Returned: MACBOOK AIR M3 CHARGER - MBA M3 CHRG-112287 | 
5294434,,@fixture.edu,0,09/03/2025 1:12 PM,09/05/2025 6:30 PM,09/10/2025 10:53 AM,596460,27,Returned: MACBOOK AIR M3 LAPTOP - MBA M3-112288 | MACBOOK AIR M3 LAPTOP - MBA M3-112289 | EQUIPMENT CRATE 12x12 - CRATE12-112290 | MACBOOK AIR M3 LAPTOP - MBA M3-112291 | AUDIO-TECHNICA HEADPHONES - AT HEADPHONES-112292 | NIKON Z6 III BATTERY CHARGER - NIKON Z6III CHRG-112293 | INSTA360 X4 CAMERA - INSTA X4-112294 | META QUEST HEADSET - MQUEST HS-112295 | META QUEST CONTROLLER - MQUEST CTRL-112296 | RODE WIRELESS MIC - RODE WIRELESS-112297 | NIKON Z6 III BATTERY CHARGER - NIKON Z6III CHRG-112298 | MACBOOK AIR M3 LAPTOP - MBA M3-112299 | XLR CABLE 25FT - XLR25-112300 | GODOX LED LIGHT PANEL - GODOX LED-112301 | DELL XPS LAPTOP - DELL XPS-112302 | WACOM CINTIQ PEN - WACOM CINTIQ PEN-112303 | ZOOM H5 RECORDER CASE - ZOOM H5 CASE-112304 | LAPTOP SLEEVE CASE - LAPTOP SLEEVE-112305 | MACBOOK AIR M3 CHARGER - MBA M3 CHRG-112306 | META QUEST CHARGING CABLE - MQUEST CABLE-112307 | CARD READER - CARDRDR-112308 | MACBOOK AIR M3 CHARGER - MBA M3 CHRG-112309 | ZOOM H5 RECORDER CASE - ZOOM H5 CASE-112310 | PANASONIC S5 II BATTERY CHARGER - PANA S5II CHRG-112311 | META QUEST CONTROLLER - MQUEST CTRL-112312 | PANASONIC S5 II BODY - PANA S5II-112313 | INSTA360 X4 CASE - INSTA X4 CASE-112314 | 
4309671,,@fixture.edu,0,09/04/2025 12:00 PM,09/08/2025 6:30 PM,09/10/2025 1:11 PM,522660,23,Returned: OLYMPUS 12-40mm LENS - OLY 1240 LENS-112315 | EPSON PROJECTOR HDMI CABLE - EPSON PROJ HDMI-112316 | MANFROTTO TRIPOD - MANFRO TRIPOD-112317 | NIKON Z6 III BATTERY - NIKON Z6III BATT-112318 | SANDISK 128GB SD CARD - SANDISK 128SD-112319 | LAPTOP SLEEVE CASE - LAPTOP SLEEVE-112320 | NIKON Z6 III BATTERY - NIKON Z6III BATT-112321 | AUDIO-TECHNICA HEADPHONES - AT HEADPHONES-112322 | POWER STRIP - PWRSTRIP-112323 | MACBOOK AIR M3 LAPTOP - MBA M3-112324 | HUION DRAWING TABLET - HUION TABLET-112325 | MANFROTTO TRIPOD CASE - MANFRO CASE-112326 | NIKON Z6 III BATTERY CHARGER - NIKON Z6III CHRG-112327 | LAPTOP SLEEVE CASE - LAPTOP SLEEVE-112328 | FUJIFILM 18-55mm LENS - FUJI 1855 LENS-112329 | DELL XPS LAPTOP CHARGER - DELL XPS CHRG-112330 | MACBOOK AIR M3 CHARGER - MBA M3 CHRG-112331 | EXTENSION CORD 10FT - EXTCORD10-112332 | NIKON Z6 III BATTERY - NIKON Z6III BATT-112333 | EXTENSION CORD 10FT - EXTCORD10-112334 | BENQ DATA PROJECTOR - BENQ PROJ-112335 | WACOM CINTIQ TABLET - WACOM CINTIQ-112336 | NIKON Z6 III CAMERA CASE - NIKON Z6III CASE-112337 | 
3910830,,@fixture.edu,0,09/05/2025 9:51 AM,09/26/2025 6:30 PM,09/15/2025 11:59 AM,871680,10,Returned: INSTA360 X4 BATTERY - INSTA X4 BATT-112338 | META QUEST CHARGING CABLE - MQUEST CABLE-112339 | XLR CABLE 15FT - XLR15-112340 | GODOX LIGHT STAND - GODOX STAND-112341 | DELL XPS LAPTOP CHARGER - DELL XPS CHRG-112342 | EPSON PROJECTOR HDMI CABLE - EPSON PROJ HDMI-112343 | MANFROTTO TRIPOD - MANFRO TRIPOD-112344 | OLYMPUS OM-D E-M1 BODY - OLY EM1-112345 | META QUEST CONTROLLER - MQUEST CTRL-112346 | FUJIFILM X-T5 BATTERY - FUJI XT5 BATT-112347 | 
3564729,,@fixture.edu,0,09/15/2025 11:26 AM,09/15/2025 7:00 PM,09/16/2025 8:32 AM,75960,7,Returned: XLR CABLE 25FT - XLR25-112348 | XLR CABLE 25FT - XLR25-112349 | NIKON Z6 III BATTERY CHARGER - NIKON Z6III CHRG-112350 | RODE WIRELESS MIC - RODE WIRELESS-112351 | INSTA360 X4 CAMERA - INSTA X4-112352 | PANASONIC S5 II BATTERY CHARGER - PANA S5II CHRG-112353 | WACOM CINTIQ TABLET - WACOM CINTIQ-112354 | 
2264218,,@fixture.edu,0,09/18/2025 11:18 AM,09/18/2025 7:00 PM,09/18/2025 5:52 PM,23640,7,Returned: AUDIO-TECHNICA HEADPHONES - AT HEADPHONES-112355 | LOGITECH WIRELESS MOUSE - LOGI MOUSE-112356 | OLYMPUS 12-40mm LENS - OLY 1240 LENS-112357 | USB-C TO HDMI ADAPTER - USBC HDMI-112358 | MANFROTTO TRIPOD - MANFRO TRIPOD-112359 | META QUEST CONTROLLER - MQUEST CTRL-112360 | NIKON Z6 III MIRRORLESS BODY - NIKON Z6III-112361 | 
3972018,,@fixture.edu,0,09/22/2025 10:29 AM,09/22/2025 7:00 PM,09/22/2025 6:31 PM,28920,7,Returned: NIKON Z6 III CAMERA CASE - NIKON Z6III CASE-112362 | CARD READER - CARDRDR-112363 | MANFROTTO TRIPOD - MANFRO TRIPOD-112364 | MACBOOK AIR M3 CHARGER - MBA M3 CHRG-112365 | NIKON Z6 III CAMERA CASE - NIKON Z6III CASE-112366 | MACBOOK AIR M3 LAPTOP - MBA M3-112367 | INSTA360 X4 BATTERY - INSTA X4 BATT-112368 | 
9289908,,@fixture.edu,0,09/29/2025 12:32 PM,09/30/2025 6:30 PM,09/30/2025 6:18 PM,107160,7,Returned: META QUEST CONTROLLER - MQUEST CTRL-112369 | MACBOOK AIR CHARGING CABLE - MBA CABLE-112370 | FUJIFILM X-T5 BODY - FUJI XT5-112371 | MACBOOK AIR M3 LAPTOP - MBA M3-112372 | META QUEST HEADSET - MQUEST HS-112373 | WACOM ONE TABLET - WACOM ONE-112374 | INSTA360 X4 BATTERY - INSTA X4 BATT-112375 | 
8783840,,@fixture.edu,0,10/13/2025 11:40 AM,10/13/2025 7:00 PM,10/14/2025 8:09 AM,73740,7,Returned: USB KEYBOARD - USB KYBD-112376 | INSTA360 X4 CAMERA - INSTA X4-112377 | MANFROTTO TRIPOD - MANFRO TRIPOD-112378 | USB-C TO HDMI ADAPTER - USBC HDMI-112379 | EQUIPMENT CRATE 12x12 - CRATE12-112380 | LOGITECH WEBCAM - LOGI WEBCAM-112381 | ZOOM H5 RECORDER - ZOOM H5-112382 | 
8531380,,@fixture.edu,0,10/27/2025 1:07 PM,10/27/2025 7:00 PM,10/27/2025 7:03 PM,21360,7,Returned: GODOX LIGHT STAND - GODOX STAND-112383 | LAPTOP SLEEVE CASE - LAPTOP SLEEVE-112384 | GODOX LIGHT STAND - GODOX STAND-112385 | LOGITECH WIRELESS MOUSE - LOGI MOUSE-112386 | WACOM CINTIQ PEN - WACOM CINTIQ PEN-112387 | GODOX POWER SUPPLY - GODOX PSU-112388 | LOGITECH WEBCAM - LOGI WEBCAM-112389 | 
6422534,,@fixture.edu,0,09/15/2025 11:33 AM,09/16/2025 7:00 PM,09/19/2025 2:17 PM,355440,5,Returned: EXTENSION CORD 10FT - EXTCORD10-112390 | LEXAR 128GB CF CARD - LEXAR CF128-112391 | LOGITECH WEBCAM - LOGI WEBCAM-112392 | DELL XPS LAPTOP - DELL XPS-112393 | MANFROTTO TRIPOD - MANFRO TRIPOD-112394 | 
6303930,,@fixture.edu,0,09/22/2025 10:29 AM,09/23/2025 7:00 PM,10/02/2025 11:42 AM,868380,5,Returned: META QUEST CHARGING CABLE - MQUEST CABLE-112395 | RODE WIRELESS MIC - RODE WIRELESS-112396 | INSTA360 X4 BATTERY - INSTA X4 BATT-112397 | INSTA360 X4 CASE - INSTA X4 CASE-112398 | NIKON Z6 III BATTERY CHARGER - NIKON Z6III CHRG-112399 | 
3532644,,@fixture.edu,0,10/06/2025 3:01 PM,10/07/2025 7:00 PM,10/31/2025 12:55 PM,2152440,5,Returned: WACOM CINTIQ PEN - WACOM CINTIQ PEN-112400 | LOGITECH WEBCAM - LOGI WEBCAM-112401 | MANFROTTO TRIPOD - MANFRO TRIPOD-112402 | LOGITECH WIRELESS MOUSE - LOGI MOUSE-112403 | USB-C TO HDMI ADAPTER - USBC HDMI-112404 | 
8377995,,@fixture.edu,0,10/13/2025 11:41 AM,10/14/2025 7:00 PM,10/17/2025 2:21 PM,355200,5,Returned: USB KEYBOARD - USB KYBD-112405 | SANDISK 128GB SD CARD - SANDISK 128SD-112406 | INSTA360 X4 CAMERA - INSTA X4-112407 | MACBOOK AIR M3 LAPTOP - MBA M3-112408 | OLYMPUS 12-40mm LENS - OLY 1240 LENS-112409 | 
2145653,,@fixture.edu,0,09/15/2025 8:20 AM,09/19/2025 6:30 PM,09/19/2025 1:17 PM,363420,8,Returned: FUJIFILM X-T5 BATTERY - FUJI XT5 BATT-112410 | USB-C MULTIPORT HUB - USBC HUB-112411 | ZOOM H5 RECORDER CASE - ZOOM H5 CASE-112412 | BENQ DATA PROJECTOR - BENQ PROJ-112413 | DELL XPS LAPTOP - DELL XPS-112414 | ZOOM H5 RECORDER - ZOOM H5-112415 | FUJIFILM X-T5 BODY - FUJI XT5-112416 | OLYMPUS 12-40mm LENS - OLY 1240 LENS-112417 | 
8867190,,@fixture.edu,0,09/22/2025 8:13 AM,09/26/2025 6:30 PM,09/26/2025 1:42 PM,365340,8,Returned: MACBOOK AIR M3 CHARGER - MBA M3 CHRG-112418 | META QUEST CHARGING CABLE - MQUEST CABLE-112419 | NIKON Z6 III CAMERA CASE - NIKON Z6III CASE-112420 | RODE MIC BATTERY - RODE MIC BATT-112421 | EQUIPMENT CRATE 12x12 - CRATE12-112422 | DELL XPS LAPTOP - DELL XPS-112423 | LOGITECH WEBCAM - LOGI WEBCAM-112424 | OLYMPUS 12-40mm LENS - OLY 1240 LENS-112425 | 
8419020,,@fixture.edu,0,09/29/2025 8:09 AM,10/03/2025 6:30 PM,10/03/2025 3:59 PM,373800,8,Returned: MACBOOK AIR M3 CHARGER - MBA M3 CHRG-112426 | NIKON Z6 III BATTERY - NIKON Z6III BATT-112427 | META QUEST CHARGING CABLE - MQUEST CABLE-112428 | FUJIFILM 18-55mm LENS - FUJI 1855 LENS-112429 | SANDISK 128GB SD CARD - SANDISK 128SD-112430 | EQUIPMENT CRATE 12x12 - CRATE12-112431 | MACBOOK AIR CHARGING CABLE - MBA CABLE-112432 | INSTA360 X4 CAMERA - INSTA X4-112433 | 
6080483,,@fixture.edu,0,10/06/2025 8:04 AM,10/10/2025 6:30 PM,10/10/2025 6:08 PM,381840,8,Returned: WACOM CINTIQ PEN - WACOM CINTIQ PEN-112434 | AUDIO-TECHNICA HEADPHONES - AT HEADPHONES-112435 | USB KEYBOARD - USB KYBD-112436 | MANFROTTO TRIPOD CASE - MANFRO CASE-112437 | WACOM ONE TABLET - WACOM ONE-112438 | PANASONIC S5 II BODY - PANA S5II-112439 | OLYMPUS 12-40mm LENS - OLY 1240 LENS-112440 | RODE MIC BATTERY - RODE MIC BATT-112441 | 
5608259,,@fixture.edu,0,10/13/2025 7:58 AM,10/17/2025 6:30 PM,10/17/2025 2:09 PM,367860,8,Returned: XLR CABLE 15FT - XLR15-112442 | FUJIFILM X-T5 BODY - FUJI XT5-112443 | FUJIFILM X-T5 BODY - FUJI XT5-112444 | POWER STRIP - PWRSTRIP-112445 | NIKON Z6 III MIRRORLESS BODY - NIKON Z6III-112446 | USB-C MULTIPORT HUB - USBC HUB-112447 | MACBOOK AIR CHARGING CABLE - MBA CABLE-112448 | FUJIFILM X-T5 BATTERY - FUJI XT5 BATT-112449 | 
1942411,,@fixture.edu,0,09/19/2025 7:57 AM,09/19/2025 7:00 PM,09/19/2025 6:59 PM,39720,40,Returned: INSTA360 X4 BATTERY - INSTA X4 BATT-112450 | LOGITECH WEBCAM - LOGI WEBCAM-112451 | GODOX LED LIGHT PANEL - GODOX LED-112452 | INSTA360 X4 CASE - INSTA X4 CASE-112453 | NIKON Z6 III MIRRORLESS BODY - NIKON Z6III-112454 | PANASONIC S5 II BODY - PANA S5II-112455 | OLYMPUS OM-D E-M1 BODY - OLY EM1-112456 | INSTA360 X4 CASE - INSTA X4 CASE-112457 | XLR CABLE 15FT - XLR15-112458 | GODOX POWER SUPPLY - GODOX PSU-112459 | LOGITECH WIRELESS MOUSE - LOGI MOUSE-112460 | ZOOM H5 RECORDER CASE - ZOOM H5 CASE-112461 | WACOM CINTIQ TABLET - WACOM CINTIQ-112462 | NIKON Z6 III BATTERY CHARGER - NIKON Z6III CHRG-112463 | META QUEST HEADSET - MQUEST HS-112464 | ZOOM H5 RECORDER - ZOOM H5-112465 | NIKON Z6 III BATTERY CHARGER - NIKON Z6III CHRG-112466 | WACOM CINTIQ PEN - WACOM CINTIQ PEN-112467 | INSTA360 X4 CASE - INSTA X4 CASE-112468 | WACOM ONE TABLET - WACOM ONE-112469 | LOGITECH WIRELESS MOUSE - LOGI MOUSE-112470 | PANASONIC S5 II BATTERY CHARGER - PANA S5II CHRG-112471 | PANASONIC S5 II BODY - PANA S5II-112472 | XLR CABLE 25FT - XLR25-112473 | INSTA360 X4 CASE - INSTA X4 CASE-112474 | FUJIFILM X-T5 BATTERY - FUJI XT5 BATT-112475 | WACOM CINTIQ PEN - WACOM CINTIQ PEN-112476 | WACOM ONE TABLET - WACOM ONE-112477 | LAPTOP SLEEVE CASE - LAPTOP SLEEVE-112478 | LOGITECH WIRELESS MOUSE - LOGI MOUSE-112479 | MANFROTTO TRIPOD CASE - MANFRO CASE-112480 | NIKON Z6 III CAMERA CASE - NIKON Z6III CASE-112481 | WACOM ONE TABLET - WACOM ONE-112482 | MANFROTTO TRIPOD - MANFRO TRIPOD-112483 | GODOX LED LIGHT PANEL - GODOX LED-112484 | EPSON PROJECTOR - EPSON PROJ-112485 | FUJIFILM X-T5 BATTERY - FUJI XT5 BATT-112486 | WACOM ONE TABLET - WACOM ONE-112487 | GODOX POWER SUPPLY - GODOX PSU-112488 | NIKON Z6 III BATTERY - NIKON Z6III BATT-112489 | 
6904610,,@fixture.edu,0,09/26/2025 7:58 AM,09/26/2025 7:00 PM,09/26/2025 7:12 PM,40440,40,Returned: USB KEYBOARD - USB KYBD-112490 | GODOX LIGHT STAND - GODOX STAND-112491 | EPSON PROJECTOR - EPSON PROJ-112492 | LOGITECH WEBCAM - LOGI WEBCAM-112493 | ZOOM H5 RECORDER CASE - ZOOM H5 CASE-112494 | MACBOOK AIR CHARGING CABLE - MBA CABLE-112495 | RODE WIRELESS MIC - RODE WIRELESS-112496 | EPSON PROJECTOR - EPSON PROJ-112497 | AUDIO-TECHNICA HEADPHONES - AT HEADPHONES-112498 | LOGITECH WEBCAM - LOGI WEBCAM-112499 | SANDISK 128GB SD CARD - SANDISK 128SD-112500 | INSTA360 X4 CASE - INSTA X4 CASE-112501 | RODE MIC BATTERY - RODE MIC BATT-112502 | RODE MIC BATTERY - RODE MIC BATT-112503 | LEXAR 128GB CF CARD - LEXAR CF128-112504 | OLYMPUS 12-40mm LENS - OLY 1240 LENS-112505 | OLYMPUS 12-40mm LENS - OLY 1240 LENS-112506 | FUJIFILM X-T5 BODY - FUJI XT5-112507 | WACOM CINTIQ PEN - WACOM CINTIQ PEN-112508 | FUJIFILM 18-55mm LENS - FUJI 1855 LENS-112509 | FUJIFILM X-T5 BATTERY - FUJI XT5 BATT-112510 | DELL XPS LAPTOP CHARGER - DELL XPS CHRG-112511 | OLYMPUS 12-40mm LENS - OLY 1240 LENS-112512 | FUJIFILM X-T5 BODY - FUJI XT5-112513 | EXTENSION CORD 10FT - EXTCORD10-112514 | GODOX POWER SUPPLY - GODOX PSU-112515 | WACOM CINTIQ TABLET - WACOM CINTIQ-112516 | EPSON PROJECTOR HDMI CABLE - EPSON PROJ HDMI-112517 | DELL XPS LAPTOP - DELL XPS-112518 | FUJIFILM 18-55mm LENS - FUJI 1855 LENS-112519 | GODOX LED LIGHT PANEL - GODOX LED-112520 | META QUEST CHARGING CABLE - MQUEST CABLE-112521 | USB-C TO HDMI ADAPTER - USBC HDMI-112522 | WACOM CINTIQ PEN - WACOM CINTIQ PEN-112523 | META QUEST CHARGING CABLE - MQUEST CABLE-112524 | SANDISK 64GB SD CARD - SANDISK 64SD-112525 | MACBOOK AIR M3 CHARGER - MBA M3 CHRG-112526 | NIKON Z6 III BATTERY - NIKON Z6III BATT-112527 | OLYMPUS 12-40mm LENS - OLY 1240 LENS-112528 | PANASONIC S5 II BATTERY CHARGER - PANA S5II CHRG-112529 | 
9511700,,@fixture.edu,0,09/29/2025 1:48 PM,10/03/2025 7:00 PM,09/29/2025 1:49 PM,60,40,Returned: NIKON Z6 III CAMERA CASE - NIKON Z6III CASE-112530 | NIKON Z6 III BATTERY - NIKON Z6III BATT-112531 | USB KEYBOARD - USB KYBD-112532 | LEXAR 128GB CF CARD - LEXAR CF128-112533 | PANASONIC S5 II BATTERY CHARGER - PANA S5II CHRG-112534 | MACBOOK AIR CHARGING CABLE - MBA CABLE-112535 | GODOX LIGHT STAND - GODOX STAND-112536 | XLR CABLE 25FT - XLR25-112537 | EPSON PROJECTOR HDMI CABLE - EPSON PROJ HDMI-112538 | RODE MIC BATTERY - RODE MIC BATT-112539 | OLYMPUS OM-D E-M1 BODY - OLY EM1-112540 | RODE MIC BATTERY - RODE MIC BATT-112541 | INSTA360 X4 BATTERY - INSTA X4 BATT-112542 | DELL XPS LAPTOP - DELL XPS-112543 | RODE MIC BATTERY - RODE MIC BATT-112544 | META QUEST CONTROLLER - MQUEST CTRL-112545 | WACOM CINTIQ TABLET - WACOM CINTIQ-112546 | EPSON PROJECTOR - EPSON PROJ-112547 | NIKON Z6 III MIRRORLESS BODY - NIKON Z6III-112548 | POWER STRIP - PWRSTRIP-112549 | INSTA360 X4 CAMERA - INSTA X4-112550 | AUDIO-TECHNICA HEADPHONES - AT HEADPHONES-112551 | MACBOOK AIR M3 CHARGER - MBA M3 CHRG-112552 | INSTA360 X4 CASE - INSTA X4 CASE-112553 | OLYMPUS 12-40mm LENS - OLY 1240 LENS-112554 | EQUIPMENT CRATE 12x12 - CRATE12-112555 | LEXAR 128GB CF CARD - LEXAR CF128-112556 | WACOM ONE TABLET - WACOM ONE-112557 | INSTA360 X4 CAMERA - INSTA X4-112558 | META QUEST HEADSET - MQUEST HS-112559 | EPSON PROJECTOR HDMI CABLE - EPSON PROJ HDMI-112560 | AUDIO-TECHNICA HEADPHONES - AT HEADPHONES-112561 | EXTENSION CORD 10FT - EXTCORD10-112562 | HUION DRAWING TABLET - HUION TABLET-112563 | EPSON PROJECTOR HDMI CABLE - EPSON PROJ HDMI-112564 | LOGITECH WEBCAM - LOGI WEBCAM-112565 | XLR CABLE 15FT - XLR15-112566 | NIKON Z6 III MIRRORLESS BODY - NIKON Z6III-112567 | MACBOOK AIR M3 CHARGER - MBA M3 CHRG-112568 | LOGITECH WIRELESS MOUSE - LOGI MOUSE-112569 | 
2244712,,@fixture.edu,0,10/10/2025 8:01 AM,10/10/2025 7:00 PM,10/10/2025 6:59 PM,39480,40,Returned: MACBOOK AIR CHARGING CABLE - MBA CABLE-112570 | SANDISK 64GB SD CARD - SANDISK 64SD-112571 | ZOOM H5 RECORDER - ZOOM H5-112572 | GODOX LIGHT STAND - GODOX STAND-112573 | BENQ DATA PROJECTOR - BENQ PROJ-112574 | MACBOOK AIR CHARGING CABLE - MBA CABLE-112575 | USB-C MULTIPORT HUB - USBC HUB-112576 | EQUIPMENT CRATE 12x12 - CRATE12-112577 | INSTA360 X4 CASE - INSTA X4 CASE-112578 | WACOM ONE TABLET - WACOM ONE-112579 | WACOM ONE TABLET - WACOM ONE-112580 | DELL XPS LAPTOP - DELL XPS-112581 | INSTA360 X4 CAMERA - INSTA X4-112582 | LOGITECH WEBCAM - LOGI WEBCAM-112583 | MACBOOK AIR M3 LAPTOP - MBA M3-112584 | EPSON PROJECTOR HDMI CABLE - EPSON PROJ HDMI-112585 | USB-C TO HDMI ADAPTER - USBC HDMI-112586 | USB-C MULTIPORT HUB - USBC HUB-112587 | HDMI CABLE 10FT - HDMI10-112588 | NIKON Z6 III BATTERY CHARGER - NIKON Z6III CHRG-112589 | ZOOM H5 RECORDER - ZOOM H5-112590 | AUDIO-TECHNICA HEADPHONES - AT HEADPHONES-112591 | HUION DRAWING TABLET - HUION TABLET-112592 | POWER STRIP - PWRSTRIP-112593 | MACBOOK AIR M3 CHARGER - MBA M3 CHRG-112594 | EQUIPMENT CRATE 12x12 - CRATE12-112595 | META QUEST CHARGING CABLE - MQUEST CABLE-112596 | META QUEST CONTROLLER - MQUEST CTRL-112597 | WACOM ONE TABLET - WACOM ONE-112598 | SANDISK 128GB SD CARD - SANDISK 128SD-112599 | RODE MIC BATTERY - RODE MIC BATT-112600 | WACOM CINTIQ PEN - WACOM CINTIQ PEN-112601 | DELL XPS LAPTOP CHARGER - DELL XPS CHRG-112602 | RODE WIRELESS MIC - RODE WIRELESS-112603 | GODOX LED LIGHT PANEL - GODOX LED-112604 | NIKON Z6 III BATTERY CHARGER - NIKON Z6III CHRG-112605 | SANDISK 128GB SD CARD - SANDISK 128SD-112606 | META QUEST HEADSET - MQUEST HS-112607 | LEXAR 128GB CF CARD - LEXAR CF128-112608 | MANFROTTO TRIPOD - MANFRO TRIPOD-112609 | 
6207779,,@fixture.edu,0,10/17/2025 7:57 AM,10/17/2025 7:00 PM,10/17/2025 7:12 PM,40500,40,Returned: USB-C MULTIPORT HUB - USBC HUB-112610 | NIKON Z6 III BATTERY CHARGER - NIKON Z6III CHRG-112611 | INSTA360 X4 CAMERA - INSTA X4-112612 | DELL XPS LAPTOP CHARGER - DELL XPS CHRG-112613 | XLR CABLE 25FT - XLR25-112614 | DELL XPS LAPTOP - DELL XPS-112615 | INSTA360 X4 CAMERA - INSTA X4-112616 | LOGITECH WEBCAM - LOGI WEBCAM-112617 | MANFROTTO TRIPOD CASE - MANFRO CASE-112618 | LOGITECH WEBCAM - LOGI WEBCAM-112619 | USB-C TO HDMI ADAPTER - USBC HDMI-112620 | AUDIO-TECHNICA HEADPHONES - AT HEADPHONES-112621 | MACBOOK AIR CHARGING CABLE - MBA CABLE-112622 | INSTA360 X4 CAMERA - INSTA X4-112623 | POWER STRIP - PWRSTRIP-112624 | GODOX LED LIGHT PANEL - GODOX LED-112625 | RODE WIRELESS MIC - RODE WIRELESS-112626 | WACOM ONE TABLET - WACOM ONE-112627 | NIKON Z6 III BATTERY CHARGER - NIKON Z6III CHRG-112628 | INSTA360 X4 CASE - INSTA X4 CASE-112629 | SANDISK 64GB SD CARD - SANDISK 64SD-112630 | GODOX LIGHT STAND - GODOX STAND-112631 | MANFROTTO TRIPOD CASE - MANFRO CASE-112632 | FUJIFILM 18-55mm LENS - FUJI 1855 LENS-112633 | SANDISK 128GB SD CARD - SANDISK 128SD-112634 | INSTA360 X4 CASE - INSTA X4 CASE-112635 | USB-C TO HDMI ADAPTER - USBC HDMI-112636 | ZOOM H5 RECORDER - ZOOM H5-112637 | USB-C MULTIPORT HUB - USBC HUB-112638 | SANDISK 64GB SD CARD - SANDISK 64SD-112639 | GODOX POWER SUPPLY - GODOX PSU-112640 | FUJIFILM X-T5 BODY - FUJI XT5-112641 | GODOX LED LIGHT PANEL - GODOX LED-112642 | INSTA360 X4 CAMERA - INSTA X4-112643 | NIKON Z6 III BATTERY - NIKON Z6III BATT-112644 | OLYMPUS OM-D E-M1 BODY - OLY EM1-112645 | HDMI CABLE 10FT - HDMI10-112646 | MANFROTTO TRIPOD - MANFRO TRIPOD-112647 | GODOX LIGHT STAND - GODOX STAND-112648 | GODOX LIGHT STAND - GODOX STAND-112649 | 
8746753,,@fixture.edu,0,10/24/2025 8:01 AM,10/24/2025 7:00 PM,10/24/2025 7:01 PM,39600,40,Returned: AUDIO-TECHNICA HEADPHONES - AT HEADPHONES-112650 | META QUEST HEADSET - MQUEST HS-112651 | SANDISK 64GB SD CARD - SANDISK 64SD-112652 | PANASONIC S5 II BODY - PANA S5II-112653 | FUJIFILM X-T5 BATTERY - FUJI XT5 BATT-112654 | META QUEST CHARGING CABLE - MQUEST CABLE-112655 | RODE MIC BATTERY - RODE MIC BATT-112656 | USB-C MULTIPORT HUB - USBC HUB-112657 | USB-C TO HDMI ADAPTER - USBC HDMI-112658 | NIKON Z6 III CAMERA CASE - NIKON Z6III CASE-112659 | INSTA360 X4 CASE - INSTA X4 CASE-112660 | EQUIPMENT CRATE 12x12 - CRATE12-112661 | USB KEYBOARD - USB KYBD-112662 | NIKON Z6 III MIRRORLESS BODY - NIKON Z6III-112663 | LEXAR 128GB CF CARD - LEXAR CF128-112664 | EXTENSION CORD 10FT - EXTCORD10-112665 | POWER STRIP - PWRSTRIP-112666 | META QUEST CHARGING CABLE - MQUEST CABLE-112667 | INSTA360 X4 BATTERY - INSTA X4 BATT-112668 | FUJIFILM 18-55mm LENS - FUJI 1855 LENS-112669 | DELL XPS LAPTOP CHARGER - DELL XPS CHRG-112670 | FUJIFILM 18-55mm LENS - FUJI 1855 LENS-112671 | EXTENSION CORD 10FT - EXTCORD10-112672 | EXTENSION CORD 10FT - EXTCORD10-112673 | MACBOOK AIR M3 LAPTOP - MBA M3-112674 | FUJIFILM 18-55mm LENS - FUJI 1855 LENS-112675 | GODOX LIGHT STAND - GODOX STAND-112676 | MANFROTTO TRIPOD CASE - MANFRO CASE-112677 | FUJIFILM X-T5 BODY - FUJI XT5-112678 | POWER STRIP - PWRSTRIP-112679 | ZOOM H5 RECORDER CASE - ZOOM H5 CASE-112680 | XLR CABLE 25FT - XLR25-112681 | PANASONIC S5 II BATTERY CHARGER - PANA S5II CHRG-112682 | META QUEST CHARGING CABLE - MQUEST CABLE-112683 | EPSON PROJECTOR HDMI CABLE - EPSON PROJ HDMI-112684 | META QUEST CONTROLLER - MQUEST CTRL-112685 | HUION DRAWING TABLET - HUION TABLET-112686 | INSTA360 X4 BATTERY - INSTA X4 BATT-112687 | EXTENSION CORD 10FT - EXTCORD10-112688 | INSTA360 X4 CASE - INSTA X4 CASE-112689 | 
8581856,,@fixture.edu,0,10/31/2025 7:58 AM,10/31/2025 7:00 PM,10/31/2025 7:00 PM,39720,40,Returned: OLYMPUS 12-40mm LENS - OLY 1240 LENS-112690 | ZOOM H5 RECORDER - ZOOM H5-112691 | LAPTOP SLEEVE CASE - LAPTOP SLEEVE-112692 | GODOX POWER SUPPLY - GODOX PSU-112693 | PANASONIC S5 II BATTERY CHARGER - PANA S5II CHRG-112694 | INSTA360 X4 CASE - INSTA X4 CASE-112695 | HDMI CABLE 10FT - HDMI10-112696 | ZOOM H5 RECORDER CASE - ZOOM H5 CASE-112697 | ZOOM H5 RECORDER - ZOOM H5-112698 | XLR CABLE 25FT - XLR25-112699 | HDMI CABLE 10FT - HDMI10-112700 | FUJIFILM X-T5 BATTERY - FUJI XT5 BATT-112701 | LAPTOP SLEEVE CASE - LAPTOP SLEEVE-112702 | LOGITECH WEBCAM - LOGI WEBCAM-112703 | SANDISK 64GB SD CARD - SANDISK 64SD-112704 | PANASONIC S5 II BATTERY CHARGER - PANA S5II CHRG-112705 | GODOX LED LIGHT PANEL - GODOX LED-112706 | EXTENSION CORD 10FT - EXTCORD10-112707 | HDMI CABLE 10FT - HDMI10-112708 | NIKON Z6 III CAMERA CASE - NIKON Z6III CASE-112709 | INSTA360 X4 CASE - INSTA X4 CASE-112710 | SANDISK 128GB SD CARD - SANDISK 128SD-112711 | GODOX LIGHT STAND - GODOX STAND-112712 | META QUEST CONTROLLER - MQUEST CTRL-112713 | MACBOOK AIR CHARGING CABLE - MBA CABLE-112714 | EXTENSION CORD 10FT - EXTCORD10-112715 | XLR CABLE 25FT - XLR25-112716 | GODOX LED LIGHT PANEL - GODOX LED-112717 | PANASONIC S5 II BATTERY CHARGER - PANA S5II CHRG-112718 | NIKON Z6 III BATTERY CHARGER - NIKON Z6III CHRG-112719 | DELL XPS LAPTOP CHARGER - DELL XPS CHRG-112720 | NIKON Z6 III MIRRORLESS BODY - NIKON Z6III-112721 | ZOOM H5 RECORDER CASE - ZOOM H5 CASE-112722 | INSTA360 X4 CASE - INSTA X4 CASE-112723 | META QUEST CHARGING CABLE - MQUEST CABLE-112724 | GODOX LED LIGHT PANEL - GODOX LED-112725 | AUDIO-TECHNICA HEADPHONES - AT HEADPHONES-112726 | USB KEYBOARD - USB KYBD-112727 | INSTA360 X4 BATTERY - INSTA X4 BATT-112728 | CARD READER - CARDRDR-112729 | 
1630944,,@fixture.edu,0,09/10/2025 11:00 AM,09/10/2025 6:30 PM,09/10/2025 4:08 PM,18480,4,Returned: FUJIFILM X-T5 BODY - FUJI XT5-112730 | USB KEYBOARD - USB KYBD-112731 | WACOM CINTIQ PEN - WACOM CINTIQ PEN-112732 | USB-C TO HDMI ADAPTER - USBC HDMI-112733 | 
1954456,MDSV,@fixture.edu,1,09/11/2025 8:23 AM,09/22/2025 6:30 PM,09/22/2025 10:16 AM,957180,9,Returned: FUJIFILM 18-55mm LENS - FUJI 1855 LENS-112734 | OLYMPUS OM-D E-M1 BODY - OLY EM1-112735 | MACBOOK AIR CHARGING CABLE - MBA CABLE-112736 | INSTA360 X4 CASE - INSTA X4 CASE-112737 | EPSON PROJECTOR HDMI CABLE - EPSON PROJ HDMI-112738 | ZOOM H5 RECORDER - ZOOM H5-112739 | HUION DRAWING TABLET - HUION TABLET-112740 | NIKON Z6 III BATTERY - NIKON Z6III BATT-112741 | LOGITECH WIRELESS MOUSE - LOGI MOUSE-112742 | 
7186390,,@fixture.edu,0,09/11/2025 12:48 PM,09/11/2025 6:30 PM,09/11/2025 3:23 PM,9300,2,Returned: RODE MIC BATTERY - RODE MIC BATT-112743 | RODE MIC BATTERY - RODE MIC BATT-112744 | 
5816353,,@fixture.edu,0,09/18/2025 12:33 PM,09/20/2025 7:30 PM,09/22/2025 9:46 AM,335580,6,Returned: LOGITECH WIRELESS MOUSE - LOGI MOUSE-112745 | RODE WIRELESS MIC - RODE WIRELESS-112746 | CARD READER - CARDRDR-112747 | NIKON Z6 III CAMERA CASE - NIKON Z6III CASE-112748 | RODE WIRELESS MIC - RODE WIRELESS-112749 | INSTA360 X4 BATTERY - INSTA X4 BATT-112750 | 
2287332,,@fixture.edu,0,09/25/2025 12:49 PM,09/27/2025 7:30 PM,09/29/2025 11:57 AM,342480,6,Returned: OLYMPUS OM-D E-M1 BODY - OLY EM1-112751 | MANFROTTO TRIPOD - MANFRO TRIPOD-112752 | XLR CABLE 15FT - XLR15-112753 | OLYMPUS 12-40mm LENS - OLY 1240 LENS-112754 | ZOOM H5 RECORDER - ZOOM H5-112755 | AUDIO-TECHNICA HEADPHONES - AT HEADPHONES-112756 | 
2514923,,@fixture.edu,0,10/02/2025 12:42 PM,10/06/2025 7:30 PM,10/06/2025 1:45 PM,349380,6,Returned: FUJIFILM X-T5 BODY - FUJI XT5-112757 | USB-C MULTIPORT HUB - USBC HUB-112758 | FUJIFILM X-T5 BODY - FUJI XT5-112759 | RODE WIRELESS MIC - RODE WIRELESS-112760 | RODE WIRELESS MIC - RODE WIRELESS-112761 | NIKON Z6 III BATTERY - NIKON Z6III BATT-112762 | 
9507186,,@fixture.edu,0,10/10/2025 8:52 AM,10/13/2025 6:30 PM,10/13/2025 5:41 PM,290940,6,Returned: INSTA360 X4 BATTERY - INSTA X4 BATT-112763 | ZOOM H5 RECORDER - ZOOM H5-112764 | EPSON PROJECTOR HDMI CABLE - EPSON PROJ HDMI-112765 | CARD READER - CARDRDR-112766 | META QUEST CHARGING CABLE - MQUEST CABLE-112767 | WACOM ONE TABLET - WACOM ONE-112768 | 
7450545,,@fixture.edu,0,10/16/2025 4:43 PM,10/20/2025 6:30 PM,10/20/2025 8:31 AM,316080,6,Returned: USB KEYBOARD - USB KYBD-112769 | ZOOM H5 RECORDER CASE - ZOOM H5 CASE-112770 | FUJIFILM X-T5 BATTERY - FUJI XT5 BATT-112771 | MANFROTTO TRIPOD - MANFRO TRIPOD-112772 | ZOOM H5 RECORDER - ZOOM H5-112773 | EQUIPMENT CRATE 12x12 - CRATE12-112774 | 
8763013,,@fixture.edu,0,09/15/2025 8:37 AM,09/15/2025 6:30 PM,09/15/2025 3:48 PM,25860,5,Returned: PANASONIC S5 II BATTERY CHARGER - PANA S5II CHRG-112775 | SANDISK 64GB SD CARD - SANDISK 64SD-112776 | LOGITECH WEBCAM - LOGI WEBCAM-112777 | SANDISK 128GB SD CARD - SANDISK 128SD-112778 | MANFROTTO TRIPOD CASE - MANFRO CASE-112779 | 
1688246,,@fixture.edu,0,09/15/2025 3:40 PM,09/15/2025 7:00 PM,09/15/2025 6:59 PM,11940,25,Returned: USB KEYBOARD - USB KYBD-112780 | USB-C TO HDMI ADAPTER - USBC HDMI-112781 | USB-C MULTIPORT HUB - USBC HUB-112782 | CARD READER - CARDRDR-112783 | LOGITECH WEBCAM - LOGI WEBCAM-112784 | USB-C TO HDMI ADAPTER - USBC HDMI-112785 | WACOM CINTIQ TABLET - WACOM CINTIQ-112786 | GODOX POWER SUPPLY - GODOX PSU-112787 | RODE WIRELESS MIC - RODE WIRELESS-112788 | USB-C TO HDMI ADAPTER - USBC HDMI-112789 | RODE WIRELESS MIC - RODE WIRELESS-112790 | META QUEST HEADSET - MQUEST HS-112791 | HDMI CABLE 10FT - HDMI10-112792 | NIKON Z6 III BATTERY CHARGER - NIKON Z6III CHRG-112793 | META QUEST CONTROLLER - MQUEST CTRL-112794 | DELL XPS LAPTOP - DELL XPS-112795 | GODOX LIGHT STAND - GODOX STAND-112796 | MANFROTTO TRIPOD - MANFRO TRIPOD-112797 | NIKON Z6 III BATTERY CHARGER - NIKON Z6III CHRG-112798 | NIKON Z6 III CAMERA CASE - NIKON Z6III CASE-112799 | INSTA360 X4 CAMERA - INSTA X4-112800 | WACOM CINTIQ PEN - WACOM CINTIQ PEN-112801 | FUJIFILM X-T5 BATTERY - FUJI XT5 BATT-112802 | MACBOOK AIR M3 CHARGER - MBA M3 CHRG-112803 | MACBOOK AIR M3 LAPTOP - MBA M3-112804 | 
8545279,,@fixture.edu,0,09/22/2025 1:55 PM,09/22/2025 7:00 PM,09/22/2025 6:56 PM,18060,25,Returned: ZOOM H5 RECORDER CASE - ZOOM H5 CASE-112805 | USB-C MULTIPORT HUB - USBC HUB-112806 | MANFROTTO TRIPOD - MANFRO TRIPOD-112807 | WACOM CINTIQ PEN - WACOM CINTIQ PEN-112808 | USB-C TO HDMI ADAPTER - USBC HDMI-112809 | POWER STRIP - PWRSTRIP-112810 | FUJIFILM X-T5 BODY - FUJI XT5-112811 | PANASONIC S5 II BODY - PANA S5II-112812 | GODOX LED LIGHT PANEL - GODOX LED-112813 | WACOM CINTIQ TABLET - WACOM CINTIQ-112814 | CARD READER - CARDRDR-112815 | HUION DRAWING TABLET - HUION TABLET-112816 | NIKON Z6 III MIRRORLESS BODY - NIKON Z6III-112817 | SANDISK 128GB SD CARD - SANDISK 128SD-112818 | EPSON PROJECTOR - EPSON PROJ-112819 | PANASONIC S5 II BODY - PANA S5II-112820 | INSTA360 X4 CAMERA - INSTA X4-112821 | CARD READER - CARDRDR-112822 | LAPTOP SLEEVE CASE - LAPTOP SLEEVE-112823 | INSTA360 X4 CASE - INSTA X4 CASE-112824 | NIKON Z6 III MIRRORLESS BODY - NIKON Z6III-112825 | LAPTOP SLEEVE CASE - LAPTOP SLEEVE-112826 | MANFROTTO TRIPOD CASE - MANFRO CASE-112827 | POWER STRIP - PWRSTRIP-112828 | EXTENSION CORD 10FT - EXTCORD10-112829 | 
4158134,,@fixture.edu,0,09/29/2025 1:50 PM,09/29/2025 7:00 PM,09/29/2025 7:00 PM,18600,25,Returned: PANASONIC S5 II BATTERY CHARGER - PANA S5II CHRG-112830 | USB-C TO HDMI ADAPTER - USBC HDMI-112831 | NIKON Z6 III CAMERA CASE - NIKON Z6III CASE-112832 | SANDISK 64GB SD CARD - SANDISK 64SD-112833 | GODOX LIGHT STAND - GODOX STAND-112834 | PANASONIC S5 II BATTERY CHARGER - PANA S5II CHRG-112835 | USB-C MULTIPORT HUB - USBC HUB-112836 | ZOOM H5 RECORDER - ZOOM H5-112837 | AUDIO-TECHNICA HEADPHONES - AT HEADPHONES-112838 | WACOM CINTIQ PEN - WACOM CINTIQ PEN-112839 | META QUEST CONTROLLER - MQUEST CTRL-112840 | MANFROTTO TRIPOD CASE - MANFRO CASE-112841 | LEXAR 128GB CF CARD - LEXAR CF128-112842 | CARD READER - CARDRDR-112843 | FUJIFILM 18-55mm LENS - FUJI 1855 LENS-112844 | DELL XPS LAPTOP - DELL XPS-112845 | GODOX LED LIGHT PANEL - GODOX LED-112846 | MACBOOK AIR CHARGING CABLE - MBA CABLE-112847 | INSTA360 X4 BATTERY - INSTA X4 BATT-112848 | AUDIO-TECHNICA HEADPHONES - AT HEADPHONES-112849 | PANASONIC S5 II BATTERY CHARGER - PANA S5II CHRG-112850 | LEXAR 128GB CF CARD - LEXAR CF128-112851 | OLYMPUS OM-D E-M1 BODY - OLY EM1-112852 | PANASONIC S5 II BATTERY CHARGER - PANA S5II CHRG-112853 | GODOX LED LIGHT PANEL - GODOX LED-112854 | 
6394323,,@fixture.edu,0,10/06/2025 1:56 PM,10/06/2025 7:00 PM,10/06/2025 7:04 PM,18480,25,Returned: FUJIFILM 18-55mm LENS - FUJI 1855 LENS-112855 | GODOX LIGHT STAND - GODOX STAND-112856 | OLYMPUS OM-D E-M1 BODY - OLY EM1-112857 | NIKON Z6 III BATTERY CHARGER - NIKON Z6III CHRG-112858 | INSTA360 X4 CASE - INSTA X4 CASE-112859 | BENQ DATA PROJECTOR - BENQ PROJ-112860 | BENQ DATA PROJECTOR - BENQ PROJ-112861 | GODOX POWER SUPPLY - GODOX PSU-112862 | OLYMPUS OM-D E-M1 BODY - OLY EM1-112863 | SANDISK 64GB SD CARD - SANDISK 64SD-112864 | INSTA360 X4 CAMERA - INSTA X4-112865 | WACOM CINTIQ TABLET - WACOM CINTIQ-112866 | GODOX LED LIGHT PANEL - GODOX LED-112867 | EPSON PROJECTOR HDMI CABLE - EPSON PROJ HDMI-112868 | LOGITECH WIRELESS MOUSE - LOGI MOUSE-112869 | NIKON Z6 III MIRRORLESS BODY - NIKON Z6III-112870 | FUJIFILM X-T5 BATTERY - FUJI XT5 BATT-112871 | SANDISK 64GB SD CARD - SANDISK 64SD-112872 | OLYMPUS OM-D E-M1 BODY - OLY EM1-112873 | EPSON PROJECTOR HDMI CABLE - EPSON PROJ HDMI-112874 | POWER STRIP - PWRSTRIP-112875 | CARD READER - CARDRDR-112876 | RODE MIC BATTERY - RODE MIC BATT-112877 | AUDIO-TECHNICA HEADPHONES - AT HEADPHONES-112878 | GODOX LIGHT STAND - GODOX STAND-112879 | 
8979730,,@fixture.edu,0,10/13/2025 1:48 PM,10/13/2025 7:00 PM,10/13/2025 7:09 PM,19260,25,Returned: GODOX POWER SUPPLY - GODOX PSU-112880 | DELL XPS LAPTOP CHARGER - DELL XPS CHRG-112881 | SANDISK 64GB SD CARD - SANDISK 64SD-112882 | HUION DRAWING TABLET - HUION TABLET-112883 | SANDISK 64GB SD CARD - SANDISK 64SD-112884 | ZOOM H5 RECORDER CASE - ZOOM H5 CASE-112885 | CARD READER - CARDRDR-112886 | CARD READER - CARDRDR-112887 | GODOX LIGHT STAND - GODOX STAND-112888 | MACBOOK AIR M3 CHARGER - MBA M3 CHRG-112889 | INSTA360 X4 CAMERA - INSTA X4-112890 | DELL XPS LAPTOP CHARGER - DELL XPS CHRG-112891 | LEXAR 128GB CF CARD - LEXAR CF128-112892 | DELL XPS LAPTOP - DELL XPS-112893 | OLYMPUS 12-40mm LENS - OLY 1240 LENS-112894 | EXTENSION CORD 10FT - EXTCORD10-112895 | LOGITECH WIRELESS MOUSE - LOGI MOUSE-112896 | HDMI CABLE 10FT - HDMI10-112897 | LAPTOP SLEEVE CASE - LAPTOP SLEEVE-112898 | SANDISK 64GB SD CARD - SANDISK 64SD-112899 | FUJIFILM 18-55mm LENS - FUJI 1855 LENS-112900 | MANFROTTO TRIPOD CASE - MANFRO CASE-112901 | MANFROTTO TRIPOD CASE - MANFRO CASE-112902 | PANASONIC S5 II BODY - PANA S5II-112903 | EXTENSION CORD 10FT - EXTCORD10-112904 | 
9411547,,@fixture.edu,0,10/20/2025 1:49 PM,10/20/2025 7:00 PM,10/20/2025 6:51 PM,18120,25,Returned: MACBOOK AIR M3 CHARGER - MBA M3 CHRG-112905 | HDMI CABLE 10FT - HDMI10-112906 | NIKON Z6 III CAMERA CASE - NIKON Z6III CASE-112907 | DELL XPS LAPTOP CHARGER - DELL XPS CHRG-112908 | RODE WIRELESS MIC - RODE WIRELESS-112909 | SANDISK 128GB SD CARD - SANDISK 128SD-112910 | SANDISK 64GB SD CARD - SANDISK 64SD-112911 | CARD READER - CARDRDR-112912 | USB KEYBOARD - USB KYBD-112913 | INSTA360 X4 CAMERA - INSTA X4-112914 | MANFROTTO TRIPOD - MANFRO TRIPOD-112915 | MACBOOK AIR M3 CHARGER - MBA M3 CHRG-112916 | DELL XPS LAPTOP CHARGER - DELL XPS CHRG-112917 | OLYMPUS OM-D E-M1 BODY - OLY EM1-112918 | EXTENSION CORD 10FT - EXTCORD10-112919 | GODOX LED LIGHT PANEL - GODOX LED-112920 | XLR CABLE 25FT - XLR25-112921 | INSTA360 X4 CASE - INSTA X4 CASE-112922 | USB-C TO HDMI ADAPTER - USBC HDMI-112923 | GODOX LED LIGHT PANEL - GODOX LED-112924 | OLYMPUS OM-D E-M1 BODY - OLY EM1-112925 | MANFROTTO TRIPOD - MANFRO TRIPOD-112926 | XLR CABLE 15FT - XLR15-112927 | MANFROTTO TRIPOD - MANFRO TRIPOD-112928 | FUJIFILM X-T5 BATTERY - FUJI XT5 BATT-112929 | 
3531028,,@fixture.edu,0,10/27/2025 1:54 PM,10/27/2025 7:00 PM,10/27/2025 3:40 PM,6360,25,Returned: CARD READER - CARDRDR-112930 | LAPTOP SLEEVE CASE - LAPTOP SLEEVE-112931 | RODE MIC BATTERY - RODE MIC BATT-112932 | AUDIO-TECHNICA HEADPHONES - AT HEADPHONES-112933 | NIKON Z6 III CAMERA CASE - NIKON Z6III CASE-112934 | INSTA360 X4 CAMERA - INSTA X4-112935 | FUJIFILM X-T5 BATTERY - FUJI XT5 BATT-112936 | META QUEST HEADSET - MQUEST HS-112937 | LEXAR 128GB CF CARD - LEXAR CF128-112938 | LEXAR 128GB CF CARD - LEXAR CF128-112939 | INSTA360 X4 CAMERA - INSTA X4-112940 | META QUEST CHARGING CABLE - MQUEST CABLE-112941 | CARD READER - CARDRDR-112942 | WACOM CINTIQ TABLET - WACOM CINTIQ-112943 | META QUEST CONTROLLER - MQUEST CTRL-112944 | META QUEST CONTROLLER - MQUEST CTRL-112945 | HUION DRAWING TABLET - HUION TABLET-112946 | INSTA360 X4 BATTERY - INSTA X4 BATT-112947 | NIKON Z6 III MIRRORLESS BODY - NIKON Z6III-112948 | INSTA360 X4 CAMERA - INSTA X4-112949 | ZOOM H5 RECORDER - ZOOM H5-112950 | GODOX POWER SUPPLY - GODOX PSU-112951 | USB-C TO HDMI ADAPTER - USBC HDMI-112952 | WACOM CINTIQ TABLET - WACOM CINTIQ-112953 | NIKON Z6 III MIRRORLESS BODY - NIKON Z6III-112954 | 
2038068,,@fixture.edu,0,09/22/2025 8:13 AM,09/22/2025 2:00 PM,09/22/2025 1:28 PM,18900,6,Returned: PANASONIC S5 II BATTERY CHARGER - PANA S5II CHRG-112955 | FUJIFILM X-T5 BATTERY - FUJI XT5 BATT-112956 | RODE WIRELESS MIC - RODE WIRELESS-112957 | EXTENSION CORD 10FT - EXTCORD10-112958 | LEXAR 128GB CF CARD - LEXAR CF128-112959 | LOGITECH WEBCAM - LOGI WEBCAM-112960 | 
8558523,,@fixture.edu,0,09/29/2025 8:09 AM,09/29/2025 2:00 PM,09/29/2025 1:22 PM,18780,5,Returned: WACOM CINTIQ PEN - WACOM CINTIQ PEN-112961 | HUION DRAWING TABLET - HUION TABLET-112962 | GODOX LIGHT STAND - GODOX STAND-112963 | INSTA360 X4 CAMERA - INSTA X4-112964 | WACOM CINTIQ TABLET - WACOM CINTIQ-112965 | 
2736473,,@fixture.edu,0,10/06/2025 8:04 AM,10/06/2025 2:00 PM,10/06/2025 1:28 PM,19440,5,Returned: ZOOM H5 RECORDER CASE - ZOOM H5 CASE-112966 | XLR CABLE 15FT - XLR15-112967 | HUION DRAWING TABLET - HUION TABLET-112968 | EQUIPMENT CRATE 12x12 - CRATE12-112969 | RODE MIC BATTERY - RODE MIC BATT-112970 | 
6761929,,@fixture.edu,0,10/13/2025 7:57 AM,10/13/2025 2:00 PM,10/13/2025 1:56 PM,21540,5,Returned: CARD READER - CARDRDR-112971 | ZOOM H5 RECORDER CASE - ZOOM H5 CASE-112972 | HDMI CABLE 10FT - HDMI10-112973 | USB-C MULTIPORT HUB - USBC HUB-112974 | MACBOOK AIR CHARGING CABLE - MBA CABLE-112975 | 
2414808,,@fixture.edu,0,10/20/2025 8:25 AM,10/20/2025 2:00 PM,10/20/2025 2:27 PM,21720,5,Returned: DELL XPS LAPTOP - DELL XPS-112976 | USB-C TO HDMI ADAPTER - USBC HDMI-112977 | GODOX POWER SUPPLY - GODOX PSU-112978 | FUJIFILM X-T5 BATTERY - FUJI XT5 BATT-112979 | META QUEST HEADSET - MQUEST HS-112980 | 
9464927,,@fixture.edu,0,10/27/2025 8:20 AM,10/27/2025 2:00 PM,10/27/2025 6:05 PM,35100,6,Returned: SANDISK 128GB SD CARD - SANDISK 128SD-112981 | CARD READER - CARDRDR-112982 | SANDISK 64GB SD CARD - SANDISK 64SD-112983 | AUDIO-TECHNICA HEADPHONES - AT HEADPHONES-112984 | INSTA360 X4 CASE - INSTA X4 CASE-112985 | NIKON Z6 III CAMERA CASE - NIKON Z6III CASE-112986 | 
3895058,DRAW,@inside.fixture.edu,0,09/15/2025 4:47 PM,09/19/2025 6:30 PM,09/22/2025 12:57 PM,591000,1,Returned: GODOX POWER SUPPLY - GODOX PSU-112987 | 
1656695,STDA,@inside.fixture.edu,2,09/16/2025 11:52 AM,10/15/2025 6:30 PM,10/15/2025 11:50 AM,2505480,8,Returned: INSTA360 X4 BATTERY - INSTA X4 BATT-112988 | DELL XPS LAPTOP CHARGER - DELL XPS CHRG-112989 | OLYMPUS OM-D E-M1 BODY - OLY EM1-112990 | BENQ DATA PROJECTOR - BENQ PROJ-112991 | SANDISK 128GB SD CARD - SANDISK 128SD-112992 | FUJIFILM X-T5 BATTERY - FUJI XT5 BATT-112993 | MANFROTTO TRIPOD - MANFRO TRIPOD-112994 | META QUEST CONTROLLER - MQUEST CTRL-112995 | 
5156449,GDES,@inside.fixture.edu,0,09/16/2025 5:22 PM,09/19/2025 12:30 PM,09/19/2025 12:32 PM,241800,7,Returned: AUDIO-TECHNICA HEADPHONES - AT HEADPHONES-112996 | INSTA360 X4 CASE - INSTA X4 CASE-112997 | GODOX LED LIGHT PANEL - GODOX LED-112998 | EQUIPMENT CRATE 12x12 - CRATE12-112999 | META QUEST HEADSET - MQUEST HS-113000 | FUJIFILM X-T5 BATTERY - FUJI XT5 BATT-113001 | META QUEST CONTROLLER - MQUEST CTRL-113002 | 
8344365,STDA,@inside.fixture.edu,1,09/16/2025 4:09 PM,10/14/2025 6:30 PM,10/13/2025 1:19 PM,2322600,44,Returned: WACOM ONE TABLET - WACOM ONE-113003 | FUJIFILM X-T5 BATTERY - FUJI XT5 BATT-113004 | LEXAR 128GB CF CARD - LEXAR CF128-113005 | WACOM CINTIQ PEN - WACOM CINTIQ PEN-113006 | HDMI CABLE 10FT - HDMI10-113007 | META QUEST CHARGING CABLE - MQUEST CABLE-113008 | LEXAR 128GB CF CARD - LEXAR CF128-113009 | MACBOOK AIR M3 CHARGER - MBA M3 CHRG-113010 | MANFROTTO TRIPOD CASE - MANFRO CASE-113011 | PANASONIC S5 II BODY - PANA S5II-113012 | HDMI CABLE 10FT - HDMI10-113013 | BENQ DATA PROJECTOR - BENQ PROJ-113014 | META QUEST CONTROLLER - MQUEST CTRL-113015 | MACBOOK AIR M3 CHARGER - MBA M3 CHRG-113016 | INSTA360 X4 CASE - INSTA X4 CASE-113017 | POWER STRIP - PWRSTRIP-113018 | EQUIPMENT CRATE 12x12 - CRATE12-113019 | FUJIFILM X-T5 BATTERY - FUJI XT5 BATT-113020 | MACBOOK AIR CHARGING CABLE - MBA CABLE-113021 | SANDISK 128GB SD CARD - SANDISK 128SD-113022 | WACOM CINTIQ TABLET - WACOM CINTIQ-113023 | NIKON Z6 III MIRRORLESS BODY - NIKON Z6III-113024 | EPSON PROJECTOR - EPSON PROJ-113025 | META QUEST CHARGING CABLE - MQUEST CABLE-113026 | HDMI CABLE 10FT - HDMI10-113027 | USB-C TO HDMI ADAPTER - USBC HDMI-113028 | PANASONIC S5 II BODY - PANA S5II-113029 | BENQ DATA PROJECTOR - BENQ PROJ-113030 | INSTA360 X4 BATTERY - INSTA X4 BATT-113031 | WACOM CINTIQ TABLET - WACOM CINTIQ-113032 | GODOX LIGHT STAND - GODOX STAND-113033 | PANASONIC S5 II BATTERY CHARGER - PANA S5II CHRG-113034 | LOGITECH WIRELESS MOUSE - LOGI MOUSE-113035 | SANDISK 128GB SD CARD - SANDISK 128SD-113036 | NIKON Z6 III BATTERY CHARGER - NIKON Z6III CHRG-113037 | PANASONIC S5 II BODY - PANA S5II-113038 | LOGITECH WIRELESS MOUSE - LOGI MOUSE-113039 | PANASONIC S5 II BATTERY CHARGER - PANA S5II CHRG-113040 | RODE WIRELESS MIC - RODE WIRELESS-113041 | NIKON Z6 III CAMERA CASE - NIKON Z6III CASE-113042 | DELL XPS LAPTOP CHARGER - DELL XPS CHRG-113043 | HUION DRAWING TABLET - HUION TABLET-113044 | NIKON Z6 III BATTERY - NIKON Z6III BATT-113045 | EPSON PROJECTOR HDMI CABLE - EPSON PROJ HDMI-113046 | 
8372274,VIZD,@inside.fixture.edu,0,09/17/2025 11:49 AM,09/18/2025 1:45 PM,09/18/2025 1:26 PM,92220,7,Returned: EPSON PROJECTOR HDMI CABLE - EPSON PROJ HDMI-113047 | XLR CABLE 15FT - XLR15-113048 | HDMI CABLE 10FT - HDMI10-113049 | HDMI CABLE 10FT - HDMI10-113050 | LOGITECH WIRELESS MOUSE - LOGI MOUSE-113051 | DELL XPS LAPTOP - DELL XPS-113052 | GODOX POWER SUPPLY - GODOX PSU-113053 | 
9792411,VIZD,@inside.fixture.edu,1,09/17/2025 11:12 AM,09/24/2025 6:30 PM,09/23/2025 12:56 PM,524640,3,Returned: LOGITECH WIRELESS MOUSE - LOGI MOUSE-113054 | OLYMPUS 12-40mm LENS - OLY 1240 LENS-113055 | XLR CABLE 15FT - XLR15-113056 | 
9770256,VIZD,@inside.fixture.edu,0,09/17/2025 11:12 AM,09/22/2025 6:30 PM,09/22/2025 1:18 PM,439560,3,Returned: PANASONIC S5 II BODY - PANA S5II-113057 | NIKON Z6 III BATTERY - NIKON Z6III BATT-113058 | PANASONIC S5 II BODY - PANA S5II-113059 | 
3663319,,@fixture.edu,0,09/17/2025 1:39 PM,09/17/2025 4:30 PM,09/17/2025 4:39 PM,10800,4,Returned: USB KEYBOARD - USB KYBD-113060 | DELL XPS LAPTOP - DELL XPS-113061 | FUJIFILM X-T5 BODY - FUJI XT5-113062 | OLYMPUS 12-40mm LENS - OLY 1240 LENS-113063 | 
7105194,,@fixture.edu,0,09/24/2025 8:39 AM,09/24/2025 4:30 PM,09/24/2025 4:17 PM,27480,4,Returned: FUJIFILM X-T5 BODY - FUJI XT5-113064 | AUDIO-TECHNICA HEADPHONES - AT HEADPHONES-113065 | DELL XPS LAPTOP - DELL XPS-113066 | EPSON PROJECTOR - EPSON PROJ-113067 | 
7255418,,@fixture.edu,0,10/08/2025 9:22 AM,10/08/2025 4:30 PM,10/08/2025 2:40 PM,19080,4,Returned: PANASONIC S5 II BODY - PANA S5II-113068 | EPSON PROJECTOR HDMI CABLE - EPSON PROJ HDMI-113069 | EPSON PROJECTOR HDMI CABLE - EPSON PROJ HDMI-113070 | EQUIPMENT CRATE 12x12 - CRATE12-113071 | 
5746166,,@fixture.edu,0,10/15/2025 9:33 AM,10/15/2025 4:30 PM,10/15/2025 3:39 PM,21960,4,Returned: USB-C MULTIPORT HUB - USBC HUB-113072 | META QUEST HEADSET - MQUEST HS-113073 | WACOM CINTIQ PEN - WACOM CINTIQ PEN-113074 | INSTA360 X4 CAMERA - INSTA X4-113075 | 
7499771,,@fixture.edu,0,10/22/2025 9:37 AM,10/22/2025 4:30 PM,10/22/2025 5:20 PM,27780,4,Returned: WACOM CINTIQ PEN - WACOM CINTIQ PEN-113076 | ZOOM H5 RECORDER - ZOOM H5-113077 | DELL XPS LAPTOP CHARGER - DELL XPS CHRG-113078 | LOGITECH WIRELESS MOUSE - LOGI MOUSE-113079 | 
7858012,DGTL,@inside.fixture.edu,1,09/17/2025 3:41 PM,09/29/2025 6:30 PM,10/23/2025 5:01 PM,3115200,7,Returned: WACOM CINTIQ PEN - WACOM CINTIQ PEN-113080 | GODOX LIGHT STAND - GODOX STAND-113081 | SANDISK 64GB SD CARD - SANDISK 64SD-113082 | DELL XPS LAPTOP CHARGER - DELL XPS CHRG-113083 | PANASONIC S5 II BODY - PANA S5II-113084 | USB KEYBOARD - USB KYBD-113085 | DELL XPS LAPTOP CHARGER - DELL XPS CHRG-113086 | 
6676858,,@fixture.edu,0,09/19/2025 8:05 AM,09/19/2025 5:00 PM,09/19/2025 1:48 PM,20580,4,Returned: RODE MIC BATTERY - RODE MIC BATT-113087 | WACOM ONE TABLET - WACOM ONE-113088 | META QUEST CONTROLLER - MQUEST CTRL-113089 | POWER STRIP - PWRSTRIP-113090 | 
1878547,STDA,@inside.fixture.edu,1,09/18/2025 1:04 PM,09/25/2025 6:30 PM,09/25/2025 1:57 PM,607980,2,Returned: LOGITECH WIRELESS MOUSE - LOGI MOUSE-113091 | PANASONIC S5 II BATTERY CHARGER - PANA S5II CHRG-113092 | 
6614484,DRAW,@inside.fixture.edu,1,09/18/2025 1:39 PM,09/26/2025 6:30 PM,09/25/2025 4:28 PM,614940,19,Returned: RODE WIRELESS MIC - RODE WIRELESS-113093 | EXTENSION CORD 10FT - EXTCORD10-113094 | MACBOOK AIR M3 LAPTOP - MBA M3-113095 | FUJIFILM X-T5 BATTERY - FUJI XT5 BATT-113096 | WACOM CINTIQ TABLET - WACOM CINTIQ-113097 | POWER STRIP - PWRSTRIP-113098 | FUJIFILM 18-55mm LENS - FUJI 1855 LENS-113099 | NIKON Z6 III BATTERY CHARGER - NIKON Z6III CHRG-113100 | BENQ DATA PROJECTOR - BENQ PROJ-113101 | USB-C MULTIPORT HUB - USBC HUB-113102 | CARD READER - CARDRDR-113103 | USB-C TO HDMI ADAPTER - USBC HDMI-113104 | XLR CABLE 25FT - XLR25-113105 | GODOX LED LIGHT PANEL - GODOX LED-113106 | EPSON PROJECTOR HDMI CABLE - EPSON PROJ HDMI-113107 | LOGITECH WEBCAM - LOGI WEBCAM-113108 | NIKON Z6 III BATTERY CHARGER - NIKON Z6III CHRG-113109 | PANASONIC S5 II BODY - PANA S5II-113110 | EQUIPMENT CRATE 12x12 - CRATE12-113111 | 
2105817,CRFT,@inside.fixture.edu,0,09/18/2025 2:34 PM,09/18/2025 6:30 PM,09/18/2025 5:42 PM,11280,2,Returned: POWER STRIP - PWRSTRIP-113112 | LEXAR 128GB CF CARD - LEXAR CF128-113113 | 
6531293,,@fixture.edu,0,09/19/2025 10:43 AM,09/22/2025 6:30 PM,09/22/2025 12:34 PM,265860,13,Returned: NIKON Z6 III BATTERY CHARGER - NIKON Z6III CHRG-113114 | CARD READER - CARDRDR-113115 | USB-C MULTIPORT HUB - USBC HUB-113116 | FUJIFILM X-T5 BODY - FUJI XT5-113117 | USB-C MULTIPORT HUB - USBC HUB-113118 | FUJIFILM X-T5 BODY - FUJI XT5-113119 | LAPTOP SLEEVE CASE - LAPTOP SLEEVE-113120 | FUJIFILM X-T5 BATTERY - FUJI XT5 BATT-113121 | MANFROTTO TRIPOD - MANFRO TRIPOD-113122 | USB-C TO HDMI ADAPTER - USBC HDMI-113123 | LOGITECH WIRELESS MOUSE - LOGI MOUSE-113124 | NIKON Z6 III BATTERY CHARGER - NIKON Z6III CHRG-113125 | MACBOOK AIR M3 CHARGER - MBA M3 CHRG-113126 | 
2585546,DRAW,@inside.fixture.edu,0,09/19/2025 9:21 AM,09/23/2025 6:30 PM,09/23/2025 8:05 AM,341040,1,Returned: USB KEYBOARD - USB KYBD-113127 | 
7485471,DRAW,@inside.fixture.edu,0,09/19/2025 9:21 AM,09/23/2025 6:30 PM,09/23/2025 8:05 AM,341040,1,Returned: OLYMPUS OM-D E-M1 BODY - OLY EM1-113128 | 
5767195,DGTL,@inside.fixture.edu,4,09/19/2025 10:00 AM,10/08/2025 6:30 PM,10/09/2025 11:23 AM,1732980,7,Returned: POWER STRIP - PWRSTRIP-113129 | EPSON PROJECTOR - EPSON PROJ-113130 | FUJIFILM X-T5 BODY - FUJI XT5-113131 | OLYMPUS 12-40mm LENS - OLY 1240 LENS-113132 | DELL XPS LAPTOP CHARGER - DELL XPS CHRG-113133 | DELL XPS LAPTOP - DELL XPS-113134 | HUION DRAWING TABLET - HUION TABLET-113135 | 
5227787,MDIA,@inside.fixture.edu,0,09/19/2025 11:35 AM,09/22/2025 6:30 PM,09/22/2025 8:18 AM,247380,2,Returned: FUJIFILM X-T5 BODY - FUJI XT5-113136 | HDMI CABLE 10FT - HDMI10-113137 | 
3522845,STDA,@inside.fixture.edu,0,09/19/2025 2:42 PM,09/23/2025 6:30 PM,09/22/2025 2:12 PM,257400,20,Returned: MACBOOK AIR M3 LAPTOP - MBA M3-113138 | GODOX POWER SUPPLY - GODOX PSU-113139 | INSTA360 X4 CASE - INSTA X4 CASE-113140 | ZOOM H5 RECORDER - ZOOM H5-113141 | NIKON Z6 III BATTERY - NIKON Z6III BATT-113142 | NIKON Z6 III MIRRORLESS BODY - NIKON Z6III-113143 | NIKON Z6 III BATTERY - NIKON Z6III BATT-113144 | GODOX LIGHT STAND - GODOX STAND-113145 | NIKON Z6 III BATTERY - NIKON Z6III BATT-113146 | LOGITECH WEBCAM - LOGI WEBCAM-113147 | NIKON Z6 III BATTERY - NIKON Z6III BATT-113148 | RODE MIC BATTERY - RODE MIC BATT-113149 | HDMI CABLE 10FT - HDMI10-113150 | LOGITECH WEBCAM - LOGI WEBCAM-113151 | WACOM CINTIQ PEN - WACOM CINTIQ PEN-113152 | FUJIFILM X-T5 BODY - FUJI XT5-113153 | PANASONIC S5 II BATTERY CHARGER - PANA S5II CHRG-113154 | INSTA360 X4 CAMERA - INSTA X4-113155 | FUJIFILM X-T5 BATTERY - FUJI XT5 BATT-113156 | POWER STRIP - PWRSTRIP-113157 | 
6592886,EDES,@inside.fixture.edu,1,09/19/2025 3:40 PM,09/25/2025 6:30 PM,09/22/2025 4:00 PM,260400,3,Returned: USB-C MULTIPORT HUB - USBC HUB-113158 | XLR CABLE 15FT - XLR15-113159 | POWER STRIP - PWRSTRIP-113160 | 
2367376,SPAC,@inside.fixture.edu,0,09/19/2025 3:46 PM,11/19/2025 6:30 PM,10/08/2025 9:59 AM,1620780,1,Returned: HDMI CABLE 10FT - HDMI10-113161 | 
3372774,INDD,@inside.fixture.edu,1,09/22/2025 12:14 PM,09/24/2025 6:30 PM,09/25/2025 12:27 PM,259980,1,Returned: WACOM ONE TABLET - WACOM ONE-113162 | 
6869018,DRAW,@inside.fixture.edu,7,09/22/2025 12:52 PM,10/17/2025 6:30 PM,10/17/2025 1:47 PM,2163300,3,Returned: EPSON PROJECTOR HDMI CABLE - EPSON PROJ HDMI-113163 | INSTA360 X4 CASE - INSTA X4 CASE-113164 | RODE MIC BATTERY - RODE MIC BATT-113165 | 
6204824,ANIM,@inside.fixture.edu,1,09/22/2025 4:10 PM,09/26/2025 6:30 PM,09/26/2025 1:38 PM,336480,3,Returned: GODOX LIGHT STAND - GODOX STAND-113166 | POWER STRIP - PWRSTRIP-113167 | MACBOOK AIR CHARGING CABLE - MBA CABLE-113168 | 
7575963,SPAC,@inside.fixture.edu,0,09/22/2025 6:08 PM,12/19/2025 6:30 PM,10/16/2025 11:49 AM,2050860,1,Returned: MANFROTTO TRIPOD CASE - MANFRO CASE-113169 | 
3163449,CRFT,@inside.fixture.edu,0,09/23/2025 12:08 PM,09/23/2025 6:30 PM,09/25/2025 12:16 PM,173280,1,Returned: RODE WIRELESS MIC - RODE WIRELESS-113170 | 
2421349,DRAW,@inside.fixture.edu,0,09/23/2025 1:13 PM,09/26/2025 6:30 PM,09/26/2025 1:06 PM,258780,1,Returned: OLYMPUS 12-40mm LENS - OLY 1240 LENS-113171 | 
6193922,DGTL,@inside.fixture.edu,4,09/23/2025 1:34 PM,10/08/2025 6:30 PM,10/07/2025 1:16 PM,1208520,2,Returned: USB-C TO HDMI ADAPTER - USBC HDMI-113172 | OLYMPUS 12-40mm LENS - OLY 1240 LENS-113173 | 
7319630,STDA,@inside.fixture.edu,1,09/23/2025 2:36 PM,10/14/2025 6:30 PM,10/17/2025 1:25 PM,2069340,8,Returned: GODOX LIGHT STAND - GODOX STAND-113174 | USB-C MULTIPORT HUB - USBC HUB-113175 | MANFROTTO TRIPOD CASE - MANFRO CASE-113176 | LAPTOP SLEEVE CASE - LAPTOP SLEEVE-113177 | EXTENSION CORD 10FT - EXTCORD10-113178 | OLYMPUS 12-40mm LENS - OLY 1240 LENS-113179 | LOGITECH WIRELESS MOUSE - LOGI MOUSE-113180 | MANFROTTO TRIPOD CASE - MANFRO CASE-113181 | 
6510922,MOTP,@inside.fixture.edu,1,09/23/2025 4:41 PM,09/25/2025 6:00 PM,09/24/2025 8:37 AM,57360,1,Returned: HUION DRAWING TABLET - HUION TABLET-113182 | 
3144023,MDIA,@inside.fixture.edu,1,09/23/2025 4:47 PM,10/16/2025 6:30 PM,10/30/2025 12:54 PM,3182820,2,Returned: NIKON Z6 III BATTERY CHARGER - NIKON Z6III CHRG-113183 | XLR CABLE 15FT - XLR15-113184 | 
9831414,VIZD,@inside.fixture.edu,0,09/23/2025 6:27 PM,09/25/2025 6:30 PM,09/25/2025 12:47 PM,152400,2,Returned: NIKON Z6 III BATTERY CHARGER - NIKON Z6III CHRG-113185 | DELL XPS LAPTOP - DELL XPS-113186 | 
2567880,ANIM,@inside.fixture.edu,0,09/24/2025 11:55 AM,10/01/2025 6:30 PM,09/30/2025 6:18 PM,541380,7,Returned: NIKON Z6 III BATTERY - NIKON Z6III BATT-113187 | WACOM CINTIQ PEN - WACOM CINTIQ PEN-113188 | NIKON Z6 III MIRRORLESS BODY - NIKON Z6III-113189 | MANFROTTO TRIPOD - MANFRO TRIPOD-113190 | LEXAR 128GB CF CARD - LEXAR CF128-113191 | ZOOM H5 RECORDER - ZOOM H5-113192 | ZOOM H5 RECORDER - ZOOM H5-113193 | 
8103580,DGTL,@inside.fixture.edu,0,09/24/2025 12:38 PM,09/29/2025 6:30 PM,09/29/2025 11:25 AM,427620,21,Returned: ZOOM H5 RECORDER CASE - ZOOM H5 CASE-113194 | LAPTOP SLEEVE CASE - LAPTOP SLEEVE-113195 | USB-C MULTIPORT HUB - USBC HUB-113196 | AUDIO-TECHNICA HEADPHONES - AT HEADPHONES-113197 | USB-C TO HDMI ADAPTER - USBC HDMI-113198 | SANDISK 128GB SD CARD - SANDISK 128SD-113199 | OLYMPUS 12-40mm LENS - OLY 1240 LENS-113200 | MANFROTTO TRIPOD - MANFRO TRIPOD-113201 | SANDISK 128GB SD CARD - SANDISK 128SD-113202 | RODE MIC BATTERY - RODE MIC BATT-113203 | GODOX LIGHT STAND - GODOX STAND-113204 | XLR CABLE 15FT - XLR15-113205 | LOGITECH WIRELESS MOUSE - LOGI MOUSE-113206 | POWER STRIP - PWRSTRIP-113207 | XLR CABLE 15FT - XLR15-113208 | NIKON Z6 III BATTERY CHARGER - NIKON Z6III CHRG-113209 | EPSON PROJECTOR HDMI CABLE - EPSON PROJ HDMI-113210 | HUION DRAWING TABLET - HUION TABLET-113211 | NIKON Z6 III BATTERY CHARGER - NIKON Z6III CHRG-113212 | SANDISK 64GB SD CARD - SANDISK 64SD-113213 | AUDIO-TECHNICA HEADPHONES - AT HEADPHONES-113214 | 
9531021,STDA,@inside.fixture.edu,0,09/24/2025 1:41 PM,09/30/2025 6:30 PM,09/24/2025 1:51 PM,600,3,Returned: CARD READER - CARDRDR-113215 | USB-C TO HDMI ADAPTER - USBC HDMI-113216 | WACOM ONE TABLET - WACOM ONE-113217 | 
7070468,STDA,@inside.fixture.edu,1,09/24/2025 1:46 PM,10/14/2025 6:30 PM,10/10/2025 12:16 PM,1377000,3,Returned: POWER STRIP - PWRSTRIP-113218 | NIKON Z6 III MIRRORLESS BODY - NIKON Z6III-113219 | HUION DRAWING TABLET - HUION TABLET-113220 | 
1305857,ANIM,@inside.fixture.edu,0,09/24/2025 2:10 PM,12/19/2025 6:30 PM,09/30/2025 1:09 PM,514740,1,Returned: HUION DRAWING TABLET - HUION TABLET-113221 | 
7083379,STDA,@inside.fixture.edu,1,09/24/2025 4:10 PM,10/15/2025 6:30 PM,10/15/2025 12:02 PM,1799520,10,Returned: META QUEST CHARGING CABLE - MQUEST CABLE-113222 | META QUEST CONTROLLER - MQUEST CTRL-113223 | PANASONIC S5 II BATTERY CHARGER - PANA S5II CHRG-113224 | NIKON Z6 III CAMERA CASE - NIKON Z6III CASE-113225 | MANFROTTO TRIPOD - MANFRO TRIPOD-113226 | NIKON Z6 III BATTERY CHARGER - NIKON Z6III CHRG-113227 | FUJIFILM 18-55mm LENS - FUJI 1855 LENS-113228 | XLR CABLE 25FT - XLR25-113229 | LOGITECH WIRELESS MOUSE - LOGI MOUSE-113230 | FUJIFILM 18-55mm LENS - FUJI 1855 LENS-113231 | 
6181912,,@fixture.edu,1,09/25/2025 9:30 AM,10/02/2025 6:30 PM,09/25/2025 3:04 PM,20040,22,Returned: USB-C TO HDMI ADAPTER - USBC HDMI-113232 | USB-C MULTIPORT HUB - USBC HUB-113233 | NIKON Z6 III MIRRORLESS BODY - NIKON Z6III-113234 | HUION DRAWING TABLET - HUION TABLET-113235 | MANFROTTO TRIPOD - MANFRO TRIPOD-113236 | CARD READER - CARDRDR-113237 | PANASONIC S5 II BODY - PANA S5II-113238 | INSTA360 X4 CAMERA - INSTA X4-113239 | MACBOOK AIR CHARGING CABLE - MBA CABLE-113240 | META QUEST CHARGING CABLE - MQUEST CABLE-113241 | LAPTOP SLEEVE CASE - LAPTOP SLEEVE-113242 | XLR CABLE 15FT - XLR15-113243 | EXTENSION CORD 10FT - EXTCORD10-113244 | USB-C MULTIPORT HUB - USBC HUB-113245 | NIKON Z6 III CAMERA CASE - NIKON Z6III CASE-113246 | MANFROTTO TRIPOD - MANFRO TRIPOD-113247 | OLYMPUS 12-40mm LENS - OLY 1240 LENS-113248 | NIKON Z6 III CAMERA CASE - NIKON Z6III CASE-113249 | EPSON PROJECTOR - EPSON PROJ-113250 | HUION DRAWING TABLET - HUION TABLET-113251 | RODE WIRELESS MIC - RODE WIRELESS-113252 | PANASONIC S5 II BODY - PANA S5II-113253 | 
4024309,INDD,@inside.fixture.edu,0,09/25/2025 12:28 PM,09/30/2025 6:30 PM,09/29/2025 12:47 PM,346740,1,Returned: WACOM CINTIQ TABLET - WACOM CINTIQ-113254 | 
4593556,DRAW,@inside.fixture.edu,0,09/26/2025 7:57 AM,09/26/2025 6:30 PM,09/26/2025 1:03 PM,18360,1,Returned: GODOX LIGHT STAND - GODOX STAND-113255 | 
6733317,DRAW,@inside.fixture.edu,0,09/26/2025 7:58 AM,09/26/2025 6:30 PM,09/26/2025 1:03 PM,18300,1,Returned: BENQ DATA PROJECTOR - BENQ PROJ-113256 | 
9158272,DRAW,@inside.fixture.edu,0,09/26/2025 7:59 AM,09/26/2025 6:30 PM,09/26/2025 1:02 PM,18180,1,Returned: AUDIO-TECHNICA HEADPHONES - AT HEADPHONES-113257 | 
4221313,,@fixture.edu,0,09/26/2025 8:59 AM,09/26/2025 6:30 PM,09/26/2025 3:09 PM,22200,4,Returned: OLYMPUS 12-40mm LENS - OLY 1240 LENS-113258 | LEXAR 128GB CF CARD - LEXAR CF128-113259 | DELL XPS LAPTOP - DELL XPS-113260 | EPSON PROJECTOR HDMI CABLE - EPSON PROJ HDMI-113261 | 
4800761,,@fixture.edu,0,09/26/2025 9:07 AM,09/29/2025 6:30 PM,09/29/2025 6:41 PM,293640,6,Returned: XLR CABLE 15FT - XLR15-113262 | EPSON PROJECTOR HDMI CABLE - EPSON PROJ HDMI-113263 | USB-C MULTIPORT HUB - USBC HUB-113264 | SANDISK 64GB SD CARD - SANDISK 64SD-113265 | RODE MIC BATTERY - RODE MIC BATT-113266 | EXTENSION CORD 10FT - EXTCORD10-113267 | 
3307963,DRAW,@inside.fixture.edu,0,09/26/2025 9:10 AM,09/29/2025 6:30 PM,09/30/2025 8:02 AM,341520,1,Returned: FUJIFILM X-T5 BODY - FUJI XT5-113268 | 
3599548,DRAW,@inside.fixture.edu,0,09/26/2025 1:12 PM,10/01/2025 6:30 PM,09/30/2025 8:02 AM,327000,1,Returned: EQUIPMENT CRATE 12x12 - CRATE12-113269 | 
2294615,DRAW,@inside.fixture.edu,0,09/29/2025 9:40 AM,09/30/2025 6:30 PM,09/29/2025 12:38 PM,10680,6,Returned: LOGITECH WIRELESS MOUSE - LOGI MOUSE-113270 | RODE WIRELESS MIC - RODE WIRELESS-113271 | INSTA360 X4 CASE - INSTA X4 CASE-113272 | XLR CABLE 25FT - XLR25-113273 | ZOOM H5 RECORDER CASE - ZOOM H5 CASE-113274 | HDMI CABLE 10FT - HDMI10-113275 | 
5962567,ANIM,@inside.fixture.edu,1,09/29/2025 1:43 PM,10/13/2025 6:30 PM,10/13/2025 6:00 PM,1225020,7,Returned: HDMI CABLE 10FT - HDMI10-113276 | CARD READER - CARDRDR-113277 | NIKON Z6 III BATTERY CHARGER - NIKON Z6III CHRG-113278 | AUDIO-TECHNICA HEADPHONES - AT HEADPHONES-113279 | SANDISK 128GB SD CARD - SANDISK 128SD-113280 | GODOX POWER SUPPLY - GODOX PSU-113281 | ZOOM H5 RECORDER - ZOOM H5-113282 | 
2696860,,@fixture.edu,0,10/03/2025 7:55 AM,10/03/2025 7:00 PM,10/03/2025 7:02 PM,40020,40,Returned: GODOX POWER SUPPLY - GODOX PSU-113283 | RODE WIRELESS MIC - RODE WIRELESS-113284 | INSTA360 X4 CAMERA - INSTA X4-113285 | META QUEST CONTROLLER - MQUEST CTRL-113286 | NIKON Z6 III BATTERY - NIKON Z6III BATT-113287 | FUJIFILM X-T5 BODY - FUJI XT5-113288 | XLR CABLE 15FT - XLR15-113289 | AUDIO-TECHNICA HEADPHONES - AT HEADPHONES-113290 | MANFROTTO TRIPOD CASE - MANFRO CASE-113291 | MANFROTTO TRIPOD CASE - MANFRO CASE-113292 | WACOM CINTIQ TABLET - WACOM CINTIQ-113293 | LOGITECH WEBCAM - LOGI WEBCAM-113294 | MACBOOK AIR CHARGING CABLE - MBA CABLE-113295 | META QUEST CONTROLLER - MQUEST CTRL-113296 | EXTENSION CORD 10FT - EXTCORD10-113297 | BENQ DATA PROJECTOR - BENQ PROJ-113298 | XLR CABLE 15FT - XLR15-113299 | USB-C TO HDMI ADAPTER - USBC HDMI-113300 | MACBOOK AIR CHARGING CABLE - MBA CABLE-113301 | PANASONIC S5 II BODY - PANA S5II-113302 | INSTA360 X4 CASE - INSTA X4 CASE-113303 | ZOOM H5 RECORDER - ZOOM H5-113304 | INSTA360 X4 BATTERY - INSTA X4 BATT-113305 | MACBOOK AIR M3 LAPTOP - MBA M3-113306 | LOGITECH WIRELESS MOUSE - LOGI MOUSE-113307 | NIKON Z6 III CAMERA CASE - NIKON Z6III CASE-113308 | GODOX POWER SUPPLY - GODOX PSU-113309 | NIKON Z6 III BATTERY CHARGER - NIKON Z6III CHRG-113310 | GODOX POWER SUPPLY - GODOX PSU-113311 | NIKON Z6 III CAMERA CASE - NIKON Z6III CASE-113312 | USB KEYBOARD - USB KYBD-113313 | LEXAR 128GB CF CARD - LEXAR CF128-113314 | META QUEST CONTROLLER - MQUEST CTRL-113315 | SANDISK 64GB SD CARD - SANDISK 64SD-113316 | EXTENSION CORD 10FT - EXTCORD10-113317 | ZOOM H5 RECORDER CASE - ZOOM H5 CASE-113318 | LOGITECH WIRELESS MOUSE - LOGI MOUSE-113319 | MANFROTTO TRIPOD - MANFRO TRIPOD-113320 | RODE MIC BATTERY - RODE MIC BATT-113321 | EPSON PROJECTOR - EPSON PROJ-113322 | 
9517619,GDES,@inside.fixture.edu,0,09/29/2025 4:45 PM,09/29/2025 6:30 PM,10/03/2025 12:54 PM,331740,20,Returned: XLR CABLE 25FT - XLR25-113323 | SANDISK 128GB SD CARD - SANDISK 128SD-113324 | OLYMPUS OM-D E-M1 BODY - OLY EM1-113325 | FUJIFILM X-T5 BATTERY - FUJI XT5 BATT-113326 | FUJIFILM X-T5 BATTERY - FUJI XT5 BATT-113327 | WACOM CINTIQ PEN - WACOM CINTIQ PEN-113328 | LAPTOP SLEEVE CASE - LAPTOP SLEEVE-113329 | EPSON PROJECTOR HDMI CABLE - EPSON PROJ HDMI-113330 | POWER STRIP - PWRSTRIP-113331 | USB-C MULTIPORT HUB - USBC HUB-113332 | WACOM ONE TABLET - WACOM ONE-113333 | PANASONIC S5 II BATTERY CHARGER - PANA S5II CHRG-113334 | WACOM CINTIQ PEN - WACOM CINTIQ PEN-113335 | HUION DRAWING TABLET - HUION TABLET-113336 | PANASONIC S5 II BATTERY CHARGER - PANA S5II CHRG-113337 | SANDISK 64GB SD CARD - SANDISK 64SD-113338 | AUDIO-TECHNICA HEADPHONES - AT HEADPHONES-113339 | RODE MIC BATTERY - RODE MIC BATT-113340 | SANDISK 128GB SD CARD - SANDISK 128SD-113341 | EQUIPMENT CRATE 12x12 - CRATE12-113342 | 
9833734,ANIM,@inside.fixture.edu,0,09/30/2025 1:07 PM,12/19/2025 6:30 PM,09/30/2025 1:39 PM,1920,1,Returned: CARD READER - CARDRDR-113343 | 
1633297,ANIM,@inside.fixture.edu,0,09/30/2025 1:09 PM,10/07/2025 6:30 PM,10/09/2025 11:26 AM,771420,7,Returned: EPSON PROJECTOR HDMI CABLE - EPSON PROJ HDMI-113344 | INSTA360 X4 CAMERA - INSTA X4-113345 | META QUEST CONTROLLER - MQUEST CTRL-113346 | WACOM ONE TABLET - WACOM ONE-113347 | MACBOOK AIR CHARGING CABLE - MBA CABLE-113348 | HDMI CABLE 10FT - HDMI10-113349 | ZOOM H5 RECORDER - ZOOM H5-113350 | 
6649968,ANIM,@inside.fixture.edu,0,09/30/2025 1:42 PM,12/19/2025 6:30 PM,10/29/2025 1:23 PM,2504460,1,Returned: XLR CABLE 25FT - XLR25-113351 | 
3198638,,@fixture.edu,0,10/02/2025 7:51 AM,10/02/2025 12:50 PM,10/02/2025 12:57 PM,18360,45,Returned: MACBOOK AIR M3 LAPTOP - MBA M3-113352 | MACBOOK AIR CHARGING CABLE - MBA CABLE-113353 | AUDIO-TECHNICA HEADPHONES - AT HEADPHONES-113354 | USB-C TO HDMI ADAPTER - USBC HDMI-113355 | CARD READER - CARDRDR-113356 | META QUEST HEADSET - MQUEST HS-113357 | NIKON Z6 III MIRRORLESS BODY - NIKON Z6III-113358 | PANASONIC S5 II BATTERY CHARGER - PANA S5II CHRG-113359 | LOGITECH WIRELESS MOUSE - LOGI MOUSE-113360 | INSTA360 X4 CASE - INSTA X4 CASE-113361 | NIKON Z6 III BATTERY - NIKON Z6III BATT-113362 | FUJIFILM X-T5 BATTERY - FUJI XT5 BATT-113363 | EXTENSION CORD 10FT - EXTCORD10-113364 | FUJIFILM 18-55mm LENS - FUJI 1855 LENS-113365 | OLYMPUS OM-D E-M1 BODY - OLY EM1-113366 | WACOM CINTIQ PEN - WACOM CINTIQ PEN-113367 | META QUEST CONTROLLER - MQUEST CTRL-113368 | LEXAR 128GB CF CARD - LEXAR CF128-113369 | XLR CABLE 15FT - XLR15-113370 | MACBOOK AIR M3 LAPTOP - MBA M3-113371 | EPSON PROJECTOR - EPSON PROJ-113372 | MANFROTTO TRIPOD - MANFRO TRIPOD-113373 | MANFROTTO TRIPOD CASE - MANFRO CASE-113374 | INSTA360 X4 BATTERY - INSTA X4 BATT-113375 | FUJIFILM 18-55mm LENS - FUJI 1855 LENS-113376 | EPSON PROJECTOR HDMI CABLE - EPSON PROJ HDMI-113377 | AUDIO-TECHNICA HEADPHONES - AT HEADPHONES-113378 | NIKON Z6 III MIRRORLESS BODY - NIKON Z6III-113379 | HUION DRAWING TABLET - HUION TABLET-113380 | SANDISK 64GB SD CARD - SANDISK 64SD-113381 | XLR CABLE 15FT - XLR15-113382 | POWER STRIP - PWRSTRIP-113383 | OLYMPUS OM-D E-M1 BODY - OLY EM1-113384 | NIKON Z6 III CAMERA CASE - NIKON Z6III CASE-113385 | RODE MIC BATTERY - RODE MIC BATT-113386 | NIKON Z6 III CAMERA CASE - NIKON Z6III CASE-113387 | FUJIFILM 18-55mm LENS - FUJI 1855 LENS-113388 | LAPTOP SLEEVE CASE - LAPTOP SLEEVE-113389 | EXTENSION CORD 10FT - EXTCORD10-113390 | MANFROTTO TRIPOD CASE - MANFRO CASE-113391 | USB-C MULTIPORT HUB - USBC HUB-113392 | SANDISK 128GB SD CARD - SANDISK 128SD-113393 | XLR CABLE 25FT - XLR25-113394 | MACBOOK AIR M3 CHARGER - MBA M3 CHRG-113395 | USB KEYBOARD - USB KYBD-113396 | 
7320310,,@fixture.edu,0,10/06/2025 2:57 PM,10/06/2025 6:30 PM,10/06/2025 3:10 PM,780,9,Returned: WACOM CINTIQ PEN - WACOM CINTIQ PEN-113397 | HDMI CABLE 10FT - HDMI10-113398 | AUDIO-TECHNICA HEADPHONES - AT HEADPHONES-113399 | PANASONIC S5 II BODY - PANA S5II-113400 | EPSON PROJECTOR HDMI CABLE - EPSON PROJ HDMI-113401 | META QUEST CHARGING CABLE - MQUEST CABLE-113402 | WACOM ONE TABLET - WACOM ONE-113403 | MACBOOK AIR CHARGING CABLE - MBA CABLE-113404 | FUJIFILM X-T5 BODY - FUJI XT5-113405 | 
3587931,MDIA,@inside.fixture.edu,0,09/30/2025 4:16 PM,09/30/2025 6:30 PM,09/30/2025 6:14 PM,7080,2,Returned: DELL XPS LAPTOP CHARGER - DELL XPS CHRG-113406 | ZOOM H5 RECORDER - ZOOM H5-113407 | 
3722056,CRFT,@inside.fixture.edu,2,09/30/2025 5:57 PM,10/13/2025 6:30 PM,10/27/2025 1:04 PM,2315220,5,Returned: DELL XPS LAPTOP - DELL XPS-113408 | FUJIFILM X-T5 BATTERY - FUJI XT5 BATT-113409 | META QUEST CHARGING CABLE - MQUEST CABLE-113410 | EPSON PROJECTOR - EPSON PROJ-113411 | CARD READER - CARDRDR-113412 | 
4034091,DGTL,@inside.fixture.edu,0,10/01/2025 12:10 PM,10/03/2025 6:00 PM,10/03/2025 1:39 PM,178140,27,Returned: RODE WIRELESS MIC - RODE WIRELESS-113413 | LAPTOP SLEEVE CASE - LAPTOP SLEEVE-113414 | AUDIO-TECHNICA HEADPHONES - AT HEADPHONES-113415 | HDMI CABLE 10FT - HDMI10-113416 | LOGITECH WIRELESS MOUSE - LOGI MOUSE-113417 | HUION DRAWING TABLET - HUION TABLET-113418 | EXTENSION CORD 10FT - EXTCORD10-113419 | ZOOM H5 RECORDER - ZOOM H5-113420 | MACBOOK AIR CHARGING CABLE - MBA CABLE-113421 | XLR CABLE 25FT - XLR25-113422 | DELL XPS LAPTOP - DELL XPS-113423 | POWER STRIP - PWRSTRIP-113424 | NIKON Z6 III BATTERY CHARGER - NIKON Z6III CHRG-113425 | EPSON PROJECTOR - EPSON PROJ-113426 | FUJIFILM 18-55mm LENS - FUJI 1855 LENS-113427 | OLYMPUS OM-D E-M1 BODY - OLY EM1-113428 | EXTENSION CORD 10FT - EXTCORD10-113429 | NIKON Z6 III MIRRORLESS BODY - NIKON Z6III-113430 | NIKON Z6 III BATTERY CHARGER - NIKON Z6III CHRG-113431 | PANASONIC S5 II BATTERY CHARGER - PANA S5II CHRG-113432 | INSTA360 X4 CASE - INSTA X4 CASE-113433 | LAPTOP SLEEVE CASE - LAPTOP SLEEVE-113434 | SANDISK 64GB SD CARD - SANDISK 64SD-113435 | XLR CABLE 25FT - XLR25-113436 | EQUIPMENT CRATE 12x12 - CRATE12-113437 | FUJIFILM X-T5 BODY - FUJI XT5-113438 | CARD READER - CARDRDR-113439 | 
3777286,,@fixture.edu,0,10/09/2025 8:04 AM,10/09/2025 12:50 PM,10/09/2025 12:57 PM,17580,45,Returned: NIKON Z6 III BATTERY - NIKON Z6III BATT-113440 | OLYMPUS 12-40mm LENS - OLY 1240 LENS-113441 | MACBOOK AIR M3 LAPTOP - MBA M3-113442 | RODE MIC BATTERY - RODE MIC BATT-113443 | BENQ DATA PROJECTOR - BENQ PROJ-113444 | FUJIFILM X-T5 BATTERY - FUJI XT5 BATT-113445 | PANASONIC S5 II BODY - PANA S5II-113446 | SANDISK 128GB SD CARD - SANDISK 128SD-113447 | META QUEST HEADSET - MQUEST HS-113448 | ZOOM H5 RECORDER CASE - ZOOM H5 CASE-113449 | LOGITECH WEBCAM - LOGI WEBCAM-113450 | MACBOOK AIR CHARGING CABLE - MBA CABLE-113451 | PANASONIC S5 II BATTERY CHARGER - PANA S5II CHRG-113452 | WACOM CINTIQ TABLET - WACOM CINTIQ-113453 | MACBOOK AIR M3 CHARGER - MBA M3 CHRG-113454 | USB KEYBOARD - USB KYBD-113455 | DELL XPS LAPTOP - DELL XPS-113456 | USB-C TO HDMI ADAPTER - USBC HDMI-113457 | META QUEST HEADSET - MQUEST HS-113458 | HUION DRAWING TABLET - HUION TABLET-113459 | INSTA360 X4 CASE - INSTA X4 CASE-113460 | LOGITECH WIRELESS MOUSE - LOGI MOUSE-113461 | MANFROTTO TRIPOD CASE - MANFRO CASE-113462 | INSTA360 X4 CAMERA - INSTA X4-113463 | FUJIFILM 18-55mm LENS - FUJI 1855 LENS-113464 | RODE WIRELESS MIC - RODE WIRELESS-113465 | USB-C TO HDMI ADAPTER - USBC HDMI-113466 | POWER STRIP - PWRSTRIP-113467 | INSTA360 X4 CASE - INSTA X4 CASE-113468 | EXTENSION CORD 10FT - EXTCORD10-113469 | ZOOM H5 RECORDER - ZOOM H5-113470 | LEXAR 128GB CF CARD - LEXAR CF128-113471 | CARD READER - CARDRDR-113472 | META QUEST CONTROLLER - MQUEST CTRL-113473 | BENQ DATA PROJECTOR - BENQ PROJ-113474 | USB-C MULTIPORT HUB - USBC HUB-113475 | AUDIO-TECHNICA HEADPHONES - AT HEADPHONES-113476 | SANDISK 64GB SD CARD - SANDISK 64SD-113477 | GODOX LED LIGHT PANEL - GODOX LED-113478 | WACOM ONE TABLET - WACOM ONE-113479 | FUJIFILM 18-55mm LENS - FUJI 1855 LENS-113480 | FUJIFILM X-T5 BATTERY - FUJI XT5 BATT-113481 | XLR CABLE 15FT - XLR15-113482 | EPSON PROJECTOR - EPSON PROJ-113483 | NIKON Z6 III MIRRORLESS BODY - NIKON Z6III-113484 | 
8342941,,@fixture.edu,0,10/16/2025 8:14 AM,10/16/2025 12:50 PM,10/20/2025 3:18 PM,371040,45,Returned: LOGITECH WIRELESS MOUSE - LOGI MOUSE-113485 | MACBOOK AIR CHARGING CABLE - MBA CABLE-113486 | INSTA360 X4 CASE - INSTA X4 CASE-113487 | WACOM CINTIQ TABLET - WACOM CINTIQ-113488 | NIKON Z6 III CAMERA CASE - NIKON Z6III CASE-113489 | MANFROTTO TRIPOD CASE - MANFRO CASE-113490 | WACOM CINTIQ TABLET - WACOM CINTIQ-113491 | META QUEST CHARGING CABLE - MQUEST CABLE-113492 | EPSON PROJECTOR HDMI CABLE - EPSON PROJ HDMI-113493 | DELL XPS LAPTOP CHARGER - DELL XPS CHRG-113494 | MANFROTTO TRIPOD - MANFRO TRIPOD-113495 | LOGITECH WEBCAM - LOGI WEBCAM-113496 | AUDIO-TECHNICA HEADPHONES - AT HEADPHONES-113497 | WACOM CINTIQ PEN - WACOM CINTIQ PEN-113498 | WACOM CINTIQ TABLET - WACOM CINTIQ-113499 | META QUEST CHARGING CABLE - MQUEST CABLE-113500 | DELL XPS LAPTOP - DELL XPS-113501 | HUION DRAWING TABLET - HUION TABLET-113502 | LOGITECH WEBCAM - LOGI WEBCAM-113503 | CARD READER - CARDRDR-113504 | GODOX LIGHT STAND - GODOX STAND-113505 | LOGITECH WIRELESS MOUSE - LOGI MOUSE-113506 | GODOX LED LIGHT PANEL - GODOX LED-113507 | HDMI CABLE 10FT - HDMI10-113508 | HDMI CABLE 10FT - HDMI10-113509 | GODOX POWER SUPPLY - GODOX PSU-113510 | HDMI CABLE 10FT - HDMI10-113511 | USB KEYBOARD - USB KYBD-113512 | FUJIFILM X-T5 BODY - FUJI XT5-113513 | LAPTOP SLEEVE CASE - LAPTOP SLEEVE-113514 | OLYMPUS OM-D E-M1 BODY - OLY EM1-113515 | POWER STRIP - PWRSTRIP-113516 | WACOM CINTIQ TABLET - WACOM CINTIQ-113517 | GODOX LED LIGHT PANEL - GODOX LED-113518 | WACOM CINTIQ TABLET - WACOM CINTIQ-113519 | OLYMPUS 12-40mm LENS - OLY 1240 LENS-113520 | WACOM CINTIQ TABLET - WACOM CINTIQ-113521 | RODE WIRELESS MIC - RODE WIRELESS-113522 | EXTENSION CORD 10FT - EXTCORD10-113523 | EQUIPMENT CRATE 12x12 - CRATE12-113524 | WACOM CINTIQ TABLET - WACOM CINTIQ-113525 | POWER STRIP - PWRSTRIP-113526 | CARD READER - CARDRDR-113527 | INSTA360 X4 CAMERA - INSTA X4-113528 | EQUIPMENT CRATE 12x12 - CRATE12-113529 | 
1733037,,@fixture.edu,0,10/30/2025 8:10 AM,10/30/2025 12:50 PM,10/30/2025 1:00 PM,17400,45,Returned: FUJIFILM X-T5 BATTERY - FUJI XT5 BATT-113530 | USB KEYBOARD - USB KYBD-113531 | LOGITECH WEBCAM - LOGI WEBCAM-113532 | SANDISK 128GB SD CARD - SANDISK 128SD-113533 | EXTENSION CORD 10FT - EXTCORD10-113534 | EXTENSION CORD 10FT - EXTCORD10-113535 | DELL XPS LAPTOP - DELL XPS-113536 | WACOM CINTIQ TABLET - WACOM CINTIQ-113537 | INSTA360 X4 CAMERA - INSTA X4-113538 | NIKON Z6 III CAMERA CASE - NIKON Z6III CASE-113539 | HUION DRAWING TABLET - HUION TABLET-113540 | NIKON Z6 III BATTERY - NIKON Z6III BATT-113541 | USB-C TO HDMI ADAPTER - USBC HDMI-113542 | OLYMPUS 12-40mm LENS - OLY 1240 LENS-113543 | GODOX LED LIGHT PANEL - GODOX LED-113544 | MACBOOK AIR M3 LAPTOP - MBA M3-113545 | AUDIO-TECHNICA HEADPHONES - AT HEADPHONES-113546 | META QUEST HEADSET - MQUEST HS-113547 | GODOX LED LIGHT PANEL - GODOX LED-113548 | PANASONIC S5 II BODY - PANA S5II-113549 | SANDISK 64GB SD CARD - SANDISK 64SD-113550 | USB-C TO HDMI ADAPTER - USBC HDMI-113551 | INSTA360 X4 CASE - INSTA X4 CASE-113552 | SANDISK 128GB SD CARD - SANDISK 128SD-113553 | WACOM ONE TABLET - WACOM ONE-113554 | RODE MIC BATTERY - RODE MIC BATT-113555 | GODOX LIGHT STAND - GODOX STAND-113556 | META QUEST HEADSET - MQUEST HS-113557 | GODOX LED LIGHT PANEL - GODOX LED-113558 | META QUEST HEADSET - MQUEST HS-113559 | LAPTOP SLEEVE CASE - LAPTOP SLEEVE-113560 | GODOX LIGHT STAND - GODOX STAND-113561 | USB-C TO HDMI ADAPTER - USBC HDMI-113562 | NIKON Z6 III MIRRORLESS BODY - NIKON Z6III-113563 | LOGITECH WIRELESS MOUSE - LOGI MOUSE-113564 | MANFROTTO TRIPOD CASE - MANFRO CASE-113565 | NIKON Z6 III MIRRORLESS BODY - NIKON Z6III-113566 | ZOOM H5 RECORDER - ZOOM H5-113567 | AUDIO-TECHNICA HEADPHONES - AT HEADPHONES-113568 | GODOX LIGHT STAND - GODOX STAND-113569 | INSTA360 X4 BATTERY - INSTA X4 BATT-113570 | META QUEST HEADSET - MQUEST HS-113571 | WACOM CINTIQ TABLET - WACOM CINTIQ-113572 | DELL XPS LAPTOP - DELL XPS-113573 | NIKON Z6 III BATTERY - NIKON Z6III BATT-113574 | 
7893063,,@fixture.edu,0,10/02/2025 8:17 AM,10/03/2025 6:30 PM,10/02/2025 2:22 PM,21900,5,Returned: LOGITECH WEBCAM - LOGI WEBCAM-113575 | POWER STRIP - PWRSTRIP-113576 | AUDIO-TECHNICA HEADPHONES - AT HEADPHONES-113577 | HDMI CABLE 10FT - HDMI10-113578 | USB-C MULTIPORT HUB - USBC HUB-113579 | 
7111929,STDA,@inside.fixture.edu,0,10/02/2025 9:36 AM,10/07/2025 6:30 PM,10/02/2025 6:51 PM,33300,18,Returned: OLYMPUS 12-40mm LENS - OLY 1240 LENS-113580 | GODOX LIGHT STAND - GODOX STAND-113581 | FUJIFILM X-T5 BATTERY - FUJI XT5 BATT-113582 | USB-C TO HDMI ADAPTER - USBC HDMI-113583 | WACOM CINTIQ TABLET - WACOM CINTIQ-113584 | ZOOM H5 RECORDER - ZOOM H5-113585 | HUION DRAWING TABLET - HUION TABLET-113586 | META QUEST CONTROLLER - MQUEST CTRL-113587 | SANDISK 64GB SD CARD - SANDISK 64SD-113588 | USB-C TO HDMI ADAPTER - USBC HDMI-113589 | LOGITECH WEBCAM - LOGI WEBCAM-113590 | FUJIFILM X-T5 BATTERY - FUJI XT5 BATT-113591 | LOGITECH WIRELESS MOUSE - LOGI MOUSE-113592 | EQUIPMENT CRATE 12x12 - CRATE12-113593 | EXTENSION CORD 10FT - EXTCORD10-113594 | LOGITECH WEBCAM - LOGI WEBCAM-113595 | RODE MIC BATTERY - RODE MIC BATT-113596 | ZOOM H5 RECORDER - ZOOM H5-113597 | 
4985095,,@fixture.edu,0,10/02/2025 2:19 PM,10/02/2025 6:30 PM,10/02/2025 2:27 PM,480,1,Returned: META QUEST CONTROLLER - MQUEST CTRL-113598 | 
8452417,DRAW,@inside.fixture.edu,0,10/03/2025 8:05 AM,10/03/2025 6:30 PM,10/03/2025 1:16 PM,18660,1,Returned: FUJIFILM 18-55mm LENS - FUJI 1855 LENS-113599 | 
5780297,DRAW,@inside.fixture.edu,0,10/03/2025 8:05 AM,10/03/2025 6:30 PM,10/03/2025 1:16 PM,18660,1,Returned: USB KEYBOARD - USB KYBD-113600 | 
8531761,DRAW,@inside.fixture.edu,0,10/03/2025 8:12 AM,10/03/2025 6:30 PM,10/03/2025 1:07 PM,17700,1,Returned: EXTENSION CORD 10FT - EXTCORD10-113601 | 
4925917,DRAW,@inside.fixture.edu,0,10/03/2025 8:12 AM,10/03/2025 6:30 PM,10/03/2025 11:21 AM,11340,1,Returned: XLR CABLE 25FT - XLR25-113602 | 
9959220,,@fixture.edu,0,10/03/2025 9:04 AM,10/03/2025 4:00 PM,10/03/2025 2:13 PM,18540,4,Returned: OLYMPUS 12-40mm LENS - OLY 1240 LENS-113603 | WACOM CINTIQ PEN - WACOM CINTIQ PEN-113604 | EXTENSION CORD 10FT - EXTCORD10-113605 | USB KEYBOARD - USB KYBD-113606 | 
5012581,DRAW,@inside.fixture.edu,0,10/03/2025 1:01 PM,10/08/2025 6:30 PM,10/07/2025 8:07 AM,327960,1,Returned: MANFROTTO TRIPOD - MANFRO TRIPOD-113607 | 
6192009,DRAW,@inside.fixture.edu,0,10/03/2025 1:01 PM,10/08/2025 6:30 PM,10/07/2025 8:07 AM,327960,1,Returned: META QUEST HEADSET - MQUEST HS-113608 | 
8868776,,@fixture.edu,0,10/03/2025 1:11 PM,10/03/2025 6:30 PM,10/03/2025 2:00 PM,2940,1,Returned: CARD READER - CARDRDR-113609 | 
4255051,ANIM,@inside.fixture.edu,0,10/03/2025 1:43 PM,10/10/2025 6:30 PM,10/08/2025 11:14 AM,423060,7,Returned: LOGITECH WIRELESS MOUSE - LOGI MOUSE-113610 | PANASONIC S5 II BODY - PANA S5II-113611 | HDMI CABLE 10FT - HDMI10-113612 | NIKON Z6 III MIRRORLESS BODY - NIKON Z6III-113613 | GODOX LIGHT STAND - GODOX STAND-113614 | LAPTOP SLEEVE CASE - LAPTOP SLEEVE-113615 | WACOM ONE TABLET - WACOM ONE-113616 | 
7171347,,@fixture.edu,0,10/03/2025 3:08 PM,10/08/2025 6:30 PM,10/03/2025 3:17 PM,540,7,Returned: META QUEST HEADSET - MQUEST HS-113617 | XLR CABLE 25FT - XLR25-113618 | INSTA360 X4 CASE - INSTA X4 CASE-113619 | FUJIFILM 18-55mm LENS - FUJI 1855 LENS-113620 | INSTA360 X4 BATTERY - INSTA X4 BATT-113621 | XLR CABLE 25FT - XLR25-113622 | SANDISK 64GB SD CARD - SANDISK 64SD-113623 | 
8391997,ANIM,@inside.fixture.edu,0,10/03/2025 3:23 PM,10/10/2025 6:30 PM,10/08/2025 2:56 PM,430380,6,Returned: FUJIFILM X-T5 BODY - FUJI XT5-113624 | PANASONIC S5 II BATTERY CHARGER - PANA S5II CHRG-113625 | WACOM ONE TABLET - WACOM ONE-113626 | LOGITECH WIRELESS MOUSE - LOGI MOUSE-113627 | LOGITECH WIRELESS MOUSE - LOGI MOUSE-113628 | NIKON Z6 III BATTERY - NIKON Z6III BATT-113629 | 
8745704,MDSV,@fixture.edu,1,10/03/2025 5:35 PM,10/13/2025 6:30 PM,10/13/2025 8:22 AM,830820,13,Returned: META QUEST CHARGING CABLE - MQUEST CABLE-113630 | XLR CABLE 15FT - XLR15-113631 | NIKON Z6 III CAMERA CASE - NIKON Z6III CASE-113632 | GODOX LED LIGHT PANEL - GODOX LED-113633 | FUJIFILM X-T5 BODY - FUJI XT5-113634 | HUION DRAWING TABLET - HUION TABLET-113635 | FUJIFILM X-T5 BODY - FUJI XT5-113636 | BENQ DATA PROJECTOR - BENQ PROJ-113637 | NIKON Z6 III BATTERY CHARGER - NIKON Z6III CHRG-113638 | AUDIO-TECHNICA HEADPHONES - AT HEADPHONES-113639 | PANASONIC S5 II BODY - PANA S5II-113640 | HUION DRAWING TABLET - HUION TABLET-113641 | PANASONIC S5 II BATTERY CHARGER - PANA S5II CHRG-113642 | 
5727345,,@fixture.edu,0,10/23/2025 3:05 PM,10/27/2025 6:30 PM,10/27/2025 12:03 PM,334680,6,Returned: WACOM CINTIQ PEN - WACOM CINTIQ PEN-113643 | DELL XPS LAPTOP CHARGER - DELL XPS CHRG-113644 | AUDIO-TECHNICA HEADPHONES - AT HEADPHONES-113645 | OLYMPUS OM-D E-M1 BODY - OLY EM1-113646 | BENQ DATA PROJECTOR - BENQ PROJ-113647 | SANDISK 128GB SD CARD - SANDISK 128SD-113648 | 
7406756,,@fixture.edu,0,10/30/2025 3:14 PM,11/03/2025 6:30 PM,11/03/2025 8:47 AM,322380,6,Returned: MANFROTTO TRIPOD CASE - MANFRO CASE-113649 | NIKON Z6 III MIRRORLESS BODY - NIKON Z6III-113650 | MACBOOK AIR CHARGING CABLE - MBA CABLE-113651 | DELL XPS LAPTOP CHARGER - DELL XPS CHRG-113652 | MANFROTTO TRIPOD CASE - MANFRO CASE-113653 | OLYMPUS 12-40mm LENS - OLY 1240 LENS-113654 | 
9437374,DRAW,@inside.fixture.edu,0,10/06/2025 11:49 AM,10/09/2025 6:30 PM,10/10/2025 9:25 AM,336960,21,Returned: EPSON PROJECTOR HDMI CABLE - EPSON PROJ HDMI-113655 | DELL XPS LAPTOP CHARGER - DELL XPS CHRG-113656 | OLYMPUS OM-D E-M1 BODY - OLY EM1-113657 | AUDIO-TECHNICA HEADPHONES - AT HEADPHONES-113658 | CARD READER - CARDRDR-113659 | GODOX LIGHT STAND - GODOX STAND-113660 | WACOM CINTIQ PEN - WACOM CINTIQ PEN-113661 | ZOOM H5 RECORDER - ZOOM H5-113662 | USB-C TO HDMI ADAPTER - USBC HDMI-113663 | FUJIFILM X-T5 BATTERY - FUJI XT5 BATT-113664 | CARD READER - CARDRDR-113665 | EPSON PROJECTOR HDMI CABLE - EPSON PROJ HDMI-113666 | LOGITECH WIRELESS MOUSE - LOGI MOUSE-113667 | META QUEST CONTROLLER - MQUEST CTRL-113668 | META QUEST CONTROLLER - MQUEST CTRL-113669 | INSTA360 X4 CASE - INSTA X4 CASE-113670 | WACOM CINTIQ TABLET - WACOM CINTIQ-113671 | META QUEST CHARGING CABLE - MQUEST CABLE-113672 | NIKON Z6 III CAMERA CASE - NIKON Z6III CASE-113673 | EXTENSION CORD 10FT - EXTCORD10-113674 | NIKON Z6 III BATTERY - NIKON Z6III BATT-113675 | 
9849306,MDIA,@inside.fixture.edu,0,10/06/2025 1:35 PM,10/08/2025 6:30 PM,10/09/2025 5:12 PM,272220,5,Returned: META QUEST CHARGING CABLE - MQUEST CABLE-113676 | GODOX POWER SUPPLY - GODOX PSU-113677 | MANFROTTO TRIPOD - MANFRO TRIPOD-113678 | INSTA360 X4 BATTERY - INSTA X4 BATT-113679 | PANASONIC S5 II BATTERY CHARGER - PANA S5II CHRG-113680 | 
8023963,,@fixture.edu,0,10/07/2025 9:48 AM,10/07/2025 6:30 PM,10/07/2025 4:48 PM,25200,3,Returned: DELL XPS LAPTOP CHARGER - DELL XPS CHRG-113681 | FUJIFILM X-T5 BODY - FUJI XT5-113682 | OLYMPUS OM-D E-M1 BODY - OLY EM1-113683 | 
3718884,MDIA,@inside.fixture.edu,0,10/06/2025 4:43 PM,10/08/2025 6:30 PM,10/07/2025 3:04 PM,80460,5,Returned: META QUEST CHARGING CABLE - MQUEST CABLE-113684 | ZOOM H5 RECORDER CASE - ZOOM H5 CASE-113685 | META QUEST CHARGING CABLE - MQUEST CABLE-113686 | SANDISK 64GB SD CARD - SANDISK 64SD-113687 | META QUEST CONTROLLER - MQUEST CTRL-113688 | 
4350371,,@fixture.edu,0,10/07/2025 11:04 AM,10/07/2025 6:30 PM,10/07/2025 2:22 PM,11880,27,Returned: AUDIO-TECHNICA HEADPHONES - AT HEADPHONES-113689 | MACBOOK AIR M3 LAPTOP - MBA M3-113690 | META QUEST CONTROLLER - MQUEST CTRL-113691 | MACBOOK AIR M3 LAPTOP - MBA M3-113692 | SANDISK 64GB SD CARD - SANDISK 64SD-113693 | INSTA360 X4 CASE - INSTA X4 CASE-113694 | META QUEST HEADSET - MQUEST HS-113695 | GODOX POWER SUPPLY - GODOX PSU-113696 | FUJIFILM X-T5 BODY - FUJI XT5-113697 | OLYMPUS 12-40mm LENS - OLY 1240 LENS-113698 | XLR CABLE 15FT - XLR15-113699 | SANDISK 128GB SD CARD - SANDISK 128SD-113700 | DELL XPS LAPTOP - DELL XPS-113701 | LOGITECH WIRELESS MOUSE - LOGI MOUSE-113702 | INSTA360 X4 BATTERY - INSTA X4 BATT-113703 | RODE MIC BATTERY - RODE MIC BATT-113704 | MACBOOK AIR M3 LAPTOP - MBA M3-113705 | USB-C TO HDMI ADAPTER - USBC HDMI-113706 | INSTA360 X4 BATTERY - INSTA X4 BATT-113707 | XLR CABLE 15FT - XLR15-113708 | PANASONIC S5 II BATTERY CHARGER - PANA S5II CHRG-113709 | DELL XPS LAPTOP CHARGER - DELL XPS CHRG-113710 | META QUEST HEADSET - MQUEST HS-113711 | USB-C MULTIPORT HUB - USBC HUB-113712 | RODE WIRELESS MIC - RODE WIRELESS-113713 | WACOM CINTIQ PEN - WACOM CINTIQ PEN-113714 | EPSON PROJECTOR HDMI CABLE - EPSON PROJ HDMI-113715 | 
3321942,DGTL,@inside.fixture.edu,0,10/07/2025 1:21 PM,10/10/2025 6:30 PM,10/28/2025 12:18 PM,1810620,13,Returned: PANASONIC S5 II BODY - PANA S5II-113716 | WACOM CINTIQ TABLET - WACOM CINTIQ-113717 | NIKON Z6 III BATTERY CHARGER - NIKON Z6III CHRG-113718 | CARD READER - CARDRDR-113719 | RODE WIRELESS MIC - RODE WIRELESS-113720 | NIKON Z6 III BATTERY CHARGER - NIKON Z6III CHRG-113721 | LOGITECH WEBCAM - LOGI WEBCAM-113722 | DELL XPS LAPTOP - DELL XPS-113723 | MANFROTTO TRIPOD CASE - MANFRO CASE-113724 | NIKON Z6 III BATTERY CHARGER - NIKON Z6III CHRG-113725 | DELL XPS LAPTOP CHARGER - DELL XPS CHRG-113726 | GODOX POWER SUPPLY - GODOX PSU-113727 | LOGITECH WIRELESS MOUSE - LOGI MOUSE-113728 | 
5194357,,@fixture.edu,0,10/08/2025 11:49 AM,10/08/2025 6:30 PM,10/08/2025 6:07 PM,22680,28,Returned: XLR CABLE 25FT - XLR25-113729 | USB-C MULTIPORT HUB - USBC HUB-113730 | META QUEST CHARGING CABLE - MQUEST CABLE-113731 | META QUEST HEADSET - MQUEST HS-113732 | BENQ DATA PROJECTOR - BENQ PROJ-113733 | MACBOOK AIR CHARGING CABLE - MBA CABLE-113734 | LAPTOP SLEEVE CASE - LAPTOP SLEEVE-113735 | META QUEST CONTROLLER - MQUEST CTRL-113736 | FUJIFILM X-T5 BODY - FUJI XT5-113737 | LOGITECH WIRELESS MOUSE - LOGI MOUSE-113738 | GODOX LED LIGHT PANEL - GODOX LED-113739 | EQUIPMENT CRATE 12x12 - CRATE12-113740 | META QUEST HEADSET - MQUEST HS-113741 | WACOM CINTIQ PEN - WACOM CINTIQ PEN-113742 | LOGITECH WIRELESS MOUSE - LOGI MOUSE-113743 | FUJIFILM X-T5 BATTERY - FUJI XT5 BATT-113744 | PANASONIC S5 II BATTERY CHARGER - PANA S5II CHRG-113745 | LAPTOP SLEEVE CASE - LAPTOP SLEEVE-113746 | INSTA360 X4 BATTERY - INSTA X4 BATT-113747 | PANASONIC S5 II BODY - PANA S5II-113748 | USB-C TO HDMI ADAPTER - USBC HDMI-113749 | BENQ DATA PROJECTOR - BENQ PROJ-113750 | MACBOOK AIR CHARGING CABLE - MBA CABLE-113751 | BENQ DATA PROJECTOR - BENQ PROJ-113752 | WACOM ONE TABLET - WACOM ONE-113753 | SANDISK 128GB SD CARD - SANDISK 128SD-113754 | DELL XPS LAPTOP - DELL XPS-113755 | LOGITECH WIRELESS MOUSE - LOGI MOUSE-113756 | 
1875431,MDIA,@inside.fixture.edu,0,10/07/2025 3:03 PM,10/08/2025 6:30 PM,10/09/2025 11:59 AM,161760,1,Returned: EQUIPMENT CRATE 12x12 - CRATE12-113757 | 
9062973,MDIA,@inside.fixture.edu,0,10/07/2025 3:36 PM,10/07/2025 6:30 PM,10/07/2025 3:39 PM,180,3,Returned: USB-C MULTIPORT HUB - USBC HUB-113758 | EQUIPMENT CRATE 12x12 - CRATE12-113759 | USB KEYBOARD - USB KYBD-113760 | 
7227905,MDIA,@inside.fixture.edu,0,10/07/2025 3:41 PM,10/10/2025 6:30 PM,10/10/2025 12:35 PM,248040,3,Returned: PANASONIC S5 II BODY - PANA S5II-113761 | GODOX POWER SUPPLY - GODOX PSU-113762 | RODE MIC BATTERY - RODE MIC BATT-113763 | 
2721170,MDIA,@inside.fixture.edu,0,10/07/2025 5:59 PM,10/10/2025 6:30 PM,10/10/2025 12:32 PM,239580,3,Returned: NIKON Z6 III BATTERY - NIKON Z6III BATT-113764 | SANDISK 128GB SD CARD - SANDISK 128SD-113765 | HDMI CABLE 10FT - HDMI10-113766 | 
9655523,IMAG,@inside.fixture.edu,0,10/08/2025 9:14 AM,10/08/2025 6:30 PM,10/08/2025 11:05 AM,6660,1,Returned: INSTA360 X4 CAMERA - INSTA X4-113767 | 
3091745,DRAW,@inside.fixture.edu,0,10/08/2025 9:24 AM,10/08/2025 6:30 PM,10/08/2025 11:14 AM,6600,1,Returned: NIKON Z6 III BATTERY - NIKON Z6III BATT-113768 | 
5782563,MDIA,@inside.fixture.edu,0,10/08/2025 11:08 AM,10/08/2025 6:30 PM,10/08/2025 4:31 PM,19380,1,Returned: POWER STRIP - PWRSTRIP-113769 | 
2407191,MDIA,@inside.fixture.edu,0,10/08/2025 11:10 AM,10/13/2025 6:30 PM,10/13/2025 10:12 AM,428520,4,Returned: WACOM CINTIQ PEN - WACOM CINTIQ PEN-113770 | EPSON PROJECTOR HDMI CABLE - EPSON PROJ HDMI-113771 | DELL XPS LAPTOP - DELL XPS-113772 | GODOX POWER SUPPLY - GODOX PSU-113773 | 
3689594,DRAW,@inside.fixture.edu,0,10/08/2025 11:14 AM,10/08/2025 6:30 PM,10/08/2025 6:08 PM,24840,1,Returned: INSTA360 X4 CASE - INSTA X4 CASE-113774 | 
5576678,ANIM,@inside.fixture.edu,0,10/08/2025 12:25 PM,10/15/2025 6:30 PM,10/13/2025 8:11 AM,416760,3,Returned: DELL XPS LAPTOP CHARGER - DELL XPS CHRG-113775 | EPSON PROJECTOR - EPSON PROJ-113776 | AUDIO-TECHNICA HEADPHONES - AT HEADPHONES-113777 | 
8538325,ANIM,@inside.fixture.edu,1,10/08/2025 2:58 PM,10/22/2025 6:30 PM,10/23/2025 11:13 AM,1282500,6,Returned: META QUEST CHARGING CABLE - MQUEST CABLE-113778 | SANDISK 128GB SD CARD - SANDISK 128SD-113779 | AUDIO-TECHNICA HEADPHONES - AT HEADPHONES-113780 | EXTENSION CORD 10FT - EXTCORD10-113781 | OLYMPUS 12-40mm LENS - OLY 1240 LENS-113782 | POWER STRIP - PWRSTRIP-113783 | 
9612629,STDA,@inside.fixture.edu,1,10/08/2025 4:05 PM,10/21/2025 6:30 PM,10/22/2025 3:59 PM,1209240,11,Returned: XLR CABLE 15FT - XLR15-113784 | NIKON Z6 III MIRRORLESS BODY - NIKON Z6III-113785 | USB-C MULTIPORT HUB - USBC HUB-113786 | FUJIFILM X-T5 BODY - FUJI XT5-113787 | USB KEYBOARD - USB KYBD-113788 | PANASONIC S5 II BODY - PANA S5II-113789 | HUION DRAWING TABLET - HUION TABLET-113790 | ZOOM H5 RECORDER - ZOOM H5-113791 | OLYMPUS 12-40mm LENS - OLY 1240 LENS-113792 | INSTA360 X4 CASE - INSTA X4 CASE-113793 | GODOX POWER SUPPLY - GODOX PSU-113794 | 
3472100,STDA,@inside.fixture.edu,0,10/08/2025 4:47 PM,10/15/2025 6:30 PM,10/15/2025 12:46 PM,590340,1,Returned: GODOX LIGHT STAND - GODOX STAND-113795 | 
8339571,DGTL,@inside.fixture.edu,0,10/08/2025 6:25 PM,10/13/2025 6:30 PM,10/13/2025 3:44 PM,422340,7,Returned: NIKON Z6 III MIRRORLESS BODY - NIKON Z6III-113796 | ZOOM H5 RECORDER - ZOOM H5-113797 | INSTA360 X4 CASE - INSTA X4 CASE-113798 | META QUEST CHARGING CABLE - MQUEST CABLE-113799 | GODOX POWER SUPPLY - GODOX PSU-113800 | AUDIO-TECHNICA HEADPHONES - AT HEADPHONES-113801 | OLYMPUS 12-40mm LENS - OLY 1240 LENS-113802 | 
2538698,SPAC,@inside.fixture.edu,0,10/09/2025 10:13 AM,10/09/2025 6:30 PM,10/09/2025 12:02 PM,6540,2,Returned: FUJIFILM X-T5 BODY - FUJI XT5-113803 | GODOX LED LIGHT PANEL - GODOX LED-113804 | 
4725179,INDD,@inside.fixture.edu,0,10/09/2025 10:50 AM,10/14/2025 6:30 PM,10/15/2025 1:20 PM,527400,5,Returned: META QUEST CHARGING CABLE - MQUEST CABLE-113805 | FUJIFILM X-T5 BODY - FUJI XT5-113806 | WACOM CINTIQ TABLET - WACOM CINTIQ-113807 | ZOOM H5 RECORDER - ZOOM H5-113808 | XLR CABLE 25FT - XLR25-113809 | 
8568671,MDIA,@inside.fixture.edu,0,10/09/2025 5:20 PM,10/13/2025 6:30 PM,10/09/2025 6:56 PM,5760,2,Returned: MACBOOK AIR M3 LAPTOP - MBA M3-113810 | WACOM CINTIQ PEN - WACOM CINTIQ PEN-113811 | 
6865064,,@fixture.edu,0,10/10/2025 9:16 AM,10/10/2025 4:30 PM,10/10/2025 12:36 PM,12000,4,Returned: NIKON Z6 III BATTERY CHARGER - NIKON Z6III CHRG-113812 | WACOM CINTIQ PEN - WACOM CINTIQ PEN-113813 | EXTENSION CORD 10FT - EXTCORD10-113814 | MANFROTTO TRIPOD - MANFRO TRIPOD-113815 | 
1447451,DRAW,@inside.fixture.edu,0,10/10/2025 1:27 PM,10/10/2025 6:30 PM,10/14/2025 5:28 PM,360060,4,Returned: DELL XPS LAPTOP - DELL XPS-113816 | WACOM ONE TABLET - WACOM ONE-113817 | MANFROTTO TRIPOD CASE - MANFRO CASE-113818 | USB-C TO HDMI ADAPTER - USBC HDMI-113819 | 
7960815,INDD,@inside.fixture.edu,0,10/10/2025 2:18 PM,10/14/2025 6:30 PM,10/29/2025 4:53 PM,1650900,5,Returned: NIKON Z6 III MIRRORLESS BODY - NIKON Z6III-113820 | OLYMPUS 12-40mm LENS - OLY 1240 LENS-113821 | META QUEST HEADSET - MQUEST HS-113822 | NIKON Z6 III BATTERY CHARGER - NIKON Z6III CHRG-113823 | ZOOM H5 RECORDER - ZOOM H5-113824 | 
1893502,EDES,@inside.fixture.edu,0,10/10/2025 2:25 PM,10/13/2025 6:30 PM,10/13/2025 1:11 PM,254760,1,Returned: NIKON Z6 III BATTERY - NIKON Z6III BATT-113825 | 
7651393,INDD,@inside.fixture.edu,0,10/10/2025 4:14 PM,10/13/2025 6:30 PM,10/10/2025 6:28 PM,8040,1,Returned: WACOM ONE TABLET - WACOM ONE-113826 | 
9422281,DRAW,@inside.fixture.edu,0,10/13/2025 1:16 PM,10/15/2025 6:30 PM,10/15/2025 4:23 PM,184020,1,Returned: BENQ DATA PROJECTOR - BENQ PROJ-113827 | 
7274032,STDA,@inside.fixture.edu,0,10/13/2025 2:51 PM,10/20/2025 6:30 PM,10/27/2025 4:41 PM,1216200,1,Returned: GODOX LIGHT STAND - GODOX STAND-113828 | 
4955699,DGTL,@inside.fixture.edu,3,10/13/2025 3:59 PM,10/22/2025 6:30 PM,10/22/2025 1:30 PM,768660,6,Returned: USB-C MULTIPORT HUB - USBC HUB-113829 | INSTA360 X4 BATTERY - INSTA X4 BATT-113830 | WACOM CINTIQ PEN - WACOM CINTIQ PEN-113831 | EPSON PROJECTOR - EPSON PROJ-113832 | MACBOOK AIR CHARGING CABLE - MBA CABLE-113833 | RODE WIRELESS MIC - RODE WIRELESS-113834 | 
7478792,STDA,@inside.fixture.edu,1,10/13/2025 4:04 PM,10/21/2025 6:30 PM,10/21/2025 2:29 PM,685500,18,Returned: OLYMPUS OM-D E-M1 BODY - OLY EM1-113835 | EQUIPMENT CRATE 12x12 - CRATE12-113836 | ZOOM H5 RECORDER - ZOOM H5-113837 | BENQ DATA PROJECTOR - BENQ PROJ-113838 | LAPTOP SLEEVE CASE - LAPTOP SLEEVE-113839 | HUION DRAWING TABLET - HUION TABLET-113840 | GODOX LED LIGHT PANEL - GODOX LED-113841 | MANFROTTO TRIPOD CASE - MANFRO CASE-113842 | DELL XPS LAPTOP CHARGER - DELL XPS CHRG-113843 | USB-C TO HDMI ADAPTER - USBC HDMI-113844 | MACBOOK AIR M3 LAPTOP - MBA M3-113845 | LOGITECH WEBCAM - LOGI WEBCAM-113846 | META QUEST CONTROLLER - MQUEST CTRL-113847 | EPSON PROJECTOR - EPSON PROJ-113848 | DELL XPS LAPTOP CHARGER - DELL XPS CHRG-113849 | ZOOM H5 RECORDER CASE - ZOOM H5 CASE-113850 | PANASONIC S5 II BODY - PANA S5II-113851 | META QUEST HEADSET - MQUEST HS-113852 | 
2369112,STDA,@inside.fixture.edu,1,10/13/2025 5:26 PM,10/27/2025 6:30 PM,10/27/2025 1:28 PM,1195320,10,Returned: AUDIO-TECHNICA HEADPHONES - AT HEADPHONES-113853 | XLR CABLE 25FT - XLR25-113854 | PANASONIC S5 II BATTERY CHARGER - PANA S5II CHRG-113855 | EXTENSION CORD 10FT - EXTCORD10-113856 | GODOX LIGHT STAND - GODOX STAND-113857 | NIKON Z6 III BATTERY - NIKON Z6III BATT-113858 | WACOM ONE TABLET - WACOM ONE-113859 | MANFROTTO TRIPOD CASE - MANFRO CASE-113860 | EXTENSION CORD 10FT - EXTCORD10-113861 | INSTA360 X4 CAMERA - INSTA X4-113862 | 
7289990,ANIM,@inside.fixture.edu,1,10/13/2025 6:12 PM,10/27/2025 6:30 PM,10/27/2025 2:55 PM,1197780,10,Returned: NIKON Z6 III CAMERA CASE - NIKON Z6III CASE-113863 | HUION DRAWING TABLET - HUION TABLET-113864 | INSTA360 X4 BATTERY - INSTA X4 BATT-113865 | MACBOOK AIR CHARGING CABLE - MBA CABLE-113866 | USB-C MULTIPORT HUB - USBC HUB-113867 | XLR CABLE 25FT - XLR25-113868 | OLYMPUS 12-40mm LENS - OLY 1240 LENS-113869 | HUION DRAWING TABLET - HUION TABLET-113870 | META QUEST CONTROLLER - MQUEST CTRL-113871 | MACBOOK AIR CHARGING CABLE - MBA CABLE-113872 | 
4767135,MDIA,@inside.fixture.edu,0,10/14/2025 10:28 AM,10/14/2025 6:30 PM,10/14/2025 4:27 PM,21540,4,Returned: EPSON PROJECTOR HDMI CABLE - EPSON PROJ HDMI-113873 | OLYMPUS 12-40mm LENS - OLY 1240 LENS-113874 | LOGITECH WIRELESS MOUSE - LOGI MOUSE-113875 | RODE MIC BATTERY - RODE MIC BATT-113876 | 
1472908,,@fixture.edu,1,10/14/2025 11:43 AM,10/16/2025 6:30 PM,10/15/2025 12:59 PM,90960,32,Returned: WACOM CINTIQ TABLET - WACOM CINTIQ-113877 | MACBOOK AIR CHARGING CABLE - MBA CABLE-113878 | HDMI CABLE 10FT - HDMI10-113879 | POWER STRIP - PWRSTRIP-113880 | USB-C MULTIPORT HUB - USBC HUB-113881 | GODOX POWER SUPPLY - GODOX PSU-113882 | NIKON Z6 III MIRRORLESS BODY - NIKON Z6III-113883 | GODOX LED LIGHT PANEL - GODOX LED-113884 | GODOX POWER SUPPLY - GODOX PSU-113885 | POWER STRIP - PWRSTRIP-113886 | XLR CABLE 15FT - XLR15-113887 | EPSON PROJECTOR - EPSON PROJ-113888 | EQUIPMENT CRATE 12x12 - CRATE12-113889 | GODOX LIGHT STAND - GODOX STAND-113890 | CARD READER - CARDRDR-113891 | HDMI CABLE 10FT - HDMI10-113892 | XLR CABLE 25FT - XLR25-113893 | BENQ DATA PROJECTOR - BENQ PROJ-113894 | ZOOM H5 RECORDER - ZOOM H5-113895 | MACBOOK AIR M3 LAPTOP - MBA M3-113896 | NIKON Z6 III BATTERY CHARGER - NIKON Z6III CHRG-113897 | GODOX POWER SUPPLY - GODOX PSU-113898 | PANASONIC S5 II BODY - PANA S5II-113899 | META QUEST HEADSET - MQUEST HS-113900 | PANASONIC S5 II BODY - PANA S5II-113901 | HDMI CABLE 10FT - HDMI10-113902 | USB KEYBOARD - USB KYBD-113903 | MANFROTTO TRIPOD - MANFRO TRIPOD-113904 | PANASONIC S5 II BATTERY CHARGER - PANA S5II CHRG-113905 | LAPTOP SLEEVE CASE - LAPTOP SLEEVE-113906 | MACBOOK AIR M3 LAPTOP - MBA M3-113907 | XLR CABLE 25FT - XLR25-113908 | 
6346644,STDA,@inside.fixture.edu,0,10/14/2025 2:15 PM,10/28/2025 6:30 PM,10/23/2025 1:02 PM,773220,23,Returned: OLYMPUS OM-D E-M1 BODY - OLY EM1-113909 | LOGITECH WIRELESS MOUSE - LOGI MOUSE-113910 | WACOM ONE TABLET - WACOM ONE-113911 | PANASONIC S5 II BATTERY CHARGER - PANA S5II CHRG-113912 | LEXAR 128GB CF CARD - LEXAR CF128-113913 | INSTA360 X4 CAMERA - INSTA X4-113914 | GODOX POWER SUPPLY - GODOX PSU-113915 | BENQ DATA PROJECTOR - BENQ PROJ-113916 | USB KEYBOARD - USB KYBD-113917 | POWER STRIP - PWRSTRIP-113918 | LOGITECH WIRELESS MOUSE - LOGI MOUSE-113919 | SANDISK 128GB SD CARD - SANDISK 128SD-113920 | META QUEST CHARGING CABLE - MQUEST CABLE-113921 | USB-C TO HDMI ADAPTER - USBC HDMI-113922 | META QUEST HEADSET - MQUEST HS-113923 | WACOM CINTIQ TABLET - WACOM CINTIQ-113924 | FUJIFILM X-T5 BATTERY - FUJI XT5 BATT-113925 | AUDIO-TECHNICA HEADPHONES - AT HEADPHONES-113926 | MANFROTTO TRIPOD - MANFRO TRIPOD-113927 | GODOX POWER SUPPLY - GODOX PSU-113928 | META QUEST CONTROLLER - MQUEST CTRL-113929 | PANASONIC S5 II BATTERY CHARGER - PANA S5II CHRG-113930 | HDMI CABLE 10FT - HDMI10-113931 | 
2662338,STDA,@inside.fixture.edu,0,10/14/2025 2:17 PM,10/28/2025 6:30 PM,10/28/2025 11:03 AM,1197960,7,Returned: EPSON PROJECTOR HDMI CABLE - EPSON PROJ HDMI-113932 | META QUEST CHARGING CABLE - MQUEST CABLE-113933 | PANASONIC S5 II BODY - PANA S5II-113934 | META QUEST CHARGING CABLE - MQUEST CABLE-113935 | XLR CABLE 25FT - XLR25-113936 | INSTA360 X4 BATTERY - INSTA X4 BATT-113937 | PANASONIC S5 II BODY - PANA S5II-113938 | 
6625238,INDD,@inside.fixture.edu,0,10/14/2025 4:17 PM,10/16/2025 6:30 PM,10/15/2025 1:51 PM,77640,1,Returned: INSTA360 X4 CAMERA - INSTA X4-113939 | 
3450300,DRAW,@inside.fixture.edu,1,10/14/2025 5:26 PM,10/17/2025 6:30 PM,10/17/2025 8:13 AM,226020,12,Returned: SANDISK 128GB SD CARD - SANDISK 128SD-113940 | EPSON PROJECTOR - EPSON PROJ-113941 | ZOOM H5 RECORDER - ZOOM H5-113942 | WACOM ONE TABLET - WACOM ONE-113943 | GODOX POWER SUPPLY - GODOX PSU-113944 | FUJIFILM X-T5 BATTERY - FUJI XT5 BATT-113945 | CARD READER - CARDRDR-113946 | META QUEST CHARGING CABLE - MQUEST CABLE-113947 | FUJIFILM X-T5 BATTERY - FUJI XT5 BATT-113948 | EPSON PROJECTOR HDMI CABLE - EPSON PROJ HDMI-113949 | XLR CABLE 15FT - XLR15-113950 | NIKON Z6 III BATTERY - NIKON Z6III BATT-113951 | 
3308538,,@fixture.edu,0,10/15/2025 9:31 AM,10/15/2025 6:30 PM,10/15/2025 12:04 PM,9180,1,Returned: GODOX LED LIGHT PANEL - GODOX LED-113952 | 
1642620,STDA,@inside.fixture.edu,0,10/15/2025 11:51 AM,10/29/2025 6:30 PM,10/24/2025 12:49 PM,781080,14,Returned: LAPTOP SLEEVE CASE - LAPTOP SLEEVE-113953 | INSTA360 X4 CAMERA - INSTA X4-113954 | INSTA360 X4 CAMERA - INSTA X4-113955 | USB-C TO HDMI ADAPTER - USBC HDMI-113956 | NIKON Z6 III MIRRORLESS BODY - NIKON Z6III-113957 | RODE MIC BATTERY - RODE MIC BATT-113958 | MACBOOK AIR M3 CHARGER - MBA M3 CHRG-113959 | GODOX POWER SUPPLY - GODOX PSU-113960 | LOGITECH WIRELESS MOUSE - LOGI MOUSE-113961 | SANDISK 128GB SD CARD - SANDISK 128SD-113962 | PANASONIC S5 II BATTERY CHARGER - PANA S5II CHRG-113963 | HUION DRAWING TABLET - HUION TABLET-113964 | FUJIFILM 18-55mm LENS - FUJI 1855 LENS-113965 | GODOX POWER SUPPLY - GODOX PSU-113966 | 
5813037,STDA,@inside.fixture.edu,1,10/15/2025 12:39 PM,10/29/2025 6:30 PM,10/24/2025 12:49 PM,778200,16,Returned: LAPTOP SLEEVE CASE - LAPTOP SLEEVE-113967 | WACOM CINTIQ TABLET - WACOM CINTIQ-113968 | META QUEST CONTROLLER - MQUEST CTRL-113969 | FUJIFILM 18-55mm LENS - FUJI 1855 LENS-113970 | MACBOOK AIR M3 CHARGER - MBA M3 CHRG-113971 | MACBOOK AIR M3 CHARGER - MBA M3 CHRG-113972 | NIKON Z6 III BATTERY CHARGER - NIKON Z6III CHRG-113973 | LAPTOP SLEEVE CASE - LAPTOP SLEEVE-113974 | EPSON PROJECTOR - EPSON PROJ-113975 | WACOM CINTIQ PEN - WACOM CINTIQ PEN-113976 | MANFROTTO TRIPOD - MANFRO TRIPOD-113977 | NIKON Z6 III BATTERY CHARGER - NIKON Z6III CHRG-113978 | USB KEYBOARD - USB KYBD-113979 | SANDISK 64GB SD CARD - SANDISK 64SD-113980 | RODE WIRELESS MIC - RODE WIRELESS-113981 | RODE MIC BATTERY - RODE MIC BATT-113982 | 
8926478,INDD,@inside.fixture.edu,1,10/15/2025 1:51 PM,10/22/2025 6:30 PM,10/24/2025 12:49 PM,773880,1,Returned: DELL XPS LAPTOP CHARGER - DELL XPS CHRG-113983 | 
3328554,INDD,@inside.fixture.edu,0,10/16/2025 8:41 AM,10/16/2025 6:30 PM,10/16/2025 1:04 PM,15780,2,Returned: RODE MIC BATTERY - RODE MIC BATT-113984 | ZOOM H5 RECORDER - ZOOM H5-113985 | 
8870361,DGTL,@inside.fixture.edu,0,10/16/2025 11:33 AM,10/20/2025 6:00 PM,10/28/2025 12:32 PM,1040340,27,Returned: FUJIFILM X-T5 BATTERY - FUJI XT5 BATT-113986 | BENQ DATA PROJECTOR - BENQ PROJ-113987 | XLR CABLE 15FT - XLR15-113988 | EQUIPMENT CRATE 12x12 - CRATE12-113989 | LOGITECH WEBCAM - LOGI WEBCAM-113990 | MACBOOK AIR M3 CHARGER - MBA M3 CHRG-113991 | USB KEYBOARD - USB KYBD-113992 | LAPTOP SLEEVE CASE - LAPTOP SLEEVE-113993 | LEXAR 128GB CF CARD - LEXAR CF128-113994 | DELL XPS LAPTOP - DELL XPS-113995 | USB KEYBOARD - USB KYBD-113996 | NIKON Z6 III BATTERY CHARGER - NIKON Z6III CHRG-113997 | INSTA360 X4 CAMERA - INSTA X4-113998 | MANFROTTO TRIPOD - MANFRO TRIPOD-113999 | USB KEYBOARD - USB KYBD-114000 | EPSON PROJECTOR - EPSON PROJ-114001 | GODOX LED LIGHT PANEL - GODOX LED-114002 | FUJIFILM 18-55mm LENS - FUJI 1855 LENS-114003 | INSTA360 X4 CAMERA - INSTA X4-114004 | POWER STRIP - PWRSTRIP-114005 | NIKON Z6 III BATTERY - NIKON Z6III BATT-114006 | ZOOM H5 RECORDER CASE - ZOOM H5 CASE-114007 | MACBOOK AIR M3 LAPTOP - MBA M3-114008 | WACOM ONE TABLET - WACOM ONE-114009 | INSTA360 X4 CAMERA - INSTA X4-114010 | FUJIFILM 18-55mm LENS - FUJI 1855 LENS-114011 | WACOM CINTIQ PEN - WACOM CINTIQ PEN-114012 | 
8526283,VIZD,@inside.fixture.edu,0,10/16/2025 9:46 AM,10/20/2025 6:30 PM,10/20/2025 5:09 PM,372180,21,Returned: MACBOOK AIR M3 CHARGER - MBA M3 CHRG-114013 | NIKON Z6 III CAMERA CASE - NIKON Z6III CASE-114014 | BENQ DATA PROJECTOR - BENQ PROJ-114015 | OLYMPUS OM-D E-M1 BODY - OLY EM1-114016 | MACBOOK AIR M3 CHARGER - MBA M3 CHRG-114017 | MANFROTTO TRIPOD - MANFRO TRIPOD-114018 | OLYMPUS OM-D E-M1 BODY - OLY EM1-114019 | USB KEYBOARD - USB KYBD-114020 | LAPTOP SLEEVE CASE - LAPTOP SLEEVE-114021 | CARD READER - CARDRDR-114022 | ZOOM H5 RECORDER CASE - ZOOM H5 CASE-114023 | OLYMPUS 12-40mm LENS - OLY 1240 LENS-114024 | OLYMPUS OM-D E-M1 BODY - OLY EM1-114025 | ZOOM H5 RECORDER - ZOOM H5-114026 | LOGITECH WEBCAM - LOGI WEBCAM-114027 | LOGITECH WEBCAM - LOGI WEBCAM-114028 | DELL XPS LAPTOP - DELL XPS-114029 | NIKON Z6 III CAMERA CASE - NIKON Z6III CASE-114030 | RODE MIC BATTERY - RODE MIC BATT-114031 | EXTENSION CORD 10FT - EXTCORD10-114032 | MACBOOK AIR CHARGING CABLE - MBA CABLE-114033 | 
1088100,,@fixture.edu,0,10/16/2025 11:26 AM,10/16/2025 6:30 PM,10/20/2025 11:57 AM,347460,4,Returned: POWER STRIP - PWRSTRIP-114034 | DELL XPS LAPTOP CHARGER - DELL XPS CHRG-114035 | DELL XPS LAPTOP CHARGER - DELL XPS CHRG-114036 | RODE WIRELESS MIC - RODE WIRELESS-114037 | 
2329187,INDD,@inside.fixture.edu,0,10/16/2025 12:15 PM,10/20/2025 6:30 PM,10/22/2025 6:21 PM,540360,1,Returned: PANASONIC S5 II BODY - PANA S5II-114038 | 
1318832,,@fixture.edu,1,10/16/2025 12:31 PM,10/27/2025 6:30 PM,11/03/2025 11:26 AM,1551300,3,Returned: MACBOOK AIR CHARGING CABLE - MBA CABLE-114039 | ZOOM H5 RECORDER - ZOOM H5-114040 | ZOOM H5 RECORDER - ZOOM H5-114041 | 
5293691,DGTL,@inside.fixture.edu,0,10/16/2025 2:05 PM,10/17/2025 4:00 PM,10/20/2025 10:43 AM,333480,21,Returned: BENQ DATA PROJECTOR - BENQ PROJ-114042 | GODOX LIGHT STAND - GODOX STAND-114043 | USB-C MULTIPORT HUB - USBC HUB-114044 | ZOOM H5 RECORDER - ZOOM H5-114045 | WACOM CINTIQ PEN - WACOM CINTIQ PEN-114046 | INSTA360 X4 BATTERY - INSTA X4 BATT-114047 | POWER STRIP - PWRSTRIP-114048 | RODE MIC BATTERY - RODE MIC BATT-114049 | EPSON PROJECTOR HDMI CABLE - EPSON PROJ HDMI-114050 | WACOM ONE TABLET - WACOM ONE-114051 | PANASONIC S5 II BODY - PANA S5II-114052 | OLYMPUS OM-D E-M1 BODY - OLY EM1-114053 | INSTA360 X4 CAMERA - INSTA X4-114054 | META QUEST CONTROLLER - MQUEST CTRL-114055 | INSTA360 X4 BATTERY - INSTA X4 BATT-114056 | LOGITECH WEBCAM - LOGI WEBCAM-114057 | DELL XPS LAPTOP - DELL XPS-114058 | ZOOM H5 RECORDER - ZOOM H5-114059 | OLYMPUS OM-D E-M1 BODY - OLY EM1-114060 | USB KEYBOARD - USB KYBD-114061 | EQUIPMENT CRATE 12x12 - CRATE12-114062 | 
4618086,STDA,@inside.fixture.edu,0,10/16/2025 1:46 PM,10/16/2025 6:30 PM,10/16/2025 4:17 PM,9060,1,Returned: NIKON Z6 III BATTERY CHARGER - NIKON Z6III CHRG-114063 | 
3508522,STDA,@inside.fixture.edu,0,10/16/2025 1:56 PM,10/16/2025 6:30 PM,10/16/2025 6:23 PM,16020,6,Returned: LOGITECH WEBCAM - LOGI WEBCAM-114064 | XLR CABLE 15FT - XLR15-114065 | SANDISK 128GB SD CARD - SANDISK 128SD-114066 | GODOX LED LIGHT PANEL - GODOX LED-114067 | SANDISK 128GB SD CARD - SANDISK 128SD-114068 | INSTA360 X4 CAMERA - INSTA X4-114069 | 
9854536,,@fixture.edu,0,10/16/2025 4:14 PM,10/20/2025 6:30 PM,10/20/2025 5:31 PM,350220,1,Returned: OLYMPUS OM-D E-M1 BODY - OLY EM1-114070 | 
8101036,,@fixture.edu,0,10/17/2025 8:29 AM,10/17/2025 4:00 PM,10/17/2025 3:46 PM,26220,4,Returned: EQUIPMENT CRATE 12x12 - CRATE12-114071 | EQUIPMENT CRATE 12x12 - CRATE12-114072 | LOGITECH WIRELESS MOUSE - LOGI MOUSE-114073 | POWER STRIP - PWRSTRIP-114074 | 
2865405,DGTL,@inside.fixture.edu,0,10/17/2025 10:49 AM,10/21/2025 6:30 PM,10/21/2025 5:58 PM,371340,18,Returned: CARD READER - CARDRDR-114075 | NIKON Z6 III CAMERA CASE - NIKON Z6III CASE-114076 | NIKON Z6 III MIRRORLESS BODY - NIKON Z6III-114077 | ZOOM H5 RECORDER - ZOOM H5-114078 | NIKON Z6 III BATTERY - NIKON Z6III BATT-114079 | SANDISK 64GB SD CARD - SANDISK 64SD-114080 | HUION DRAWING TABLET - HUION TABLET-114081 | USB-C TO HDMI ADAPTER - USBC HDMI-114082 | PANASONIC S5 II BATTERY CHARGER - PANA S5II CHRG-114083 | FUJIFILM X-T5 BATTERY - FUJI XT5 BATT-114084 | RODE WIRELESS MIC - RODE WIRELESS-114085 | USB KEYBOARD - USB KYBD-114086 | LAPTOP SLEEVE CASE - LAPTOP SLEEVE-114087 | XLR CABLE 25FT - XLR25-114088 | WACOM CINTIQ PEN - WACOM CINTIQ PEN-114089 | INSTA360 X4 CASE - INSTA X4 CASE-114090 | MACBOOK AIR M3 CHARGER - MBA M3 CHRG-114091 | MACBOOK AIR CHARGING CABLE - MBA CABLE-114092 | 
5833542,MDSV,@fixture.edu,0,10/17/2025 12:57 PM,10/17/2025 6:30 PM,10/17/2025 4:31 PM,12840,2,Returned: USB KEYBOARD - USB KYBD-114093 | INSTA360 X4 CASE - INSTA X4 CASE-114094 | 
4986941,DGTL,@inside.fixture.edu,2,10/17/2025 1:04 PM,10/27/2025 6:30 PM,10/27/2025 1:20 PM,864960,8,Returned: SANDISK 128GB SD CARD - SANDISK 128SD-114095 | DELL XPS LAPTOP CHARGER - DELL XPS CHRG-114096 | GODOX LED LIGHT PANEL - GODOX LED-114097 | DELL XPS LAPTOP CHARGER - DELL XPS CHRG-114098 | INSTA360 X4 CAMERA - INSTA X4-114099 | GODOX LED LIGHT PANEL - GODOX LED-114100 | OLYMPUS 12-40mm LENS - OLY 1240 LENS-114101 | NIKON Z6 III MIRRORLESS BODY - NIKON Z6III-114102 | 
6052478,STDA,@inside.fixture.edu,0,10/17/2025 1:06 PM,10/31/2025 6:30 PM,10/28/2025 2:10 PM,954240,5,Returned: XLR CABLE 15FT - XLR15-114103 | LAPTOP SLEEVE CASE - LAPTOP SLEEVE-114104 | BENQ DATA PROJECTOR - BENQ PROJ-114105 | PANASONIC S5 II BODY - PANA S5II-114106 | XLR CABLE 15FT - XLR15-114107 | 
3044276,DRAW,@inside.fixture.edu,0,10/17/2025 1:20 PM,10/22/2025 6:30 PM,10/23/2025 8:00 AM,499200,1,Returned: SANDISK 64GB SD CARD - SANDISK 64SD-114108 | 
1801102,DRAW,@inside.fixture.edu,0,10/17/2025 1:20 PM,10/22/2025 6:30 PM,10/23/2025 8:01 AM,499260,1,Returned: INSTA360 X4 CAMERA - INSTA X4-114109 | 
5000351,MDIA,@inside.fixture.edu,0,10/24/2025 11:41 AM,10/27/2025 2:00 PM,10/27/2025 3:09 PM,271680,18,Returned: LAPTOP SLEEVE CASE - LAPTOP SLEEVE-114110 | LOGITECH WEBCAM - LOGI WEBCAM-114111 | PANASONIC S5 II BODY - PANA S5II-114112 | USB-C MULTIPORT HUB - USBC HUB-114113 | LOGITECH WEBCAM - LOGI WEBCAM-114114 | BENQ DATA PROJECTOR - BENQ PROJ-114115 | PANASONIC S5 II BATTERY CHARGER - PANA S5II CHRG-114116 | NIKON Z6 III CAMERA CASE - NIKON Z6III CASE-114117 | SANDISK 64GB SD CARD - SANDISK 64SD-114118 | OLYMPUS OM-D E-M1 BODY - OLY EM1-114119 | USB KEYBOARD - USB KYBD-114120 | NIKON Z6 III MIRRORLESS BODY - NIKON Z6III-114121 | RODE WIRELESS MIC - RODE WIRELESS-114122 | FUJIFILM X-T5 BATTERY - FUJI XT5 BATT-114123 | XLR CABLE 15FT - XLR15-114124 | NIKON Z6 III MIRRORLESS BODY - NIKON Z6III-114125 | FUJIFILM X-T5 BODY - FUJI XT5-114126 | LEXAR 128GB CF CARD - LEXAR CF128-114127 | 
8043503,,@fixture.edu,0,10/20/2025 11:30 AM,10/20/2025 6:30 PM,10/20/2025 4:48 PM,19080,1,Returned: MANFROTTO TRIPOD - MANFRO TRIPOD-114128 | 
8669093,STDA,@inside.fixture.edu,0,10/20/2025 5:03 PM,10/27/2025 6:30 PM,10/24/2025 5:28 PM,347100,1,Returned: OLYMPUS 12-40mm LENS - OLY 1240 LENS-114129 | 
2053729,MDIA,@inside.fixture.edu,0,10/21/2025 8:23 AM,10/21/2025 6:30 PM,10/21/2025 5:33 PM,33000,4,Returned: EPSON PROJECTOR HDMI CABLE - EPSON PROJ HDMI-114130 | MACBOOK AIR M3 LAPTOP - MBA M3-114131 | NIKON Z6 III BATTERY - NIKON Z6III BATT-114132 | PANASONIC S5 II BODY - PANA S5II-114133 | 
2859886,INDD,@inside.fixture.edu,0,10/21/2025 10:48 AM,10/21/2025 6:30 PM,10/28/2025 12:40 PM,611520,3,Returned: MACBOOK AIR M3 LAPTOP - MBA M3-114134 | LAPTOP SLEEVE CASE - LAPTOP SLEEVE-114135 | FUJIFILM X-T5 BODY - FUJI XT5-114136 | 
9385742,STDA,@inside.fixture.edu,0,10/21/2025 1:14 PM,10/29/2025 6:30 PM,10/21/2025 2:39 PM,5100,2,Returned: MACBOOK AIR M3 LAPTOP - MBA M3-114137 | POWER STRIP - PWRSTRIP-114138 | 
9993490,STDA,@inside.fixture.edu,0,10/21/2025 2:34 PM,10/29/2025 6:30 PM,11/05/2025 4:26 PM,1302720,6,Returned: META QUEST HEADSET - MQUEST HS-114139 | MACBOOK AIR M3 CHARGER - MBA M3 CHRG-114140 | RODE MIC BATTERY - RODE MIC BATT-114141 | HDMI CABLE 10FT - HDMI10-114142 | ZOOM H5 RECORDER CASE - ZOOM H5 CASE-114143 | HUION DRAWING TABLET - HUION TABLET-114144 | 
1275739,DRAW,@inside.fixture.edu,0,10/24/2025 8:05 AM,10/27/2025 6:30 PM,10/27/2025 1:35 PM,279000,8,Returned: MACBOOK AIR M3 CHARGER - MBA M3 CHRG-114145 | XLR CABLE 15FT - XLR15-114146 | CARD READER - CARDRDR-114147 | META QUEST CHARGING CABLE - MQUEST CABLE-114148 | RODE MIC BATTERY - RODE MIC BATT-114149 | HUION DRAWING TABLET - HUION TABLET-114150 | LAPTOP SLEEVE CASE - LAPTOP SLEEVE-114151 | EXTENSION CORD 10FT - EXTCORD10-114152 | 
9646569,VIZD,@inside.fixture.edu,0,10/27/2025 10:17 AM,10/30/2025 6:30 PM,10/27/2025 6:07 PM,28200,10,Returned: GODOX LIGHT STAND - GODOX STAND-114153 | DELL XPS LAPTOP CHARGER - DELL XPS CHRG-114154 | META QUEST HEADSET - MQUEST HS-114155 | USB-C TO HDMI ADAPTER - USBC HDMI-114156 | BENQ DATA PROJECTOR - BENQ PROJ-114157 | XLR CABLE 25FT - XLR25-114158 | USB-C TO HDMI ADAPTER - USBC HDMI-114159 | PANASONIC S5 II BODY - PANA S5II-114160 | DELL XPS LAPTOP CHARGER - DELL XPS CHRG-114161 | FUJIFILM 18-55mm LENS - FUJI 1855 LENS-114162 | 
5059048,,@fixture.edu,0,10/22/2025 12:11 PM,10/24/2025 6:30 PM,10/22/2025 5:20 PM,18540,2,Returned: MACBOOK AIR M3 LAPTOP - MBA M3-114163 | NIKON Z6 III CAMERA CASE - NIKON Z6III CASE-114164 | 
3408819,DRAW,@inside.fixture.edu,0,10/22/2025 12:21 PM,10/24/2025 6:30 PM,10/22/2025 12:26 PM,300,4,Returned: GODOX POWER SUPPLY - GODOX PSU-114165 | PANASONIC S5 II BATTERY CHARGER - PANA S5II CHRG-114166 | POWER STRIP - PWRSTRIP-114167 | BENQ DATA PROJECTOR - BENQ PROJ-114168 | 
5886733,STDA,@inside.fixture.edu,1,10/22/2025 1:11 PM,10/31/2025 6:30 PM,10/29/2025 12:37 PM,602760,13,Returned: META QUEST CONTROLLER - MQUEST CTRL-114169 | GODOX LIGHT STAND - GODOX STAND-114170 | INSTA360 X4 BATTERY - INSTA X4 BATT-114171 | INSTA360 X4 CAMERA - INSTA X4-114172 | META QUEST CONTROLLER - MQUEST CTRL-114173 | RODE MIC BATTERY - RODE MIC BATT-114174 | PANASONIC S5 II BODY - PANA S5II-114175 | WACOM CINTIQ TABLET - WACOM CINTIQ-114176 | WACOM CINTIQ TABLET - WACOM CINTIQ-114177 | WACOM ONE TABLET - WACOM ONE-114178 | BENQ DATA PROJECTOR - BENQ PROJ-114179 | EQUIPMENT CRATE 12x12 - CRATE12-114180 | INSTA360 X4 CAMERA - INSTA X4-114181 | 
8201433,DGTL,@inside.fixture.edu,0,10/22/2025 1:31 PM,10/27/2025 6:30 PM,10/28/2025 6:23 PM,535920,6,Returned: BENQ DATA PROJECTOR - BENQ PROJ-114182 | POWER STRIP - PWRSTRIP-114183 | GODOX LIGHT STAND - GODOX STAND-114184 | WACOM CINTIQ PEN - WACOM CINTIQ PEN-114185 | GODOX LED LIGHT PANEL - GODOX LED-114186 | SANDISK 128GB SD CARD - SANDISK 128SD-114187 | 
1026245,ANIM,@inside.fixture.edu,0,10/22/2025 4:13 PM,10/29/2025 6:30 PM,10/29/2025 6:01 PM,611280,10,Returned: USB-C TO HDMI ADAPTER - USBC HDMI-114188 | LEXAR 128GB CF CARD - LEXAR CF128-114189 | PANASONIC S5 II BODY - PANA S5II-114190 | GODOX LED LIGHT PANEL - GODOX LED-114191 | EPSON PROJECTOR - EPSON PROJ-114192 | LEXAR 128GB CF CARD - LEXAR CF128-114193 | WACOM CINTIQ TABLET - WACOM CINTIQ-114194 | META QUEST HEADSET - MQUEST HS-114195 | SANDISK 64GB SD CARD - SANDISK 64SD-114196 | USB-C TO HDMI ADAPTER - USBC HDMI-114197 | 
6919270,STDA,@inside.fixture.edu,1,10/22/2025 4:21 PM,11/05/2025 6:30 PM,11/03/2025 6:01 PM,1042800,10,Returned: RODE WIRELESS MIC - RODE WIRELESS-114198 | AUDIO-TECHNICA HEADPHONES - AT HEADPHONES-114199 | MACBOOK AIR M3 CHARGER - MBA M3 CHRG-114200 | GODOX LED LIGHT PANEL - GODOX LED-114201 | BENQ DATA PROJECTOR - BENQ PROJ-114202 | EQUIPMENT CRATE 12x12 - CRATE12-114203 | SANDISK 128GB SD CARD - SANDISK 128SD-114204 | LOGITECH WEBCAM - LOGI WEBCAM-114205 | MANFROTTO TRIPOD CASE - MANFRO CASE-114206 | META QUEST CHARGING CABLE - MQUEST CABLE-114207 | 
5035998,VIZD,@inside.fixture.edu,0,10/23/2025 12:19 PM,10/27/2025 6:30 PM,10/28/2025 2:21 PM,439320,8,Returned: WACOM CINTIQ TABLET - WACOM CINTIQ-114208 | MANFROTTO TRIPOD - MANFRO TRIPOD-114209 | LEXAR 128GB CF CARD - LEXAR CF128-114210 | LOGITECH WEBCAM - LOGI WEBCAM-114211 | EXTENSION CORD 10FT - EXTCORD10-114212 | WACOM ONE TABLET - WACOM ONE-114213 | EPSON PROJECTOR HDMI CABLE - EPSON PROJ HDMI-114214 | PANASONIC S5 II BODY - PANA S5II-114215 | 
7988844,DRAW,@inside.fixture.edu,0,10/23/2025 1:10 PM,10/23/2025 6:30 PM,10/23/2025 6:55 PM,20700,6,Returned: DELL XPS LAPTOP CHARGER - DELL XPS CHRG-114216 | LOGITECH WIRELESS MOUSE - LOGI MOUSE-114217 | CARD READER - CARDRDR-114218 | DELL XPS LAPTOP CHARGER - DELL XPS CHRG-114219 | PANASONIC S5 II BATTERY CHARGER - PANA S5II CHRG-114220 | PANASONIC S5 II BODY - PANA S5II-114221 | 
4142605,MDIA,@inside.fixture.edu,0,10/23/2025 4:32 PM,10/24/2025 6:30 PM,10/24/2025 11:59 AM,70020,4,Returned: NIKON Z6 III CAMERA CASE - NIKON Z6III CASE-114222 | NIKON Z6 III CAMERA CASE - NIKON Z6III CASE-114223 | LEXAR 128GB CF CARD - LEXAR CF128-114224 | META QUEST HEADSET - MQUEST HS-114225 | 
2436363,DRAW,@inside.fixture.edu,0,10/24/2025 8:37 AM,10/24/2025 6:30 PM,10/24/2025 1:06 PM,16140,1,Returned: MACBOOK AIR M3 LAPTOP - MBA M3-114226 | 
9782613,DRAW,@inside.fixture.edu,0,10/24/2025 8:37 AM,10/24/2025 6:30 PM,10/24/2025 1:06 PM,16140,1,Returned: LAPTOP SLEEVE CASE - LAPTOP SLEEVE-114227 | 
7049927,DRAW,@inside.fixture.edu,0,10/24/2025 9:20 AM,10/24/2025 6:30 PM,10/24/2025 12:56 PM,12960,1,Returned: MACBOOK AIR CHARGING CABLE - MBA CABLE-114228 | 
2135470,STDA,@inside.fixture.edu,0,10/24/2025 10:14 AM,10/28/2025 6:30 PM,10/28/2025 2:34 PM,361200,13,Returned: FUJIFILM 18-55mm LENS - FUJI 1855 LENS-114229 | MACBOOK AIR M3 CHARGER - MBA M3 CHRG-114230 | META QUEST HEADSET - MQUEST HS-114231 | RODE MIC BATTERY - RODE MIC BATT-114232 | WACOM CINTIQ TABLET - WACOM CINTIQ-114233 | USB-C TO HDMI ADAPTER - USBC HDMI-114234 | META QUEST CONTROLLER - MQUEST CTRL-114235 | LEXAR 128GB CF CARD - LEXAR CF128-114236 | OLYMPUS 12-40mm LENS - OLY 1240 LENS-114237 | LOGITECH WEBCAM - LOGI WEBCAM-114238 | HDMI CABLE 10FT - HDMI10-114239 | FUJIFILM X-T5 BATTERY - FUJI XT5 BATT-114240 | POWER STRIP - PWRSTRIP-114241 | 
9825812,DRAW,@inside.fixture.edu,0,10/24/2025 12:03 PM,10/29/2025 6:30 PM,10/30/2025 6:16 PM,540780,1,Returned: XLR CABLE 25FT - XLR25-114242 | 
9511546,INDD,@inside.fixture.edu,1,10/24/2025 12:50 PM,11/03/2025 6:30 PM,11/03/2025 3:05 PM,872100,1,Returned: POWER STRIP - PWRSTRIP-114243 | 
9516493,DRAW,@inside.fixture.edu,0,10/24/2025 1:12 PM,10/29/2025 6:30 PM,10/30/2025 6:16 PM,536640,1,Returned: CARD READER - CARDRDR-114244 | 
1341153,,@fixture.edu,0,10/24/2025 1:49 PM,10/27/2025 6:30 PM,10/27/2025 11:12 AM,249780,3,Returned: USB-C TO HDMI ADAPTER - USBC HDMI-114245 | PANASONIC S5 II BODY - PANA S5II-114246 | EQUIPMENT CRATE 12x12 - CRATE12-114247 | 
7550726,DRAW,@inside.fixture.edu,1,10/24/2025 4:53 PM,10/30/2025 6:30 PM,10/31/2025 2:26 PM,595980,13,Returned: MANFROTTO TRIPOD - MANFRO TRIPOD-114248 | USB-C TO HDMI ADAPTER - USBC HDMI-114249 | WACOM ONE TABLET - WACOM ONE-114250 | META QUEST CHARGING CABLE - MQUEST CABLE-114251 | EQUIPMENT CRATE 12x12 - CRATE12-114252 | LAPTOP SLEEVE CASE - LAPTOP SLEEVE-114253 | MACBOOK AIR CHARGING CABLE - MBA CABLE-114254 | WACOM CINTIQ TABLET - WACOM CINTIQ-114255 | ZOOM H5 RECORDER CASE - ZOOM H5 CASE-114256 | SANDISK 64GB SD CARD - SANDISK 64SD-114257 | BENQ DATA PROJECTOR - BENQ PROJ-114258 | EPSON PROJECTOR - EPSON PROJ-114259 | XLR CABLE 15FT - XLR15-114260 | 
8887557,ANIM,@inside.fixture.edu,0,10/27/2025 10:46 AM,10/27/2025 6:30 PM,10/27/2025 12:57 PM,7860,4,Returned: LAPTOP SLEEVE CASE - LAPTOP SLEEVE-114261 | PANASONIC S5 II BATTERY CHARGER - PANA S5II CHRG-114262 | GODOX LED LIGHT PANEL - GODOX LED-114263 | XLR CABLE 25FT - XLR25-114264 | 
1730386,SPAC,@inside.fixture.edu,0,10/27/2025 12:37 PM,10/27/2025 6:30 PM,10/28/2025 8:06 AM,70140,2,Returned: NIKON Z6 III CAMERA CASE - NIKON Z6III CASE-114265 | USB KEYBOARD - USB KYBD-114266 | 
7490791,MDIA,@inside.fixture.edu,0,10/27/2025 2:19 PM,10/30/2025 6:30 PM,10/30/2025 8:50 AM,239460,7,Returned: HDMI CABLE 10FT - HDMI10-114267 | INSTA360 X4 CASE - INSTA X4 CASE-114268 | EXTENSION CORD 10FT - EXTCORD10-114269 | SANDISK 64GB SD CARD - SANDISK 64SD-114270 | MANFROTTO TRIPOD CASE - MANFRO CASE-114271 | RODE WIRELESS MIC - RODE WIRELESS-114272 | META QUEST CONTROLLER - MQUEST CTRL-114273 | 
7262974,STDA,@inside.fixture.edu,0,10/27/2025 4:40 PM,10/29/2025 6:30 PM,10/29/2025 4:04 PM,170640,3,Returned: GODOX LED LIGHT PANEL - GODOX LED-114274 | LOGITECH WEBCAM - LOGI WEBCAM-114275 | CARD READER - CARDRDR-114276 | 
5255545,DRAW,@inside.fixture.edu,0,10/28/2025 12:38 PM,10/28/2025 6:30 PM,10/29/2025 8:06 AM,70080,1,Returned: WACOM CINTIQ TABLET - WACOM CINTIQ-114277 | 
1272499,MDIA,@inside.fixture.edu,0,10/28/2025 1:12 PM,10/31/2025 6:30 PM,10/31/2025 1:08 PM,258960,2,Returned: FUJIFILM 18-55mm LENS - FUJI 1855 LENS-114278 | NIKON Z6 III CAMERA CASE - NIKON Z6III CASE-114279 | 
6991041,,@fixture.edu,2,10/28/2025 2:29 PM,11/06/2025 12:00 PM,11/06/2025 11:59 AM,768600,2,Returned: LOGITECH WIRELESS MOUSE - LOGI MOUSE-114280 | OLYMPUS 12-40mm LENS - OLY 1240 LENS-114281 | 
2133461,MDIA,@inside.fixture.edu,0,10/29/2025 1:19 PM,11/03/2025 6:30 PM,11/03/2025 5:00 PM,445260,5,Returned: SANDISK 64GB SD CARD - SANDISK 64SD-114282 | BENQ DATA PROJECTOR - BENQ PROJ-114283 | META QUEST HEADSET - MQUEST HS-114284 | CARD READER - CARDRDR-114285 | NIKON Z6 III BATTERY - NIKON Z6III BATT-114286 | 
6784825,ANIM,@inside.fixture.edu,0,10/29/2025 1:22 PM,10/30/2025 6:30 PM,10/30/2025 12:14 PM,82320,9,Returned: OLYMPUS 12-40mm LENS - OLY 1240 LENS-114287 | WACOM CINTIQ TABLET - WACOM CINTIQ-114288 | EXTENSION CORD 10FT - EXTCORD10-114289 | BENQ DATA PROJECTOR - BENQ PROJ-114290 | WACOM CINTIQ PEN - WACOM CINTIQ PEN-114291 | ZOOM H5 RECORDER CASE - ZOOM H5 CASE-114292 | NIKON Z6 III BATTERY - NIKON Z6III BATT-114293 | RODE WIRELESS MIC - RODE WIRELESS-114294 | MACBOOK AIR M3 CHARGER - MBA M3 CHRG-114295 | 
5045421,MDIA,@inside.fixture.edu,0,10/29/2025 2:13 PM,10/29/2025 6:30 PM,10/29/2025 3:27 PM,4440,2,Returned: GODOX LED LIGHT PANEL - GODOX LED-114296 | BENQ DATA PROJECTOR - BENQ PROJ-114297 | 
2739191,STDA,@inside.fixture.edu,0,10/29/2025 4:14 PM,10/31/2025 6:30 PM,10/30/2025 1:37 PM,76980,6,Returned: PANASONIC S5 II BATTERY CHARGER - PANA S5II CHRG-114298 | WACOM ONE TABLET - WACOM ONE-114299 | PANASONIC S5 II BATTERY CHARGER - PANA S5II CHRG-114300 | NIKON Z6 III MIRRORLESS BODY - NIKON Z6III-114301 | AUDIO-TECHNICA HEADPHONES - AT HEADPHONES-114302 | MACBOOK AIR M3 LAPTOP - MBA M3-114303 | 
6578736,INDD,@inside.fixture.edu,0,10/29/2025 4:52 PM,10/30/2025 6:30 PM,10/29/2025 7:03 PM,7860,1,Returned: SANDISK 64GB SD CARD - SANDISK 64SD-114304 | 
3238241,STDA,@inside.fixture.edu,1,10/30/2025 11:31 AM,11/13/2025 6:30 PM,11/03/2025 6:02 PM,369060,8,Returned: WACOM CINTIQ PEN - WACOM CINTIQ PEN-114305 | FUJIFILM X-T5 BATTERY - FUJI XT5 BATT-114306 | INSTA360 X4 BATTERY - INSTA X4 BATT-114307 | OLYMPUS OM-D E-M1 BODY - OLY EM1-114308 | NIKON Z6 III BATTERY CHARGER - NIKON Z6III CHRG-114309 | OLYMPUS 12-40mm LENS - OLY 1240 LENS-114310 | OLYMPUS 12-40mm LENS - OLY 1240 LENS-114311 | SANDISK 64GB SD CARD - SANDISK 64SD-114312 | 
1743829,MDIA,@inside.fixture.edu,0,10/30/2025 12:19 PM,11/03/2025 6:30 PM,11/03/2025 11:51 AM,343920,3,Returned: FUJIFILM 18-55mm LENS - FUJI 1855 LENS-114313 | GODOX POWER SUPPLY - GODOX PSU-114314 | EPSON PROJECTOR - EPSON PROJ-114315 | 
6910597,DRAW,@inside.fixture.edu,0,10/30/2025 12:54 PM,11/04/2025 6:30 PM,11/04/2025 4:57 PM,446580,2,Returned: MACBOOK AIR M3 LAPTOP - MBA M3-114316 | MACBOOK AIR M3 LAPTOP - MBA M3-114317 | 
6679880,MDIA,@inside.fixture.edu,0,10/30/2025 1:03 PM,10/31/2025 6:30 PM,10/31/2025 12:25 PM,84120,4,Returned: GODOX LIGHT STAND - GODOX STAND-114318 | NIKON Z6 III BATTERY CHARGER - NIKON Z6III CHRG-114319 | WACOM ONE TABLET - WACOM ONE-114320 | HDMI CABLE 10FT - HDMI10-114321 | 
3937508,STDA,@inside.fixture.edu,1,10/30/2025 1:13 PM,10/31/2025 6:30 PM,10/30/2025 1:52 PM,2340,10,Returned: FUJIFILM X-T5 BODY - FUJI XT5-114322 | FUJIFILM 18-55mm LENS - FUJI 1855 LENS-114323 | AUDIO-TECHNICA HEADPHONES - AT HEADPHONES-114324 | OLYMPUS OM-D E-M1 BODY - OLY EM1-114325 | PANASONIC S5 II BODY - PANA S5II-114326 | FUJIFILM 18-55mm LENS - FUJI 1855 LENS-114327 | EPSON PROJECTOR HDMI CABLE - EPSON PROJ HDMI-114328 | DELL XPS LAPTOP CHARGER - DELL XPS CHRG-114329 | EPSON PROJECTOR HDMI CABLE - EPSON PROJ HDMI-114330 | GODOX LIGHT STAND - GODOX STAND-114331 | 
8795078,STDA,@inside.fixture.edu,1,10/30/2025 5:19 PM,11/03/2025 6:30 PM,11/03/2025 5:42 PM,346980,2,Returned: META QUEST CONTROLLER - MQUEST CTRL-114332 | HDMI CABLE 10FT - HDMI10-114333 | 
9028420,DRAW,@inside.fixture.edu,0,10/31/2025 7:57 AM,10/31/2025 6:30 PM,10/31/2025 12:57 PM,18000,1,Returned: META QUEST CHARGING CABLE - MQUEST CABLE-114334 | 
4058117,DRAW,@inside.fixture.edu,0,10/31/2025 7:57 AM,10/31/2025 6:30 PM,10/31/2025 1:09 PM,18720,1,Returned: PANASONIC S5 II BATTERY CHARGER - PANA S5II CHRG-114335 | 
3262450,DRAW,@inside.fixture.edu,0,10/31/2025 7:57 AM,10/31/2025 6:30 PM,10/31/2025 1:09 PM,18720,1,Returned: HUION DRAWING TABLET - HUION TABLET-114336 | 
2058651,,@fixture.edu,0,10/31/2025 8:46 AM,10/31/2025 4:00 PM,10/31/2025 2:17 PM,19860,4,Returned: BENQ DATA PROJECTOR - BENQ PROJ-114337 | NIKON Z6 III BATTERY CHARGER - NIKON Z6III CHRG-114338 | WACOM CINTIQ TABLET - WACOM CINTIQ-114339 | DELL XPS LAPTOP - DELL XPS-114340 | 
8678589,,@fixture.edu,1,10/31/2025 4:33 PM,11/06/2025 6:30 PM,11/04/2025 4:57 PM,347040,1,Returned: ZOOM H5 RECORDER - ZOOM H5-114341 | 
1620485,MDIA,@inside.fixture.edu,0,10/31/2025 5:31 PM,11/04/2025 6:30 PM,11/04/2025 2:59 PM,336480,5,Returned: USB-C MULTIPORT HUB - USBC HUB-114342 | GODOX LIGHT STAND - GODOX STAND-114343 | MACBOOK AIR M3 LAPTOP - MBA M3-114344 | EQUIPMENT CRATE 12x12 - CRATE12-114345 | LOGITECH WEBCAM - LOGI WEBCAM-114346 | 
